"prefecture","canonical_name","normalized_identity","coverage_disposition","source_membership","source_original_names","source_urls","retrieval_dates","operating_evidence_status","operating_evidence_url","operating_evidence_as_of","feelzlike_urls","exceptions"
"Aichi","Aichi Quest – Kasugai","aichiquestkasugai","out_of_scope","japan-ski-resorts-558 | skiresort-japan-directory","Aichi Quest – Kasugai | Aichi Quest – Kasugai (dry slopes)","attached_assets/Japan_Ski_Resorts_558_1783900482697.xlsx | https://www.skiresort.com/en/ski-resort/aichi-quest-kasugai/","2026-07-13 | 2026-08-24","unresolved","","","",""
"Aichi","Chausuyama Kogen Ski Area","chausuyamakogentoyonemura","published_directly","japan-ski-resorts-558 | skiresort-japan-directory | wikipedia-japan-specific | wikipedia-worldwide-japan","Chausuyama Kogen – Toyone-mura | Chausuyama Kogen – Toyone-mura | Chausuyama Kōgen Ski Area | Chausuyama Kōgen Ski Area","attached_assets/Japan_Ski_Resorts_558_1783900482697.xlsx | https://www.skiresort.com/en/ski-resort/chausuyama-kogen-toyone-mura/ | https://en.wikipedia.org/wiki/List_of_ski_areas_and_resorts_in_Japan | https://en.wikipedia.org/wiki/List_of_ski_areas_and_resorts_in_Japan","2026-07-13 | 2026-08-24 | 2026-08-26 | 2026-08-26","verified_operating","https://chausuyama.jp/","2026-08-26","/gifu-aichi/mountain/chausuyama-kogen-ski-area",""
"Akita","Akinomiya – Ogachi","akinomiyaogachi","unresolved","japan-ski-resorts-558","Akinomiya – Ogachi","attached_assets/Japan_Ski_Resorts_558_1783900482697.xlsx","2026-07-13","unclear","","2026-08-26","",""
"Akita","Akita Hachimantai Ski Area","akitahachimantai","published_directly","japan-ski-resorts-558 | skiresort-japan-directory | wikipedia-japan-specific | wikipedia-worldwide-japan","Akita-Hachimantai | Akita-Hachimantai | Akita Hachimantai Ski Area | Akita Hachimantai Ski Area","attached_assets/Japan_Ski_Resorts_558_1783900482697.xlsx | https://www.skiresort.com/en/ski-resort/akita-hachimantai/ | https://en.wikipedia.org/wiki/List_of_ski_areas_and_resorts_in_Japan | https://en.wikipedia.org/wiki/List_of_ski_areas_and_resorts_in_Japan","2026-07-13 | 2026-08-24 | 2026-08-26 | 2026-08-26","verified_operating","https://www.akihachi.jp/","2026-08-26","/akita-regional/mountain/akita-hachimantai-ski-area",""
"Akita","Akita Prefecture Tazawako Ski Area","akitaprefecturetazawakoskiarea","unresolved","wikipedia-japan-specific | wikipedia-worldwide-japan","Akita Prefecture Tazawako Ski Area | Akita Prefecture Tazawako Ski Area","https://en.wikipedia.org/wiki/Lake_Tazawa | https://en.wikipedia.org/wiki/Lake_Tazawa","2026-08-26 | 2026-08-26","unresolved","","","",""
"Akita","Ani Ski Area","animtmoriyoshi","published_directly","japan-ski-resorts-558 | skiresort-japan-directory | wikipedia-japan-specific | wikipedia-worldwide-japan","Ani – Mt. Moriyoshi | Ani – Mt. Moriyoshi | Ani Ski Area | Ani Ski Area","attached_assets/Japan_Ski_Resorts_558_1783900482697.xlsx | https://www.skiresort.com/en/ski-resort/ani-mt-moriyoshi/ | https://en.wikipedia.org/wiki/List_of_ski_areas_and_resorts_in_Japan | https://en.wikipedia.org/wiki/List_of_ski_areas_and_resorts_in_Japan","2026-07-13 | 2026-08-24 | 2026-08-26 | 2026-08-26","verified_operating","https://www.aniski.jp/2026/01/14/post-507/","2026-08-26","/akita-regional/mountain/ani-ski-area",""
"Akita","Ani Ski Area","moriyoshiyamaani","merged_or_renamed","japan-ski-resorts-558","Moriyoshiyama Ani","attached_assets/Japan_Ski_Resorts_558_1783900482697.xlsx","2026-07-13","merged_into","https://www.city.kitaakita.akita.jp/archive/p20241204134703","2026-08-26","",""
"Akita","Chokai Kogen Yashima Ski Area","chokaikogenyashima","published_directly","japan-ski-resorts-558 | skiresort-japan-directory | wikipedia-japan-specific | wikipedia-worldwide-japan","Chokai Kogen Yashima | Chokai Kogen Yashima | Chōkai Kōgen Yashima Ski Area | Chōkai Kōgen Yashima Ski Area","attached_assets/Japan_Ski_Resorts_558_1783900482697.xlsx | https://www.skiresort.com/en/ski-resort/chokai-kogen-yashima/ | https://en.wikipedia.org/wiki/Mount_Chōkai | https://en.wikipedia.org/wiki/Mount_Chōkai","2026-07-13 | 2026-08-24 | 2026-08-26 | 2026-08-26","verified_operating","https://ski.city.yurihonjo.lg.jp/post-2154/","2026-08-26","/akita-regional/mountain/chokai-kogen-yashima-ski-area",""
"Akita","Chokai Okojoland","chokaiokojoland","unresolved","japan-ski-resorts-558 | skiresort-japan-directory","Chokai Okojoland | Chokai Okojoland (temporarily closed)","attached_assets/Japan_Ski_Resorts_558_1783900482697.xlsx | https://www.skiresort.com/en/ski-resort/chokai-okojoland/","2026-07-13 | 2026-08-24","unresolved","","","",""
"Akita","Fujisato Town Ski Area","fujisatochoei","closed","japan-ski-resorts-558 | skiresort-japan-directory | wikipedia-japan-specific | wikipedia-worldwide-japan","Fujisato Choei | Fujisato Choei | Fujisato Town Ski Area | Fujisato Town Ski Area","attached_assets/Japan_Ski_Resorts_558_1783900482697.xlsx | https://www.skiresort.com/en/ski-resort/fujisato-choei/ | https://en.wikipedia.org/wiki/List_of_ski_areas_and_resorts_in_Japan | https://en.wikipedia.org/wiki/List_of_ski_areas_and_resorts_in_Japan","2026-07-13 | 2026-08-24 | 2026-08-26 | 2026-08-26","closed","https://www.town.fujisato.akita.jp/kanko/notices/3201","2026-08-26","",""
"Akita","Gojome Koiji","gojomekoiji","unresolved","japan-ski-resorts-558","Gojome Koiji","attached_assets/Japan_Ski_Resorts_558_1783900482697.xlsx","2026-07-13","unclear","","2026-08-26","",""
"Akita","Gosannen Ski Area","gosannenskiarea","unresolved","wikipedia-japan-specific | wikipedia-worldwide-japan","Gosannen Ski Area | Gosannen Ski Area","https://en.wikipedia.org/wiki/List_of_ski_areas_and_resorts_in_Japan | https://en.wikipedia.org/wiki/List_of_ski_areas_and_resorts_in_Japan","2026-08-26 | 2026-08-26","unresolved","","","",""
"Akita","Hanawa Ski Area","hanawakazuno","published_directly","japan-ski-resorts-558 | skiresort-japan-directory | wikipedia-japan-specific | wikipedia-worldwide-japan","Hanawa – Kazuno | Hanawa – Kazuno | Hanawa Ski Area | Hanawa Ski Area","attached_assets/Japan_Ski_Resorts_558_1783900482697.xlsx | https://www.skiresort.com/en/ski-resort/hanawa-kazuno/ | https://en.wikipedia.org/wiki/List_of_ski_areas_and_resorts_in_Japan | https://en.wikipedia.org/wiki/List_of_ski_areas_and_resorts_in_Japan","2026-07-13 | 2026-08-24 | 2026-08-26 | 2026-08-26","verified_operating","https://aomorikokuspo2026.pref.aomori.lg.jp/wp/wp-content/uploads/2025/08/R8.1.13_%E3%80%8C%E4%BF%AE%E6%AD%A3%E7%89%88%E3%80%8D_%E7%AC%AC80%E5%9B%9E%E3%81%82%E3%81%8A%E3%82%82%E3%82%8A%E5%9B%BD%E3%82%B9%E3%83%9D%E8%A6%81%E9%A0%85%EF%BC%88%E5%AE%9F%E6%96%BD%E8%A6%81%E9%A0%85.pdf","2026-08-26","/akita-regional/mountain/hanawa-ski-area",""
"Akita","Jeunesse Kurikoma Ski Area","jeunessekurikoma","published_directly","japan-ski-resorts-558 | skiresort-japan-directory","Jeunesse Kurikoma | Jeunesse Kurikoma","attached_assets/Japan_Ski_Resorts_558_1783900482697.xlsx | https://www.skiresort.com/en/ski-resort/jeunesse-kurikoma/","2026-07-13 | 2026-08-24","verified_operating","http://www.jeunesse-ski.com/","2026-08-26","/akita-regional/mountain/jeunesse-kurikoma-ski-area",""
"Akita","Jeunesse Kurikoma Ski Slope","jeunessekurikomaskislope","unresolved","wikipedia-japan-specific | wikipedia-worldwide-japan","Jeunesse Kurikoma Ski Slope | Jeunesse Kurikoma Ski Slope","https://en.wikipedia.org/wiki/List_of_ski_areas_and_resorts_in_Japan | https://en.wikipedia.org/wiki/List_of_ski_areas_and_resorts_in_Japan","2026-08-26 | 2026-08-26","unresolved","","","",""
"Akita","Kyowa Ski Area","kyowa","published_directly","japan-ski-resorts-558 | skiresort-japan-directory | wikipedia-japan-specific | wikipedia-worldwide-japan","Kyowa | Kyowa | Kyōwa Ski Area | Kyōwa Ski Area","attached_assets/Japan_Ski_Resorts_558_1783900482697.xlsx | https://www.skiresort.com/en/ski-resort/kyowa/ | https://en.wikipedia.org/wiki/List_of_ski_areas_and_resorts_in_Japan | https://en.wikipedia.org/wiki/List_of_ski_areas_and_resorts_in_Japan","2026-07-13 | 2026-08-24 | 2026-08-26 | 2026-08-26","verified_operating","https://kyowasnow.net/ski/","2026-08-26","/akita-regional/mountain/kyowa-ski-area",""
"Akita","Moriyoshiyama Moriyoshi","moriyoshiyamamoriyoshi","unresolved","japan-ski-resorts-558","Moriyoshiyama Moriyoshi","attached_assets/Japan_Ski_Resorts_558_1783900482697.xlsx","2026-07-13","unclear","","2026-08-26","",""
"Akita","Ohdai Ski Area","ohdai","published_directly","japan-ski-resorts-558 | skiresort-japan-directory | wikipedia-japan-specific | wikipedia-worldwide-japan","Ohdai | Ohdai | Ohdai ski Resort | Ohdai ski Resort","attached_assets/Japan_Ski_Resorts_558_1783900482697.xlsx | https://www.skiresort.com/en/ski-resort/ohdai/ | https://en.wikipedia.org/wiki/List_of_ski_areas_and_resorts_in_Japan | https://en.wikipedia.org/wiki/List_of_ski_areas_and_resorts_in_Japan","2026-07-13 | 2026-08-24 | 2026-08-26 | 2026-08-26","verified_operating","https://ohdai.omagari-sc.com/","2026-08-26","/akita-regional/mountain/ohdai-ski-area",""
"Akita","Omagari","omagari","unresolved","japan-ski-resorts-558 | skiresort-japan-directory","Omagari | Omagari","attached_assets/Japan_Ski_Resorts_558_1783900482697.xlsx | https://www.skiresort.com/en/ski-resort/omagari/","2026-07-13 | 2026-08-24","unclear","","2026-08-26","",""
"Akita","Ōmagari Family Ski Area","omagarifamilyskiarea","unresolved","wikipedia-japan-specific | wikipedia-worldwide-japan","Ōmagari Family Ski Area | Ōmagari Family Ski Area","https://en.wikipedia.org/wiki/List_of_ski_areas_and_resorts_in_Japan | https://en.wikipedia.org/wiki/List_of_ski_areas_and_resorts_in_Japan","2026-08-26 | 2026-08-26","unresolved","","","",""
"Akita","Oyasu Onsen","oyasuonsen","unresolved","japan-ski-resorts-558 | skiresort-japan-directory","Oyasu Onsen | Oyasu Onsen","attached_assets/Japan_Ski_Resorts_558_1783900482697.xlsx | https://www.skiresort.com/en/ski-resort/oyasu-onsen/","2026-07-13 | 2026-08-24","unclear","","2026-08-26","",""
"Akita","Suishozan Ski Area","suishozankazuno","published_directly","japan-ski-resorts-558 | skiresort-japan-directory | wikipedia-japan-specific | wikipedia-worldwide-japan","Suishozan – Kazuno | Suishozan – Kazuno | Suishōzan Ski Area | Suishōzan Ski Area","attached_assets/Japan_Ski_Resorts_558_1783900482697.xlsx | https://www.skiresort.com/en/ski-resort/suishozan-kazuno/ | https://en.wikipedia.org/wiki/List_of_ski_areas_and_resorts_in_Japan | https://en.wikipedia.org/wiki/List_of_ski_areas_and_resorts_in_Japan","2026-07-13 | 2026-08-24 | 2026-08-26 | 2026-08-26","verified_operating","https://www.suisyozan-ski-area.com/","2026-08-26","/akita-regional/mountain/suishozan-ski-area",""
"Akita","Taiheizan Ski Area Opas","taiheizanopus","published_directly","japan-ski-resorts-558 | skiresort-japan-directory | wikipedia-japan-specific | wikipedia-worldwide-japan","Taiheizan Opus | Taiheizan Opus | Taiheizan Ski Area Opas | Taiheizan Ski Area Opas","attached_assets/Japan_Ski_Resorts_558_1783900482697.xlsx | https://www.skiresort.com/en/ski-resort/taiheizan-opus/ | https://en.wikipedia.org/wiki/List_of_ski_areas_and_resorts_in_Japan | https://en.wikipedia.org/wiki/List_of_ski_areas_and_resorts_in_Japan","2026-07-13 | 2026-08-24 | 2026-08-26 | 2026-08-26","verified_operating","http://www.theboon.net/opas/","2026-08-26","/akita-regional/mountain/taiheizan-ski-area-opas",""
"Akita","Tazawako Ski Resort","akitakentazawako","published_directly","japan-ski-resorts-558 | skiresort-japan-directory","Akitaken – Tazawako | Akitaken – Tazawako","attached_assets/Japan_Ski_Resorts_558_1783900482697.xlsx | https://www.skiresort.com/en/ski-resort/akitaken-tazawako/","2026-07-13 | 2026-08-24","verified_operating","https://www.tazawako-ski.com/post-5412/","2026-08-26","/akita-regional/mountain/tazawako-ski-resort",""
"Akita","Tengamori Ski Area","tengamori","published_directly","japan-ski-resorts-558 | skiresort-japan-directory | wikipedia-japan-specific | wikipedia-worldwide-japan","Tengamori | Tengamori | Tengamori Ski Area | Tengamori Ski Area","attached_assets/Japan_Ski_Resorts_558_1783900482697.xlsx | https://www.skiresort.com/en/ski-resort/tengamori/ | https://en.wikipedia.org/wiki/List_of_ski_areas_and_resorts_in_Japan | https://en.wikipedia.org/wiki/List_of_ski_areas_and_resorts_in_Japan","2026-07-13 | 2026-08-24 | 2026-08-26 | 2026-08-26","verified_operating","https://www.city.yokote.lg.jp/shisetsu/1001526/1002628.html","2026-08-26","/akita-regional/mountain/tengamori-ski-area",""
"Akita","Yokote Park","yokotepark","unresolved","japan-ski-resorts-558 | skiresort-japan-directory","Yokote Park | Yokote Park","attached_assets/Japan_Ski_Resorts_558_1783900482697.xlsx | https://www.skiresort.com/en/ski-resort/yokote-park/","2026-07-13 | 2026-08-24","unclear","","2026-08-26","",""
"Aomori","Ajigasawa Ōtakayama Ski Resort","ajigasawaotakayamaskiresort","unresolved","wikipedia-japan-specific | wikipedia-worldwide-japan","Ajigasawa Ōtakayama Ski Resort | Ajigasawa Ōtakayama Ski Resort","https://en.wikipedia.org/wiki/List_of_ski_areas_and_resorts_in_Japan | https://en.wikipedia.org/wiki/List_of_ski_areas_and_resorts_in_Japan","2026-08-26 | 2026-08-26","unresolved","","","",""
"Aomori","Aomori Spring Ski Resort","aomorispring","published_directly","japan-ski-resorts-558 | skiresort-japan-directory | wikipedia-japan-specific | wikipedia-worldwide-japan","Aomori Spring | Aomori Spring | Aomori Spring Ski Resort | Aomori Spring Ski Resort","attached_assets/Japan_Ski_Resorts_558_1783900482697.xlsx | https://www.skiresort.com/en/ski-resort/aomori-spring/ | https://en.wikipedia.org/wiki/List_of_ski_areas_and_resorts_in_Japan | https://en.wikipedia.org/wiki/List_of_ski_areas_and_resorts_in_Japan","2026-07-13 | 2026-08-24 | 2026-08-26 | 2026-08-26","verified_operating","https://aomorispring.com/ski/lift-course-status","2026-08-26","/hakkoda-aomori-spring/mountain/aomori-spring",""
"Aomori","Hakkoda Kokusai Ski Area","hakkoda","covered_by_multiple_pages","japan-ski-resorts-558 | skiresort-japan-directory | wikipedia-japan-specific | wikipedia-worldwide-japan","Hakkoda | Hakkoda | Hakkōda Ski Area | Hakkōda Ski Area","attached_assets/Japan_Ski_Resorts_558_1783900482697.xlsx | https://www.skiresort.com/en/ski-resort/hakkoda/ | https://en.wikipedia.org/wiki/List_of_ski_areas_and_resorts_in_Japan | https://en.wikipedia.org/wiki/List_of_ski_areas_and_resorts_in_Japan","2026-07-13 | 2026-08-24 | 2026-08-26 | 2026-08-26","verified_operating","https://www.hakkouda-p.com/cn21/pg110.html","2026-08-26","/hakkoda-aomori-spring/mountain/hakkoda | /hakkoda-aomori-spring/mountain/hakkoda-kokusai-ski-area","Legacy duplicate public routes for the same resort are preserved because existing public URLs must remain unchanged."
"Aomori","Imabetsu Ski Area","imabetsuskiarea","unresolved","wikipedia-japan-specific | wikipedia-worldwide-japan","Imabetsu Ski Area | Imabetsu Ski Area","https://en.wikipedia.org/wiki/List_of_ski_areas_and_resorts_in_Japan | https://en.wikipedia.org/wiki/List_of_ski_areas_and_resorts_in_Japan","2026-08-26 | 2026-08-26","unresolved","","","",""
"Aomori","Iwakisan Hyakuzawa Ski Area","iwakisanhyakuzawa","published_directly","japan-ski-resorts-558 | skiresort-japan-directory","Iwakisan Hyakuzawa | Iwakisan Hyakuzawa","attached_assets/Japan_Ski_Resorts_558_1783900482697.xlsx | https://www.skiresort.com/en/ski-resort/iwakisan-hyakuzawa/","2026-07-13 | 2026-08-24","verified_operating","https://www.hyakuzawa-ski.com/","2026-08-26","/aomori-regional/mountain/iwakisan-hyakuzawa-ski-area",""
"Aomori","Iwakiyama","iwakiyama","unresolved","japan-ski-resorts-558 | skiresort-japan-directory","Iwakiyama | Iwakiyama","attached_assets/Japan_Ski_Resorts_558_1783900482697.xlsx | https://www.skiresort.com/en/ski-resort/iwakiyama/","2026-07-13 | 2026-08-24","unclear","","2026-08-26","",""
"Aomori","Iwakiyama Hyakuzawa Ski Area","iwakiyamahyakuzawaskiarea","unresolved","wikipedia-japan-specific | wikipedia-worldwide-japan","Iwakiyama Hyakuzawa Ski Area | Iwakiyama Hyakuzawa Ski Area","https://en.wikipedia.org/wiki/List_of_ski_areas_and_resorts_in_Japan | https://en.wikipedia.org/wiki/List_of_ski_areas_and_resorts_in_Japan","2026-08-26 | 2026-08-26","unresolved","","","",""
"Aomori","Iwakiyama Skyline Ski Area","iwakiyamaskylineskiarea","unresolved","wikipedia-japan-specific | wikipedia-worldwide-japan","Iwakiyama Skyline Ski Area | Iwakiyama Skyline Ski Area","https://en.wikipedia.org/wiki/List_of_ski_areas_and_resorts_in_Japan | https://en.wikipedia.org/wiki/List_of_ski_areas_and_resorts_in_Japan","2026-08-26 | 2026-08-26","unresolved","","","",""
"Aomori","Kamafuseyama Ski Area","mutsushikamafuseyama","published_directly","japan-ski-resorts-558 | skiresort-japan-directory | wikipedia-japan-specific | wikipedia-worldwide-japan","Mutsushi Kamafuseyama | Mutsushi Kamafuseyama | Kamafuseyama Ski Area | Kamafuseyama Ski Area","attached_assets/Japan_Ski_Resorts_558_1783900482697.xlsx | https://www.skiresort.com/en/ski-resort/mutsushi-kamafuseyama/ | https://en.wikipedia.org/wiki/List_of_ski_areas_and_resorts_in_Japan | https://en.wikipedia.org/wiki/List_of_ski_areas_and_resorts_in_Japan","2026-07-13 | 2026-08-24 | 2026-08-26 | 2026-08-26","verified_operating","https://kamafuse-ski.mutsu-taikyo.jp/","2026-08-26","/aomori-regional/mountain/kamafuseyama-ski-area",""
"Aomori","Link Station Hills Moya","moyahills","published_directly","japan-ski-resorts-558 | skiresort-japan-directory | wikipedia-japan-specific | wikipedia-worldwide-japan","Moya Hills | Moya Hills | Moya Hills | Moya Hills","attached_assets/Japan_Ski_Resorts_558_1783900482697.xlsx | https://www.skiresort.com/en/ski-resort/moya-hills/ | https://en.wikipedia.org/wiki/List_of_ski_areas_and_resorts_in_Japan | https://en.wikipedia.org/wiki/List_of_ski_areas_and_resorts_in_Japan","2026-07-13 | 2026-08-24 | 2026-08-26 | 2026-08-26","verified_operating","http://moyahills.jp/winter/winter.html","2026-08-26","/aomori-regional/mountain/link-station-hills-moya",""
"Aomori","Makado Onsen","makadoonsen","unresolved","japan-ski-resorts-558 | skiresort-japan-directory | wikipedia-japan-specific | wikipedia-worldwide-japan","Makado Onsen | Makado Onsen (temporarily closed) | Makado Onsen Ski Area | Makado Onsen Ski Area","attached_assets/Japan_Ski_Resorts_558_1783900482697.xlsx | https://www.skiresort.com/en/ski-resort/makado-onsen/ | https://en.wikipedia.org/wiki/List_of_ski_areas_and_resorts_in_Japan | https://en.wikipedia.org/wiki/List_of_ski_areas_and_resorts_in_Japan","2026-07-13 | 2026-08-24 | 2026-08-26 | 2026-08-26","unresolved","","","",""
"Aomori","Oirase Keiryu Onsen Ski Area","oirasekeiryuonsen","published_directly","japan-ski-resorts-558 | skiresort-japan-directory","Oirase Keiryu Onsen | Oirase Keiryu Onsen","attached_assets/Japan_Ski_Resorts_558_1783900482697.xlsx | https://www.skiresort.com/en/ski-resort/oirase-keiryu-onsen/","2026-07-13 | 2026-08-24","verified_operating","https://oirase.or.jp/ski/ski.htm","2026-08-26","/aomori-regional/mountain/oirase-keiryu-onsen-ski-area",""
"Aomori","Owani Onsen Ski Area","owanionsen","published_directly","japan-ski-resorts-558 | skiresort-japan-directory | wikipedia-japan-specific | wikipedia-worldwide-japan","Owani Onsen | Owani Onsen | Ōwani Onsen Ski Area | Ōwani Onsen Ski Area","attached_assets/Japan_Ski_Resorts_558_1783900482697.xlsx | https://www.skiresort.com/en/ski-resort/owani-onsen/ | https://en.wikipedia.org/wiki/List_of_ski_areas_and_resorts_in_Japan | https://en.wikipedia.org/wiki/List_of_ski_areas_and_resorts_in_Japan","2026-07-13 | 2026-08-24 | 2026-08-26 | 2026-08-26","verified_operating","https://www.owani-ski.com/news2_list/","2026-08-26","/aomori-regional/mountain/owani-onsen-ski-area",""
"Aomori","Shichinohe Town Ski Area","shichinohechoei","published_directly","japan-ski-resorts-558 | skiresort-japan-directory | wikipedia-japan-specific | wikipedia-worldwide-japan","Shichinohechoei | Shichinohechoei | Shichinohe Town Ski Area | Shichinohe Town Ski Area","attached_assets/Japan_Ski_Resorts_558_1783900482697.xlsx | https://www.skiresort.com/en/ski-resort/shichinohechoei/ | https://en.wikipedia.org/wiki/Shichinohe,_Aomori | https://en.wikipedia.org/wiki/Shichinohe,_Aomori","2026-07-13 | 2026-08-24 | 2026-08-26 | 2026-08-26","verified_operating","https://www.shichinohe-kankou.jp/category/ski-news/ski-news_572.html","2026-08-26","/aomori-regional/mountain/shichinohe-town-ski-area",""
"Aomori","Soma Romantopia","somaromantopia","unresolved","japan-ski-resorts-558 | skiresort-japan-directory | wikipedia-japan-specific | wikipedia-worldwide-japan","Soma Romantopia | Soma Romantopia | Sōma Romantopia Ski Area | Sōma Romantopia Ski Area","attached_assets/Japan_Ski_Resorts_558_1783900482697.xlsx | https://www.skiresort.com/en/ski-resort/soma-romantopia/ | https://en.wikipedia.org/wiki/List_of_ski_areas_and_resorts_in_Japan | https://en.wikipedia.org/wiki/List_of_ski_areas_and_resorts_in_Japan","2026-07-13 | 2026-08-24 | 2026-08-26 | 2026-08-26","unclear","","2026-08-26","",""
"Aomori","Soyumura 229 Ski Land","soyumuraskiland","unresolved","japan-ski-resorts-558 | skiresort-japan-directory","Soyumura Skiland | Soyumura Skiland","attached_assets/Japan_Ski_Resorts_558_1783900482697.xlsx | https://www.skiresort.com/en/ski-resort/soyumura-skiland/","2026-07-13 | 2026-08-24","verified_operating","https://www.town.takko.lg.jp/index.cfm/11,0,37,164,html","2026-08-26","",""
"Aomori","Takko 229 Ski Land","takko229skiland","unresolved","wikipedia-japan-specific | wikipedia-worldwide-japan","Takko 229 Ski Land | Takko 229 Ski Land","https://en.wikipedia.org/wiki/List_of_ski_areas_and_resorts_in_Japan | https://en.wikipedia.org/wiki/List_of_ski_areas_and_resorts_in_Japan","2026-08-26 | 2026-08-26","unresolved","","","",""
"Aomori","Tohoh","tohoh","unresolved","japan-ski-resorts-558 | skiresort-japan-directory","Tohoh | Tohoh","attached_assets/Japan_Ski_Resorts_558_1783900482697.xlsx | https://www.skiresort.com/en/ski-resort/tohoh/","2026-07-13 | 2026-08-24","unclear","","2026-08-26","",""
"Aomori","Tōō Ski Area","tooskiarea","unresolved","wikipedia-japan-specific | wikipedia-worldwide-japan","Tōō Ski Area | Tōō Ski Area","https://en.wikipedia.org/wiki/List_of_ski_areas_and_resorts_in_Japan | https://en.wikipedia.org/wiki/List_of_ski_areas_and_resorts_in_Japan","2026-08-26 | 2026-08-26","unresolved","","","",""
"Aomori","Towadako Onsen Ski Area","towadakoonsenskiarea","unresolved","wikipedia-japan-specific | wikipedia-worldwide-japan","Towadako Onsen Ski Area | Towadako Onsen Ski Area","https://en.wikipedia.org/wiki/Lake_Towada | https://en.wikipedia.org/wiki/Lake_Towada","2026-08-26 | 2026-08-26","unresolved","","","",""
"Aomori","Yagoshiyama Skiing Area","yagoshiyamaskiingarea","unresolved","wikipedia-japan-specific | wikipedia-worldwide-japan","Yagoshiyama Skiing Area | Yagoshiyama Skiing Area","https://en.wikipedia.org/wiki/List_of_ski_areas_and_resorts_in_Japan | https://en.wikipedia.org/wiki/List_of_ski_areas_and_resorts_in_Japan","2026-08-26 | 2026-08-26","unresolved","","","",""
"Aomori","Yogoshiyama Ski Area","yogoshiyama","published_directly","japan-ski-resorts-558 | skiresort-japan-directory","Yogoshiyama | Yogoshiyama","attached_assets/Japan_Ski_Resorts_558_1783900482697.xlsx | https://www.skiresort.com/en/ski-resort/yogoshiyama/","2026-07-13 | 2026-08-24","verified_operating","https://start-yogoshiyama.purea-web.net/ski.html","2026-08-26","/aomori-regional/mountain/yogoshiyama-ski-area",""
"Chiba","Snova Kashi","snovakashi","out_of_scope","japan-ski-resorts-558 | skiresort-japan-directory","Snova Kashi | Snova Kashi (indoor ski area)","attached_assets/Japan_Ski_Resorts_558_1783900482697.xlsx | https://www.skiresort.com/en/ski-resort/snova-kashi/","2026-07-13 | 2026-08-24","unresolved","","","",""
"Ehime","Across Shigenobu","acrossshigenobu","out_of_scope","japan-ski-resorts-558 | wikipedia-japan-specific | wikipedia-worldwide-japan","Across Shigenobu | Across Shigenobu (Indoor) | Across Shigenobu (Indoor)","attached_assets/Japan_Ski_Resorts_558_1783900482697.xlsx | https://en.wikipedia.org/wiki/List_of_ski_areas_and_resorts_in_Japan | https://en.wikipedia.org/wiki/List_of_ski_areas_and_resorts_in_Japan","2026-07-13 | 2026-08-26 | 2026-08-26","unresolved","","","",""
"Ehime","Ishizuchi Ski Area","ishizuchi","published_directly","japan-ski-resorts-558 | skiresort-japan-directory | wikipedia-japan-specific | wikipedia-worldwide-japan","Ishizuchi | Ishizuchi | Ishizuchi Ski Area | Ishizuchi Ski Area","attached_assets/Japan_Ski_Resorts_558_1783900482697.xlsx | https://www.skiresort.com/en/ski-resort/ishizuchi/ | https://en.wikipedia.org/wiki/Mount_Ishizuchi | https://en.wikipedia.org/wiki/Mount_Ishizuchi","2026-07-13 | 2026-08-24 | 2026-08-26 | 2026-08-26","verified_operating","https://www.ishizuchi.com/ski/snow/9620.html","2026-08-26","/shikoku-kyushu-ski-areas/mountain/ishizuchi-ski-area",""
"Ehime","Kuma Ski Land","kumaskiland","published_directly","japan-ski-resorts-558 | skiresort-japan-directory | wikipedia-japan-specific | wikipedia-worldwide-japan","Kuma Ski Land | Kuma Ski Land | Kuma Ski Land | Kuma Ski Land","attached_assets/Japan_Ski_Resorts_558_1783900482697.xlsx | https://www.skiresort.com/en/ski-resort/kuma-ski-land/ | https://en.wikipedia.org/wiki/List_of_ski_areas_and_resorts_in_Japan | https://en.wikipedia.org/wiki/List_of_ski_areas_and_resorts_in_Japan","2026-07-13 | 2026-08-24 | 2026-08-26 | 2026-08-26","verified_operating","https://kumax.co.jp/","2026-08-26","/shikoku-kyushu-ski-areas/mountain/kuma-ski-land",""
"Ehime","Mikawa Ski Area","mikawaskiarea","unresolved","wikipedia-japan-specific | wikipedia-worldwide-japan","Mikawa Ski Area | Mikawa Ski Area","https://en.wikipedia.org/wiki/List_of_ski_areas_and_resorts_in_Japan | https://en.wikipedia.org/wiki/List_of_ski_areas_and_resorts_in_Japan","2026-08-26 | 2026-08-26","unresolved","","","",""
"Ehime","Salega Land Plana","salegalandplana","unresolved","wikipedia-japan-specific | wikipedia-worldwide-japan","Salega Land Plana | Salega Land Plana","https://en.wikipedia.org/wiki/List_of_ski_areas_and_resorts_in_Japan | https://en.wikipedia.org/wiki/List_of_ski_areas_and_resorts_in_Japan","2026-08-26 | 2026-08-26","unresolved","","","",""
"Ehime","SOL-FA Oda Ski Gelande","solfaoda","published_directly","japan-ski-resorts-558 | skiresort-japan-directory | wikipedia-japan-specific | wikipedia-worldwide-japan","Solfa Oda | Solfa Oda | Sol-Fa Oda Ski Gelände | Sol-Fa Oda Ski Gelände","attached_assets/Japan_Ski_Resorts_558_1783900482697.xlsx | https://www.skiresort.com/en/ski-resort/solfa-oda/ | https://en.wikipedia.org/wiki/List_of_ski_areas_and_resorts_in_Japan | https://en.wikipedia.org/wiki/List_of_ski_areas_and_resorts_in_Japan","2026-07-13 | 2026-08-24 | 2026-08-26 | 2026-08-26","verified_operating","https://www.we-love-uchiko.jp/2026/01/12/2180/","2026-08-26","/shikoku-kyushu-ski-areas/mountain/sol-fa-oda-ski-gelande",""
"Fukui","Fukui Izumi Ski Resort","fukuiizumi","unresolved","japan-ski-resorts-558 | skiresort-japan-directory | wikipedia-japan-specific | wikipedia-worldwide-japan","Fukui Izumi | Fukui Izumi | Fukui Izumi Ski Area | Fukui Izumi Ski Area","attached_assets/Japan_Ski_Resorts_558_1783900482697.xlsx | https://www.skiresort.com/en/ski-resort/fukui-izumi/ | https://en.wikipedia.org/wiki/List_of_ski_areas_and_resorts_in_Japan | https://en.wikipedia.org/wiki/List_of_ski_areas_and_resorts_in_Japan","2026-07-13 | 2026-08-24 | 2026-08-26 | 2026-08-26","unclear","https://www.japan47go.travel/en/detail/13831721-0626-4654-a59d-70ebc5472133","2026-08-26","",""
"Fukui","Imajō 365","imajo365","unresolved","wikipedia-japan-specific | wikipedia-worldwide-japan","Imajō 365 | Imajō 365","https://en.wikipedia.org/wiki/List_of_ski_areas_and_resorts_in_Japan | https://en.wikipedia.org/wiki/List_of_ski_areas_and_resorts_in_Japan","2026-08-26 | 2026-08-26","unresolved","","","",""
"Fukui","Imajyo 365","imajyo365","unresolved","japan-ski-resorts-558 | skiresort-japan-directory","Imajyo 365 | Imajyo 365 (temporarily closed)","attached_assets/Japan_Ski_Resorts_558_1783900482697.xlsx | https://www.skiresort.com/en/ski-resort/imajyo-365/","2026-07-13 | 2026-08-24","unresolved","","","",""
"Fukui","JAM Fukui Katsuyama Mountain Resort","jamkatsuyama","unresolved","japan-ski-resorts-558 | skiresort-japan-directory | wikipedia-japan-specific | wikipedia-worldwide-japan","Jam Katsuyama | Jam Katsuyama | Ski Jam Katsuyama | Ski Jam Katsuyama","attached_assets/Japan_Ski_Resorts_558_1783900482697.xlsx | https://www.skiresort.com/en/ski-resort/jam-katsuyama/ | https://en.wikipedia.org/wiki/List_of_ski_areas_and_resorts_in_Japan | https://en.wikipedia.org/wiki/List_of_ski_areas_and_resorts_in_Japan","2026-07-13 | 2026-08-24 | 2026-08-26 | 2026-08-26","unclear","https://www.japan47go.travel/en/detail/8ca355f7-05d9-4459-88cc-7e8ed7db86e6","2026-08-26","",""
"Fukui","Kadohara Ski Area","kadoharaskiarea","unresolved","wikipedia-japan-specific | wikipedia-worldwide-japan","Kadohara Ski Area | Kadohara Ski Area","https://en.wikipedia.org/wiki/List_of_ski_areas_and_resorts_in_Japan | https://en.wikipedia.org/wiki/List_of_ski_areas_and_resorts_in_Japan","2026-08-26 | 2026-08-26","unresolved","","","",""
"Fukui","Karigahara Ski Area","karigaharaskiarea","unresolved","wikipedia-japan-specific | wikipedia-worldwide-japan","Karigahara Ski Area | Karigahara Ski Area","https://en.wikipedia.org/wiki/List_of_ski_areas_and_resorts_in_Japan | https://en.wikipedia.org/wiki/List_of_ski_areas_and_resorts_in_Japan","2026-08-26 | 2026-08-26","unresolved","","","",""
"Fukui","Kuzuryu Ski Resort","kuzuryu","unresolved","japan-ski-resorts-558 | skiresort-japan-directory | wikipedia-japan-specific | wikipedia-worldwide-japan","Kuzuryu | Kuzuryu | Kuzuryū Ski Area | Kuzuryū Ski Area","attached_assets/Japan_Ski_Resorts_558_1783900482697.xlsx | https://www.skiresort.com/en/ski-resort/kuzuryu/ | https://en.wikipedia.org/wiki/List_of_ski_areas_and_resorts_in_Japan | https://en.wikipedia.org/wiki/List_of_ski_areas_and_resorts_in_Japan","2026-07-13 | 2026-08-24 | 2026-08-26 | 2026-08-26","unclear","https://www.fuku-e.com/en/attractions/detail_1297.html","2026-08-26","",""
"Fukui","Moriyama Kogen","moriyamakogen","unresolved","japan-ski-resorts-558","Moriyama Kogen","attached_assets/Japan_Ski_Resorts_558_1783900482697.xlsx","2026-07-13","unclear","","2026-08-26","",""
"Fukui","Rokuroshi Kogen","rokuroshikogen","unresolved","japan-ski-resorts-558 | skiresort-japan-directory | wikipedia-japan-specific | wikipedia-worldwide-japan","Rokuroshi Kogen | Rokuroshi Kogen (temporarily closed) | Rokuroshi Kōgen Ski Area | Rokuroshi Kōgen Ski Area","attached_assets/Japan_Ski_Resorts_558_1783900482697.xlsx | https://www.skiresort.com/en/ski-resort/rokuroshi-kogen/ | https://en.wikipedia.org/wiki/List_of_ski_areas_and_resorts_in_Japan | https://en.wikipedia.org/wiki/List_of_ski_areas_and_resorts_in_Japan","2026-07-13 | 2026-08-24 | 2026-08-26 | 2026-08-26","unresolved","","","",""
"Fukui","Shinbo Family Ski Resort","shinbo","unresolved","japan-ski-resorts-558 | skiresort-japan-directory","Shinbo | Shinbo","attached_assets/Japan_Ski_Resorts_558_1783900482697.xlsx | https://www.skiresort.com/en/ski-resort/shinbo/","2026-07-13 | 2026-08-24","unclear","https://www.japan47go.travel/en/detail/5fbdf372-7bb0-4538-880f-e07148934fa0","2026-08-26","",""
"Fukuoka","Bigair Fukuoka","bigairfukuoka","out_of_scope","japan-ski-resorts-558 | skiresort-japan-directory | wikipedia-japan-specific | wikipedia-worldwide-japan","Bigair Fukuoka | Bigair Fukuoka (indoor ski area) | Big Air Fukuoka (Indoor) | Big Air Fukuoka (Indoor)","attached_assets/Japan_Ski_Resorts_558_1783900482697.xlsx | https://www.skiresort.com/en/ski-resort/bigair-fukuoka/ | https://en.wikipedia.org/wiki/List_of_ski_areas_and_resorts_in_Japan | https://en.wikipedia.org/wiki/List_of_ski_areas_and_resorts_in_Japan","2026-07-13 | 2026-08-24 | 2026-08-26 | 2026-08-26","unresolved","","","",""
"Fukushima","Adatara Kogen Resort","adatarakogenresort","closed","japan-ski-resorts-558 | skiresort-japan-directory | wikipedia-japan-specific | wikipedia-worldwide-japan","Adatara Kogen Resort | Adatara Kogen Resort | Adatara Kōgen Ski Resort | Adatara Kōgen Ski Resort","attached_assets/Japan_Ski_Resorts_558_1783900482697.xlsx | https://www.skiresort.com/en/ski-resort/adatara-kogen-resort/ | https://en.wikipedia.org/wiki/List_of_ski_areas_and_resorts_in_Japan | https://en.wikipedia.org/wiki/List_of_ski_areas_and_resorts_in_Japan","2026-07-13 | 2026-08-24 | 2026-08-26 | 2026-08-26","closed","https://www.adatara-resort.com/ski/","2026-08-26","",""
"Fukushima","Aizu Bange Choei","aizubangechoei","unresolved","japan-ski-resorts-558 | skiresort-japan-directory","Aizu Bange Choei | Aizu Bange Choei","attached_assets/Japan_Ski_Resorts_558_1783900482697.xlsx | https://www.skiresort.com/en/ski-resort/aizu-bange-choei/","2026-07-13 | 2026-08-24","unclear","","2026-08-26","",""
"Fukushima","Aizu Kogen Daikura Ski Resort","aizukogendaikurayama","published_directly","japan-ski-resorts-558 | skiresort-japan-directory | wikipedia-japan-specific | wikipedia-worldwide-japan","Aizu Kogen Daikurayama | Aizu Kogen Daikurayama | Aizu Kōgen Daikura Ski Area | Aizu Kōgen Daikura Ski Area","attached_assets/Japan_Ski_Resorts_558_1783900482697.xlsx | https://www.skiresort.com/en/ski-resort/aizu-kogen-daikurayama/ | https://en.wikipedia.org/wiki/List_of_ski_areas_and_resorts_in_Japan | https://en.wikipedia.org/wiki/List_of_ski_areas_and_resorts_in_Japan","2026-07-13 | 2026-08-24 | 2026-08-26 | 2026-08-26","verified_operating","https://daikura.net/","2026-08-26","/bandai/mountain/aizu-kogen-daikura-ski-resort",""
"Fukushima","Aizu Kogen Nango Ski Resort","aizukogennango","published_directly","japan-ski-resorts-558 | skiresort-japan-directory | wikipedia-japan-specific | wikipedia-worldwide-japan","Aizu Kogen Nango | Aizu Kogen Nango | Aizu Kōgen Nangō Ski Area | Aizu Kōgen Nangō Ski Area","attached_assets/Japan_Ski_Resorts_558_1783900482697.xlsx | https://www.skiresort.com/en/ski-resort/aizu-kogen-nango/ | https://en.wikipedia.org/wiki/List_of_ski_areas_and_resorts_in_Japan | https://en.wikipedia.org/wiki/List_of_ski_areas_and_resorts_in_Japan","2026-07-13 | 2026-08-24 | 2026-08-26 | 2026-08-26","verified_operating","https://www.nango-ski.com/","2026-08-26","/bandai/mountain/aizu-kogen-nango-ski-resort",""
"Fukushima","Aizu Kogen Takahata Ski Resort","aizukogentakahata","published_directly","japan-ski-resorts-558 | skiresort-japan-directory | wikipedia-japan-specific | wikipedia-worldwide-japan","Aizu Kogen Takahata | Aizu Kogen Takahata | Aizu Kōgen Takahata Ski Area | Aizu Kōgen Takahata Ski Area","attached_assets/Japan_Ski_Resorts_558_1783900482697.xlsx | https://www.skiresort.com/en/ski-resort/aizu-kogen-takahata/ | https://en.wikipedia.org/wiki/List_of_ski_areas_and_resorts_in_Japan | https://en.wikipedia.org/wiki/List_of_ski_areas_and_resorts_in_Japan","2026-07-13 | 2026-08-24 | 2026-08-26 | 2026-08-26","verified_operating","https://www.takahata-ski.net/","2026-08-26","/bandai/mountain/aizu-kogen-takahata-ski-resort",""
"Fukushima","Aizu Kogen Takatsue Ski Resort","aizukogentakatsue","published_directly","japan-ski-resorts-558 | skiresort-japan-directory | wikipedia-japan-specific | wikipedia-worldwide-japan","Aizu Kogen Takatsue | Aizu Kogen Takatsue | Aizu Kōgen Takatsue Ski Area | Aizu Kōgen Takatsue Ski Area","attached_assets/Japan_Ski_Resorts_558_1783900482697.xlsx | https://www.skiresort.com/en/ski-resort/aizu-kogen-takatsue/ | https://en.wikipedia.org/wiki/List_of_ski_areas_and_resorts_in_Japan | https://en.wikipedia.org/wiki/List_of_ski_areas_and_resorts_in_Japan","2026-07-13 | 2026-08-24 | 2026-08-26 | 2026-08-26","verified_operating","https://www.takatsue.jp/","2026-08-26","/bandai/mountain/aizu-kogen-takatsue-ski-resort",""
"Fukushima","Aizubange Town Ski Area","aizubangetownskiarea","unresolved","wikipedia-japan-specific | wikipedia-worldwide-japan","Aizubange Town Ski Area | Aizubange Town Ski Area","https://en.wikipedia.org/wiki/List_of_ski_areas_and_resorts_in_Japan | https://en.wikipedia.org/wiki/List_of_ski_areas_and_resorts_in_Japan","2026-08-26 | 2026-08-26","unresolved","","","",""
"Fukushima","Alts Bandai","altsbandai","merged_or_renamed","japan-ski-resorts-558 | skiresort-japan-directory","Alts Bandai | Alts Bandai","attached_assets/Japan_Ski_Resorts_558_1783900482697.xlsx | https://www.skiresort.com/en/ski-resort/alts-bandai/","2026-07-13 | 2026-08-24","merged_into","https://www.nekoma.co.jp/","2026-08-26","",""
"Fukushima","Alts Snow Park & Resort","altssnowparkresort","unresolved","wikipedia-japan-specific | wikipedia-worldwide-japan","Alts Snow Park & Resort | Alts Snow Park & Resort","https://en.wikipedia.org/wiki/List_of_ski_areas_and_resorts_in_Japan | https://en.wikipedia.org/wiki/List_of_ski_areas_and_resorts_in_Japan","2026-08-26 | 2026-08-26","unresolved","","","",""
"Fukushima","Azuma Ski Area","azumaskiarea","unresolved","wikipedia-japan-specific | wikipedia-worldwide-japan","Azuma Ski Area | Azuma Ski Area","https://en.wikipedia.org/wiki/List_of_ski_areas_and_resorts_in_Japan | https://en.wikipedia.org/wiki/List_of_ski_areas_and_resorts_in_Japan","2026-08-26 | 2026-08-26","unresolved","","","",""
"Fukushima","Bandai Kokusai Ski Area","bandaikokusaiskiarea","unresolved","wikipedia-japan-specific | wikipedia-worldwide-japan","Bandai Kokusai Ski Area | Bandai Kokusai Ski Area","https://en.wikipedia.org/wiki/List_of_ski_areas_and_resorts_in_Japan | https://en.wikipedia.org/wiki/List_of_ski_areas_and_resorts_in_Japan","2026-08-26 | 2026-08-26","unresolved","","","",""
"Fukushima","EN RESORT Grandeco Snow Resort","grandecosnowresort","published_directly","japan-ski-resorts-558 | skiresort-japan-directory | wikipedia-japan-specific | wikipedia-worldwide-japan","Grandeco Snow Resort | Grandeco Snow Resort | Gran Deco Snow Resort | Gran Deco Snow Resort","attached_assets/Japan_Ski_Resorts_558_1783900482697.xlsx | https://www.skiresort.com/en/ski-resort/grandeco-snow-resort/ | https://en.wikipedia.org/wiki/List_of_ski_areas_and_resorts_in_Japan | https://en.wikipedia.org/wiki/List_of_ski_areas_and_resorts_in_Japan","2026-07-13 | 2026-08-24 | 2026-08-26 | 2026-08-26","verified_operating","https://resort.en-hotel.com/grandeco/snow/ja/","2026-08-26","/bandai/mountain/grandeco",""
"Fukushima","Fairy Land Kaneyama Ski Resort","kaneyama","published_directly","japan-ski-resorts-558 | skiresort-japan-directory | wikipedia-japan-specific | wikipedia-worldwide-japan","Kaneyama | Kaneyama | Fairy Land Kaneyama Ski Area | Fairy Land Kaneyama Ski Area","attached_assets/Japan_Ski_Resorts_558_1783900482697.xlsx | https://www.skiresort.com/en/ski-resort/kaneyama/ | https://en.wikipedia.org/wiki/List_of_ski_areas_and_resorts_in_Japan | https://en.wikipedia.org/wiki/List_of_ski_areas_and_resorts_in_Japan","2026-07-13 | 2026-08-24 | 2026-08-26 | 2026-08-26","verified_operating","https://www.town.kaneyama.fukushima.jp/site/kanko/1222skiii.html","2026-08-26","/bandai/mountain/fairy-land-kaneyama-ski-resort",""
"Fukushima","Grand Sunpia Inawashiro","grandsunpiainawashiro","unresolved","japan-ski-resorts-558 | skiresort-japan-directory","Grand Sunpia Inawashiro | Grand Sunpia Inawashiro (temporarily closed)","attached_assets/Japan_Ski_Resorts_558_1783900482697.xlsx | https://www.skiresort.com/en/ski-resort/grand-sunpia-inawashiro/","2026-07-13 | 2026-08-24","unresolved","","","",""
"Fukushima","Grandee Hatoriko","grandeehatoriko","unresolved","japan-ski-resorts-558 | skiresort-japan-directory | wikipedia-japan-specific | wikipedia-worldwide-japan","Grandee Hatoriko | Grandee Hatoriko (temporarily closed) | Grandee Hatoriko Ski Resort | Grandee Hatoriko Ski Resort","attached_assets/Japan_Ski_Resorts_558_1783900482697.xlsx | https://www.skiresort.com/en/ski-resort/grandee-hatoriko/ | https://en.wikipedia.org/wiki/List_of_ski_areas_and_resorts_in_Japan | https://en.wikipedia.org/wiki/List_of_ski_areas_and_resorts_in_Japan","2026-07-13 | 2026-08-24 | 2026-08-26 | 2026-08-26","unresolved","","","",""
"Fukushima","Inawashiro Ski Resort","inawashiro","published_directly","japan-ski-resorts-558 | skiresort-japan-directory | wikipedia-japan-specific | wikipedia-worldwide-japan","Inawashiro | Inawashiro | Inawashiro Resort Ski Area | Inawashiro Ski Area | Inawashiro Resort Ski Area | Inawashiro Ski Area","attached_assets/Japan_Ski_Resorts_558_1783900482697.xlsx | https://www.skiresort.com/en/ski-resort/inawashiro/ | https://en.wikipedia.org/wiki/Lake_Inawashiro | https://en.wikipedia.org/wiki/List_of_ski_areas_and_resorts_in_Japan | https://en.wikipedia.org/wiki/Lake_Inawashiro | https://en.wikipedia.org/wiki/List_of_ski_areas_and_resorts_in_Japan","2026-07-13 | 2026-08-24 | 2026-08-26 | 2026-08-26 | 2026-08-26 | 2026-08-26","verified_operating","https://www.inawashiro-ski.com/information/94/","2026-08-26","/bandai/mountain/inawashiro-ski-resort",""
"Fukushima","Kitakatashi Gobuichi","kitakatashigobuichi","unresolved","japan-ski-resorts-558","Kitakatashi Gobuichi","attached_assets/Japan_Ski_Resorts_558_1783900482697.xlsx","2026-07-13","unclear","","2026-08-26","",""
"Fukushima","Listel Ski Fantasia","listelskifantasia","published_directly","japan-ski-resorts-558 | skiresort-japan-directory | wikipedia-japan-specific | wikipedia-worldwide-japan","Listel Ski Fantasia | Listel Ski Fantasia | Listel Ski Fantasia | Listel Ski Fantasia","attached_assets/Japan_Ski_Resorts_558_1783900482697.xlsx | https://www.skiresort.com/en/ski-resort/listel-ski-fantasia/ | https://en.wikipedia.org/wiki/List_of_ski_areas_and_resorts_in_Japan | https://en.wikipedia.org/wiki/List_of_ski_areas_and_resorts_in_Japan","2026-07-13 | 2026-08-24 | 2026-08-26 | 2026-08-26","verified_operating","https://www.listel-inawashiro.jp/ski/top/","2026-08-26","/bandai/mountain/listel-ski-fantasia",""
"Fukushima","Minowa Ski Resort","minowa","published_directly","japan-ski-resorts-558 | skiresort-japan-directory | wikipedia-japan-specific | wikipedia-worldwide-japan","Minowa | Minowa | Minowa Ski Area | Minowa Ski Area","attached_assets/Japan_Ski_Resorts_558_1783900482697.xlsx | https://www.skiresort.com/en/ski-resort/minowa/ | https://en.wikipedia.org/wiki/List_of_ski_areas_and_resorts_in_Japan | https://en.wikipedia.org/wiki/List_of_ski_areas_and_resorts_in_Japan","2026-07-13 | 2026-08-24 | 2026-08-26 | 2026-08-26","verified_operating","https://www.ski-minowa.jp/","2026-08-26","/bandai/mountain/minowa-ski-resort",""
"Fukushima","Nekoma","nekoma","published_directly","japan-ski-resorts-558 | skiresort-japan-directory","Nekoma | Nekoma","attached_assets/Japan_Ski_Resorts_558_1783900482697.xlsx | https://www.skiresort.com/en/ski-resort/nekoma/","2026-07-13 | 2026-08-24","merged_into","https://www.nekoma.co.jp/","2026-08-26","/bandai/mountain/nekoma-mountain",""
"Fukushima","Nihonmatsu Shiozawa Ski Area","nihonmatsushiozawaskiarea","unresolved","wikipedia-japan-specific | wikipedia-worldwide-japan","Nihonmatsu Shiozawa Ski Area | Nihonmatsu Shiozawa Ski Area","https://en.wikipedia.org/wiki/List_of_ski_areas_and_resorts_in_Japan | https://en.wikipedia.org/wiki/List_of_ski_areas_and_resorts_in_Japan","2026-08-26 | 2026-08-26","unresolved","","","",""
"Fukushima","Numajiri Ski Resort","numajiri","published_directly","japan-ski-resorts-558 | skiresort-japan-directory | wikipedia-japan-specific | wikipedia-worldwide-japan","Numajiri | Numajiri | Numajiri Ski Area | Numajiri Ski Area","attached_assets/Japan_Ski_Resorts_558_1783900482697.xlsx | https://www.skiresort.com/en/ski-resort/numajiri/ | https://en.wikipedia.org/wiki/List_of_ski_areas_and_resorts_in_Japan | https://en.wikipedia.org/wiki/List_of_ski_areas_and_resorts_in_Japan","2026-07-13 | 2026-08-24 | 2026-08-26 | 2026-08-26","verified_operating","https://www.numajiri-ski.jp/","2026-08-26","/bandai/mountain/numajiri-ski-resort",""
"Fukushima","Oze Hinoemata Onsen Ski Resort","hinoemata","published_directly","japan-ski-resorts-558 | skiresort-japan-directory | wikipedia-japan-specific | wikipedia-worldwide-japan","Hinoemata | Hinoemata | Hinoemata Onsen Ski Area | Hinoemata Onsen Ski Area","attached_assets/Japan_Ski_Resorts_558_1783900482697.xlsx | https://www.skiresort.com/en/ski-resort/hinoemata/ | https://en.wikipedia.org/wiki/List_of_ski_areas_and_resorts_in_Japan | https://en.wikipedia.org/wiki/List_of_ski_areas_and_resorts_in_Japan","2026-07-13 | 2026-08-24 | 2026-08-26 | 2026-08-26","verified_operating","https://www.oze-info.jp/spot/hinoemata-ski/","2026-08-26","/bandai/mountain/oze-hinoemata-onsen-ski-resort",""
"Fukushima","Sannokura Ski Resort","sannokura","published_directly","japan-ski-resorts-558 | skiresort-japan-directory | wikipedia-japan-specific | wikipedia-worldwide-japan","Sannokura | Sannokura | Sannokura Ski Area | Sannokura Ski Area","attached_assets/Japan_Ski_Resorts_558_1783900482697.xlsx | https://www.skiresort.com/en/ski-resort/sannokura/ | https://en.wikipedia.org/wiki/List_of_ski_areas_and_resorts_in_Japan | https://en.wikipedia.org/wiki/List_of_ski_areas_and_resorts_in_Japan","2026-07-13 | 2026-08-24 | 2026-08-26 | 2026-08-26","verified_operating","https://sites.google.com/view/sannokura-area","2026-08-26","/bandai/mountain/sannokura-ski-resort",""
"Fukushima","Shirakawa Kogen","shirakawakogen","unresolved","japan-ski-resorts-558 | skiresort-japan-directory","Shirakawa Kogen | Shirakawa Kogen","attached_assets/Japan_Ski_Resorts_558_1783900482697.xlsx | https://www.skiresort.com/en/ski-resort/shirakawa-kogen/","2026-07-13 | 2026-08-24","unclear","","2026-08-26","",""
"Fukushima","Showa Sonei","showasonei","unresolved","japan-ski-resorts-558 | skiresort-japan-directory","Showa Sonei | Showa Sonei","attached_assets/Japan_Ski_Resorts_558_1783900482697.xlsx | https://www.skiresort.com/en/ski-resort/showa-sonei/","2026-07-13 | 2026-08-24","unclear","","2026-08-26","",""
"Fukushima","Tadami Town Ski Resort","tadami","published_directly","japan-ski-resorts-558 | skiresort-japan-directory | wikipedia-japan-specific | wikipedia-worldwide-japan","Tadami | Tadami | Tadami Ski Area | Tadami Ski Area","attached_assets/Japan_Ski_Resorts_558_1783900482697.xlsx | https://www.skiresort.com/en/ski-resort/tadami/ | https://en.wikipedia.org/wiki/List_of_ski_areas_and_resorts_in_Japan | https://en.wikipedia.org/wiki/List_of_ski_areas_and_resorts_in_Japan","2026-07-13 | 2026-08-24 | 2026-08-26 | 2026-08-26","verified_operating","https://tadamikousya.sakura.ne.jp/ski/","2026-08-26","/bandai/mountain/tadami-town-ski-resort",""
"Fukushima","Tenei","tenei","closed","japan-ski-resorts-558 | skiresort-japan-directory | wikipedia-japan-specific | wikipedia-worldwide-japan","Tenei | Tenei | Ski Resort Ten-ei | Ski Resort Ten-ei","attached_assets/Japan_Ski_Resorts_558_1783900482697.xlsx | https://www.skiresort.com/en/ski-resort/tenei/ | https://en.wikipedia.org/wiki/List_of_ski_areas_and_resorts_in_Japan | https://en.wikipedia.org/wiki/List_of_ski_areas_and_resorts_in_Japan","2026-07-13 | 2026-08-24 | 2026-08-26 | 2026-08-26","temporarily_closed","https://www.vill.tenei.fukushima.jp/","2026-08-26","",""
"Fukushima","Ura Bandai Nekoma Ski Area","urabandainekomaskiarea","unresolved","wikipedia-japan-specific | wikipedia-worldwide-japan","Ura Bandai Nekoma Ski Area | Ura Bandai Nekoma Ski Area","https://en.wikipedia.org/wiki/List_of_ski_areas_and_resorts_in_Japan | https://en.wikipedia.org/wiki/List_of_ski_areas_and_resorts_in_Japan","2026-08-26 | 2026-08-26","unresolved","","","",""
"Fukushima","Urabandai Ski Resort","urabandaikogen","published_directly","japan-ski-resorts-558 | skiresort-japan-directory | wikipedia-japan-specific | wikipedia-worldwide-japan","Urabandai Kogen | Urabandai Kogen | Ura Bandai Ski Area | Ura Bandai Ski Area","attached_assets/Japan_Ski_Resorts_558_1783900482697.xlsx | https://www.skiresort.com/en/ski-resort/urabandai-kogen/ | https://en.wikipedia.org/wiki/List_of_ski_areas_and_resorts_in_Japan | https://en.wikipedia.org/wiki/List_of_ski_areas_and_resorts_in_Japan","2026-07-13 | 2026-08-24 | 2026-08-26 | 2026-08-26","verified_operating","https://www.urabandai-ski.jp/","2026-08-26","/bandai/mountain/urabandai-ski-resort",""
"Fukushima","Yanaizu Onsen","yanaizuonsen","unresolved","japan-ski-resorts-558 | skiresort-japan-directory | wikipedia-japan-specific | wikipedia-worldwide-japan","Yanaizu Onsen | Yanaizu Onsen (temporarily closed) | Yanaizu Onsen Ski Area | Yanaizu Onsen Ski Area","attached_assets/Japan_Ski_Resorts_558_1783900482697.xlsx | https://www.skiresort.com/en/ski-resort/yanaizu-onsen/ | https://en.wikipedia.org/wiki/List_of_ski_areas_and_resorts_in_Japan | https://en.wikipedia.org/wiki/List_of_ski_areas_and_resorts_in_Japan","2026-07-13 | 2026-08-24 | 2026-08-26 | 2026-08-26","unresolved","","","",""
"Fukushima","Yokomuki Onsen","yokomukionsen","unresolved","japan-ski-resorts-558 | skiresort-japan-directory | wikipedia-japan-specific | wikipedia-worldwide-japan","Yokomuki Onsen | Yokomuki Onsen | Yokomuki Onsen Ski Area | Yokomuki Onsen Ski Area","attached_assets/Japan_Ski_Resorts_558_1783900482697.xlsx | https://www.skiresort.com/en/ski-resort/yokomuki-onsen/ | https://en.wikipedia.org/wiki/List_of_ski_areas_and_resorts_in_Japan | https://en.wikipedia.org/wiki/List_of_ski_areas_and_resorts_in_Japan","2026-07-13 | 2026-08-24 | 2026-08-26 | 2026-08-26","unclear","","2026-08-26","",""
"Gifu","Ciao Ontake Snow Resort","ciaoontakesnowresort","unresolved","wikipedia-japan-specific | wikipedia-worldwide-japan","Ciao Ontake Snow Resort | Ciao Ontake Snow Resort","https://en.wikipedia.org/wiki/List_of_ski_areas_and_resorts_in_Japan | https://en.wikipedia.org/wiki/List_of_ski_areas_and_resorts_in_Japan","2026-08-26 | 2026-08-26","unresolved","","","",""
"Gifu","Dynaland","dynaland","published_directly","japan-ski-resorts-558 | skiresort-japan-directory | wikipedia-japan-specific | wikipedia-worldwide-japan","Dynaland | Dynaland | Dynaland | Dynaland","attached_assets/Japan_Ski_Resorts_558_1783900482697.xlsx | https://www.skiresort.com/en/ski-resort/dynaland/ | https://en.wikipedia.org/wiki/List_of_ski_areas_and_resorts_in_Japan | https://en.wikipedia.org/wiki/List_of_ski_areas_and_resorts_in_Japan","2026-07-13 | 2026-08-24 | 2026-08-26 | 2026-08-26","verified_operating","https://www.dynaland.co.jp/charge/","2026-08-26","/gifu-aichi/mountain/dynaland",""
"Gifu","Gujo Kogen","gujokogen","unresolved","japan-ski-resorts-558 | skiresort-japan-directory | wikipedia-japan-specific | wikipedia-worldwide-japan","Gujo Kogen | Gujo Kogen | Gujō Kōgen Ski Area | Gujō Kōgen Ski Area","attached_assets/Japan_Ski_Resorts_558_1783900482697.xlsx | https://www.skiresort.com/en/ski-resort/gujo-kogen/ | https://en.wikipedia.org/wiki/List_of_ski_areas_and_resorts_in_Japan | https://en.wikipedia.org/wiki/List_of_ski_areas_and_resorts_in_Japan","2026-07-13 | 2026-08-24 | 2026-08-26 | 2026-08-26","unclear","","2026-08-26","",""
"Gifu","Harayama City Ski Area","harayamacityskiarea","unresolved","wikipedia-japan-specific | wikipedia-worldwide-japan","Harayama City Ski Area | Harayama City Ski Area","https://en.wikipedia.org/wiki/List_of_ski_areas_and_resorts_in_Japan | https://en.wikipedia.org/wiki/List_of_ski_areas_and_resorts_in_Japan","2026-08-26 | 2026-08-26","unresolved","","","",""
"Gifu","Hida Funayama Snow Resort Arkopia","hidafunayamasnowresortarkopia","unresolved","wikipedia-japan-specific | wikipedia-worldwide-japan","Hida Funayama Snow Resort Arkopia | Hida Funayama Snow Resort Arkopia","https://en.wikipedia.org/wiki/List_of_ski_areas_and_resorts_in_Japan | https://en.wikipedia.org/wiki/List_of_ski_areas_and_resorts_in_Japan","2026-08-26 | 2026-08-26","unresolved","","","",""
"Gifu","Hida Highland","hidahighland","unresolved","japan-ski-resorts-558 | skiresort-japan-directory","Hida Highland | Hida Highland","attached_assets/Japan_Ski_Resorts_558_1783900482697.xlsx | https://www.skiresort.com/en/ski-resort/hida-highland/","2026-07-13 | 2026-08-24","unclear","","2026-08-26","",""
"Gifu","Hida Hounoki Daira Ski Area","hounokidaira","published_directly","japan-ski-resorts-558 | skiresort-japan-directory","Hounokidaira | Hounokidaira","attached_assets/Japan_Ski_Resorts_558_1783900482697.xlsx | https://www.skiresort.com/en/ski-resort/hounokidaira/","2026-07-13 | 2026-08-24","verified_operating","https://hounoki-daira.com/wp_test/guidance","2026-08-26","/gifu-aichi/mountain/hida-hounoki-daira-ski-area",""
"Gifu","Hida Kawai Ski Area","hidakawai","published_directly","japan-ski-resorts-558 | skiresort-japan-directory | wikipedia-japan-specific | wikipedia-worldwide-japan","Hida Kawai | Hida Kawai | Hida Kawai Ski Area | Hida Kawai Ski Area","attached_assets/Japan_Ski_Resorts_558_1783900482697.xlsx | https://www.skiresort.com/en/ski-resort/hida-kawai/ | https://en.wikipedia.org/wiki/List_of_ski_areas_and_resorts_in_Japan | https://en.wikipedia.org/wiki/List_of_ski_areas_and_resorts_in_Japan","2026-07-13 | 2026-08-24 | 2026-08-26 | 2026-08-26","verified_operating","https://hidakawai.com/","2026-08-26","/gifu-aichi/mountain/hida-kawai-ski-area",""
"Gifu","Hida Nagareha Ski Area","starspurryokufuresorthidanagareha","published_directly","japan-ski-resorts-558 | skiresort-japan-directory","Star Spur Ryokufu Resort Hida Nagareha | Star Spur Ryokufu Resort Hida Nagareha","attached_assets/Japan_Ski_Resorts_558_1783900482697.xlsx | https://www.skiresort.com/en/ski-resort/star-spur-ryokufu-resort-hida-nagareha/","2026-07-13 | 2026-08-24","verified_operating","https://hida-nagareha.com/charge/","2026-08-26","/gifu-aichi/mountain/hida-nagareha-ski-area",""
"Gifu","Hida Takayama Municipal Ski Area","hidatakayama","published_directly","japan-ski-resorts-558 | skiresort-japan-directory | wikipedia-japan-specific | wikipedia-worldwide-japan","Hidatakayama | Hidatakayama | Hida Takayama Ski Area | Hida Takayama Ski Area","attached_assets/Japan_Ski_Resorts_558_1783900482697.xlsx | https://www.skiresort.com/en/ski-resort/hidatakayama/ | https://en.wikipedia.org/wiki/List_of_ski_areas_and_resorts_in_Japan | https://en.wikipedia.org/wiki/List_of_ski_areas_and_resorts_in_Japan","2026-07-13 | 2026-08-24 | 2026-08-26 | 2026-08-26","verified_operating","https://www.hidatakayama.or.jp/special/detail_223.html","2026-08-26","/gifu-aichi/mountain/hida-takayama-municipal-ski-area",""
"Gifu","Hidanorikura Pentapia Snow World","hidanorikurapentapiasnowworld","unresolved","japan-ski-resorts-558 | skiresort-japan-directory | wikipedia-japan-specific | wikipedia-worldwide-japan","Hidanorikura Pentapia Snow World | Hidanorikura Pentapia Snow World | Hida Norikura Pentapia Snow World | Hida Norikura Pentapia Snow World","attached_assets/Japan_Ski_Resorts_558_1783900482697.xlsx | https://www.skiresort.com/en/ski-resort/hidanorikura-pentapia-snow-world/ | https://en.wikipedia.org/wiki/List_of_ski_areas_and_resorts_in_Japan | https://en.wikipedia.org/wiki/List_of_ski_areas_and_resorts_in_Japan","2026-07-13 | 2026-08-24 | 2026-08-26 | 2026-08-26","unclear","","2026-08-26","",""
"Gifu","Hirayu Onsen Ski Area","hirayuonsen","published_directly","japan-ski-resorts-558 | skiresort-japan-directory | wikipedia-japan-specific | wikipedia-worldwide-japan","Hirayu Onsen | Hirayu Onsen | Hirayu Onsen Ski Area | Hirayu Onsen Ski Area","attached_assets/Japan_Ski_Resorts_558_1783900482697.xlsx | https://www.skiresort.com/en/ski-resort/hirayu-onsen/ | https://en.wikipedia.org/wiki/List_of_ski_areas_and_resorts_in_Japan | https://en.wikipedia.org/wiki/List_of_ski_areas_and_resorts_in_Japan","2026-07-13 | 2026-08-24 | 2026-08-26 | 2026-08-26","verified_operating","https://www.hirayunomori.com/news/","2026-08-26","/gifu-aichi/mountain/hirayu-onsen-ski-area",""
"Gifu","Hirugano Kogen Ski Area","hiruganokogen","published_directly","japan-ski-resorts-558 | skiresort-japan-directory | wikipedia-japan-specific | wikipedia-worldwide-japan","Hirugano Kogen | Hirugano Kogen | Hirugano Kōgen Ski Area | Hirugano Kōgen Ski Area","attached_assets/Japan_Ski_Resorts_558_1783900482697.xlsx | https://www.skiresort.com/en/ski-resort/hirugano-kogen/ | https://en.wikipedia.org/wiki/List_of_ski_areas_and_resorts_in_Japan | https://en.wikipedia.org/wiki/List_of_ski_areas_and_resorts_in_Japan","2026-07-13 | 2026-08-24 | 2026-08-26 | 2026-08-26","verified_operating","https://www.hiruganokogen.com/","2026-08-26","/gifu-aichi/mountain/hirugano-kogen-ski-area",""
"Gifu","Hōnokidaira Ski Area","honokidairaskiarea","unresolved","wikipedia-japan-specific | wikipedia-worldwide-japan","Hōnokidaira Ski Area | Hōnokidaira Ski Area","https://en.wikipedia.org/wiki/List_of_ski_areas_and_resorts_in_Japan | https://en.wikipedia.org/wiki/List_of_ski_areas_and_resorts_in_Japan","2026-08-26 | 2026-08-26","unresolved","","","",""
"Gifu","Ibi Kogen Kaitsuki","ibikogenkaitsuki","unresolved","japan-ski-resorts-558 | skiresort-japan-directory","Ibi Kogen Kaitsuki | Ibi Kogen Kaitsuki (temporarily closed)","attached_assets/Japan_Ski_Resorts_558_1783900482697.xlsx | https://www.skiresort.com/en/ski-resort/ibi-kogen-kaitsuki/","2026-07-13 | 2026-08-24","unresolved","","","",""
"Gifu","Ibi Kōgen Ski Area","ibikogenskiarea","unresolved","wikipedia-japan-specific | wikipedia-worldwide-japan","Ibi Kōgen Ski Area | Ibi Kōgen Ski Area","https://en.wikipedia.org/wiki/List_of_ski_areas_and_resorts_in_Japan | https://en.wikipedia.org/wiki/List_of_ski_areas_and_resorts_in_Japan","2026-08-26 | 2026-08-26","unresolved","","","",""
"Gifu","Isshiki Kokusai","isshikikokusai","unresolved","japan-ski-resorts-558 | skiresort-japan-directory | wikipedia-japan-specific | wikipedia-worldwide-japan","Isshiki Kokusai | Isshiki Kokusai | Isshiki Kokusai Ski Area | Isshiki Kokusai Ski Area","attached_assets/Japan_Ski_Resorts_558_1783900482697.xlsx | https://www.skiresort.com/en/ski-resort/isshiki-kokusai/ | https://en.wikipedia.org/wiki/List_of_ski_areas_and_resorts_in_Japan | https://en.wikipedia.org/wiki/List_of_ski_areas_and_resorts_in_Japan","2026-07-13 | 2026-08-24 | 2026-08-26 | 2026-08-26","unclear","","2026-08-26","",""
"Gifu","Itoshiro","itoshiro","unresolved","japan-ski-resorts-558 | skiresort-japan-directory","Itoshiro | Itoshiro","attached_assets/Japan_Ski_Resorts_558_1783900482697.xlsx | https://www.skiresort.com/en/ski-resort/itoshiro/","2026-07-13 | 2026-08-24","unclear","","2026-08-26","",""
"Gifu","Itoshiro Charlotte Town","itoshirocharlottetown","unresolved","wikipedia-japan-specific | wikipedia-worldwide-japan","Itoshiro Charlotte Town | Itoshiro Charlotte Town","https://en.wikipedia.org/wiki/List_of_ski_areas_and_resorts_in_Japan | https://en.wikipedia.org/wiki/List_of_ski_areas_and_resorts_in_Japan","2026-08-26 | 2026-08-26","unresolved","","","",""
"Gifu","Kasuga Chojadaira","kasugachojadaira","unresolved","japan-ski-resorts-558 | wikipedia-japan-specific | wikipedia-worldwide-japan","Kasuga Chojadaira | Kasuga Chōjadaira Ski Area | Kasuga Chōjadaira Ski Area","attached_assets/Japan_Ski_Resorts_558_1783900482697.xlsx | https://en.wikipedia.org/wiki/List_of_ski_areas_and_resorts_in_Japan | https://en.wikipedia.org/wiki/List_of_ski_areas_and_resorts_in_Japan","2026-07-13 | 2026-08-26 | 2026-08-26","unclear","","2026-08-26","",""
"Gifu","Kunimi Takeshi Ski Area","kunimitakeshiskiarea","unresolved","wikipedia-japan-specific | wikipedia-worldwide-japan","Kunimi Takeshi Ski Area | Kunimi Takeshi Ski Area","https://en.wikipedia.org/wiki/List_of_ski_areas_and_resorts_in_Japan | https://en.wikipedia.org/wiki/List_of_ski_areas_and_resorts_in_Japan","2026-08-26 | 2026-08-26","unresolved","","","",""
"Gifu","Meiho Ski Resort","meiho","published_directly","japan-ski-resorts-558 | skiresort-japan-directory | wikipedia-japan-specific | wikipedia-worldwide-japan","Meiho | Meiho | Meihō Ski Area | Meihō Ski Area","attached_assets/Japan_Ski_Resorts_558_1783900482697.xlsx | https://www.skiresort.com/en/ski-resort/meiho/ | https://en.wikipedia.org/wiki/List_of_ski_areas_and_resorts_in_Japan | https://en.wikipedia.org/wiki/List_of_ski_areas_and_resorts_in_Japan","2026-07-13 | 2026-08-24 | 2026-08-26 | 2026-08-26","verified_operating","https://www.meihoski.co.jp/winter/","2026-08-26","/gifu-aichi/mountain/meiho-ski-resort",""
"Gifu","Mont Deus Park Ski Area","montdeushidakuraiyamasnowpark","published_directly","japan-ski-resorts-558 | skiresort-japan-directory | wikipedia-japan-specific | wikipedia-worldwide-japan","Mont Deus Hidakuraiyama Snow Park | Mont Deus Hidakuraiyama Snow Park | Mont Deus Hida Kuraiyama Snow Park | Mont Deus Hida Kuraiyama Snow Park","attached_assets/Japan_Ski_Resorts_558_1783900482697.xlsx | https://www.skiresort.com/en/ski-resort/mont-deus-hidakuraiyama-snow-park/ | https://en.wikipedia.org/wiki/List_of_ski_areas_and_resorts_in_Japan | https://en.wikipedia.org/wiki/List_of_ski_areas_and_resorts_in_Japan","2026-07-13 | 2026-08-24 | 2026-08-26 | 2026-08-26","verified_operating","https://montdeus.jp/","2026-08-26","/gifu-aichi/mountain/mont-deus-park-ski-area",""
"Gifu","Motai","motai","unresolved","japan-ski-resorts-558 | skiresort-japan-directory","Motai | Motai","attached_assets/Japan_Ski_Resorts_558_1783900482697.xlsx | https://www.skiresort.com/en/ski-resort/motai/","2026-07-13 | 2026-08-24","unclear","","2026-08-26","",""
"Gifu","Nigorigo Onsen","nigorigoonsen","unresolved","japan-ski-resorts-558 | skiresort-japan-directory | wikipedia-japan-specific | wikipedia-worldwide-japan","Nigorigo Onsen | Nigorigo Onsen | Nigorigo Onsen Ski Area | Nigorigo Onsen Ski Area","attached_assets/Japan_Ski_Resorts_558_1783900482697.xlsx | https://www.skiresort.com/en/ski-resort/nigorigo-onsen/ | https://en.wikipedia.org/wiki/List_of_ski_areas_and_resorts_in_Japan | https://en.wikipedia.org/wiki/List_of_ski_areas_and_resorts_in_Japan","2026-07-13 | 2026-08-24 | 2026-08-26 | 2026-08-26","unclear","","2026-08-26","",""
"Gifu","Outdoor Inn Motai","outdoorinnmotai","unresolved","wikipedia-japan-specific | wikipedia-worldwide-japan","Outdoor Inn Motai | Outdoor Inn Motai","https://en.wikipedia.org/wiki/List_of_ski_areas_and_resorts_in_Japan | https://en.wikipedia.org/wiki/List_of_ski_areas_and_resorts_in_Japan","2026-08-26 | 2026-08-26","unresolved","","","",""
"Gifu","Shirakawagō Hirase Onsen Shiroyumi Ski Area","shirakawagohiraseonsenshiroyumiskiarea","unresolved","wikipedia-japan-specific | wikipedia-worldwide-japan","Shirakawagō Hirase Onsen Shiroyumi Ski Area | Shirakawagō Hirase Onsen Shiroyumi Ski Area","https://en.wikipedia.org/wiki/Historic_Villages_of_Shirakawa-gō_and_Gokayama | https://en.wikipedia.org/wiki/Historic_Villages_of_Shirakawa-gō_and_Gokayama","2026-08-26 | 2026-08-26","unresolved","","","",""
"Gifu","Shirakigamine","shirakigamine","unresolved","japan-ski-resorts-558 | skiresort-japan-directory","Shirakigamine | Shirakigamine","attached_assets/Japan_Ski_Resorts_558_1783900482697.xlsx | https://www.skiresort.com/en/ski-resort/shirakigamine/","2026-07-13 | 2026-08-24","unclear","","2026-08-26","",""
"Gifu","Shirao","shirao","unresolved","japan-ski-resorts-558 | skiresort-japan-directory | wikipedia-japan-specific | wikipedia-worldwide-japan","Shirao | Shirao (temporarily closed) | Shirao Ski Area | Shirao Ski Area","attached_assets/Japan_Ski_Resorts_558_1783900482697.xlsx | https://www.skiresort.com/en/ski-resort/shirao/ | https://en.wikipedia.org/wiki/List_of_ski_areas_and_resorts_in_Japan | https://en.wikipedia.org/wiki/List_of_ski_areas_and_resorts_in_Japan","2026-07-13 | 2026-08-24 | 2026-08-26 | 2026-08-26","unresolved","","","",""
"Gifu","Shirotori Snow Resort","shirotorisnowresort","unresolved","japan-ski-resorts-558 | skiresort-japan-directory","Shirotori Snow Resort | Shirotori Snow Resort","attached_assets/Japan_Ski_Resorts_558_1783900482697.xlsx | https://www.skiresort.com/en/ski-resort/shirotori-snow-resort/","2026-07-13 | 2026-08-24","unclear","","2026-08-26","",""
"Gifu","Shokawa Kogen","shokawakogen","closed","japan-ski-resorts-558 | skiresort-japan-directory | wikipedia-japan-specific | wikipedia-worldwide-japan","Shokawa Kogen | Shokawa Kogen | Shōkawa Kōgen Ski Area | Shōkawa Kōgen Ski Area","attached_assets/Japan_Ski_Resorts_558_1783900482697.xlsx | https://www.skiresort.com/en/ski-resort/shokawa-kogen/ | https://en.wikipedia.org/wiki/List_of_ski_areas_and_resorts_in_Japan | https://en.wikipedia.org/wiki/List_of_ski_areas_and_resorts_in_Japan","2026-07-13 | 2026-08-24 | 2026-08-26 | 2026-08-26","closed","https://www.hidatakayama.or.jp/spot/detail_1404.html","2026-08-26","",""
"Gifu","Snova Hashima – Gifu","snovahashimagifu","out_of_scope","japan-ski-resorts-558 | skiresort-japan-directory","Snova Hashima – Gifu | Snova Hashima – Gifu (indoor ski area) (temporarily closed)","attached_assets/Japan_Ski_Resorts_558_1783900482697.xlsx | https://www.skiresort.com/en/ski-resort/snova-hashima-gifu/","2026-07-13 | 2026-08-24","unresolved","","","",""
"Gifu","Snova Hashima (Indoor)","snovahashima","unresolved","wikipedia-japan-specific | wikipedia-worldwide-japan","Snova Hashima (Indoor) | Snova Hashima (Indoor)","https://en.wikipedia.org/wiki/List_of_ski_areas_and_resorts_in_Japan | https://en.wikipedia.org/wiki/List_of_ski_areas_and_resorts_in_Japan","2026-08-26 | 2026-08-26","unresolved","","","",""
"Gifu","Snow Wave Park Shiratori Kogen","shiratorikogen","published_directly","japan-ski-resorts-558 | skiresort-japan-directory | wikipedia-japan-specific | wikipedia-worldwide-japan","Shiratori Kogen | Shiratori Kogen | Snow Wave Park Shiratori Kōgen | Snow Wave Park Shiratori Kōgen","attached_assets/Japan_Ski_Resorts_558_1783900482697.xlsx | https://www.skiresort.com/en/ski-resort/shiratori-kogen/ | https://en.wikipedia.org/wiki/List_of_ski_areas_and_resorts_in_Japan | https://en.wikipedia.org/wiki/List_of_ski_areas_and_resorts_in_Japan","2026-07-13 | 2026-08-24 | 2026-08-26 | 2026-08-26","verified_operating","https://siratori-k.jp/swp/info/2025-2026%e3%82%b7%e3%83%bc%e3%82%ba%e3%83%b3%e7%b5%82%e4%ba%86%e3%81%ae%e3%81%8a%e7%9f%a5%e3%82%89%e3%81%9b/","2026-08-26","/gifu-aichi/mountain/snow-wave-park-shiratori-kogen",""
"Gifu","Star Spure Ryokufū Resort Hida Nagareha","starspureryokufuresorthidanagareha","unresolved","wikipedia-japan-specific | wikipedia-worldwide-japan","Star Spure Ryokufū Resort Hida Nagareha | Star Spure Ryokufū Resort Hida Nagareha","https://en.wikipedia.org/wiki/List_of_ski_areas_and_resorts_in_Japan | https://en.wikipedia.org/wiki/List_of_ski_areas_and_resorts_in_Japan","2026-08-26 | 2026-08-26","unresolved","","","",""
"Gifu","Takasu Snow Park","takasusnowpark","published_directly","japan-ski-resorts-558 | skiresort-japan-directory | wikipedia-japan-specific | wikipedia-worldwide-japan","Takasu Snow Park | Takasu Snow Park | Takasu Snow Park | Takasu Snow Park","attached_assets/Japan_Ski_Resorts_558_1783900482697.xlsx | https://www.skiresort.com/en/ski-resort/takasu-snow-park/ | https://en.wikipedia.org/wiki/Takasu_Snow_Park | https://en.wikipedia.org/wiki/Takasu_Snow_Park","2026-07-13 | 2026-08-24 | 2026-08-26 | 2026-08-26","verified_operating","https://www.takasu.gr.jp/news/2026/04/19/10315/","2026-08-26","/gifu-aichi/mountain/takasu-snow-park",""
"Gifu","Washigatake Ski Area","washigatakeskiarea","unresolved","wikipedia-japan-specific | wikipedia-worldwide-japan","Washigatake Ski Area | Washigatake Ski Area","https://en.wikipedia.org/wiki/List_of_ski_areas_and_resorts_in_Japan | https://en.wikipedia.org/wiki/List_of_ski_areas_and_resorts_in_Japan","2026-08-26 | 2026-08-26","unresolved","","","",""
"Gifu","Washitopia (Washigatake / White Pia Takasu)","washigatakewhitepia","published_directly","japan-ski-resorts-558 | skiresort-japan-directory","Washigatake/White Pia | Washigatake/​White Pia","attached_assets/Japan_Ski_Resorts_558_1783900482697.xlsx | https://www.skiresort.com/en/ski-resort/washigatake-white-pia/","2026-07-13 | 2026-08-24","verified_operating","https://ski.washigatake.jp/","2026-08-26","/gifu-aichi/mountain/washitopia-washigatake-white-pia-takasu",""
"Gifu","White Pia Takasu","whitepiatakasu","unresolved","wikipedia-japan-specific | wikipedia-worldwide-japan","White Pia Takasu | White Pia Takasu","https://en.wikipedia.org/wiki/List_of_ski_areas_and_resorts_in_Japan | https://en.wikipedia.org/wiki/List_of_ski_areas_and_resorts_in_Japan","2026-08-26 | 2026-08-26","unresolved","","","",""
"Gifu","Winghills Shirotori Resort","winghillsshirotoriresort","published_directly","japan-ski-resorts-558 | skiresort-japan-directory | wikipedia-japan-specific | wikipedia-worldwide-japan","Winghills Shirotori Resort | Winghills Shirotori Resort | Winghills Shirotori Resort | Winghills Shirotori Resort","attached_assets/Japan_Ski_Resorts_558_1783900482697.xlsx | https://www.skiresort.com/en/ski-resort/winghills-shirotori-resort/ | https://en.wikipedia.org/wiki/List_of_ski_areas_and_resorts_in_Japan | https://en.wikipedia.org/wiki/List_of_ski_areas_and_resorts_in_Japan","2026-07-13 | 2026-08-24 | 2026-08-26 | 2026-08-26","verified_operating","https://winghills.net/snow/coursemap/","2026-08-26","/gifu-aichi/mountain/winghills-shirotori-resort",""
"Gifu","Youland – Sakauchi","youlandsakauchi","unresolved","japan-ski-resorts-558 | skiresort-japan-directory | wikipedia-japan-specific | wikipedia-worldwide-japan","Youland – Sakauchi | Youland – Sakauchi | Youland Sakauchi | Youland Sakauchi","attached_assets/Japan_Ski_Resorts_558_1783900482697.xlsx | https://www.skiresort.com/en/ski-resort/youland-sakauchi/ | https://en.wikipedia.org/wiki/List_of_ski_areas_and_resorts_in_Japan | https://en.wikipedia.org/wiki/List_of_ski_areas_and_resorts_in_Japan","2026-07-13 | 2026-08-24 | 2026-08-26 | 2026-08-26","unclear","","2026-08-26","",""
"Gunma","Akagiyama","akagiyama","unresolved","japan-ski-resorts-558 | skiresort-japan-directory | wikipedia-japan-specific | wikipedia-worldwide-japan","Akagiyama | Akagiyama | Akagiyama Ski Area | Akagiyama Ski Area","attached_assets/Japan_Ski_Resorts_558_1783900482697.xlsx | https://www.skiresort.com/en/ski-resort/akagiyama/ | https://en.wikipedia.org/wiki/Mount_Akagi | https://en.wikipedia.org/wiki/Mount_Akagi","2026-07-13 | 2026-08-24 | 2026-08-26 | 2026-08-26","unclear","https://www.oonumasansougroup.com/","2026-08-26","",""
"Gunma","Akazawa","akazawa","closed","japan-ski-resorts-558 | skiresort-japan-directory","Akazawa | Akazawa","attached_assets/Japan_Ski_Resorts_558_1783900482697.xlsx | https://www.skiresort.com/en/ski-resort/akazawa/","2026-07-13 | 2026-08-24","closed","https://www.town.minakami.gunma.jp/politics/05kouhou/2024/files/20240301_kouhou_all.pdf","2026-08-26","",""
"Gunma","Ca et là Ski Resort Oze","caetlaskiresortoze","unresolved","japan-ski-resorts-558 | skiresort-japan-directory | wikipedia-japan-specific | wikipedia-worldwide-japan","Ca et là Ski Resort Oze | Ca et là Ski Resort Oze (temporarily closed) | Caetla Ski Resort Oze | Caetla Ski Resort Oze","attached_assets/Japan_Ski_Resorts_558_1783900482697.xlsx | https://www.skiresort.com/en/ski-resort/ca-et-la-ski-resort-oze/ | https://en.wikipedia.org/wiki/List_of_ski_areas_and_resorts_in_Japan | https://en.wikipedia.org/wiki/List_of_ski_areas_and_resorts_in_Japan","2026-07-13 | 2026-08-24 | 2026-08-26 | 2026-08-26","unresolved","","","",""
"Gunma","Fujiwara Snow & Spa Resort","minakamikogenfujiwara","published_directly","japan-ski-resorts-558 | skiresort-japan-directory | wikipedia-japan-specific | wikipedia-worldwide-japan","Minakami Kogen Fujiwara | Minakami Kogen Fujiwara | Minakami Kōgen Fujiwara Ski Area | Minakami Kōgen Fujiwara Ski Area","attached_assets/Japan_Ski_Resorts_558_1783900482697.xlsx | https://www.skiresort.com/en/ski-resort/minakami-kogen-fujiwara/ | https://en.wikipedia.org/wiki/List_of_ski_areas_and_resorts_in_Japan | https://en.wikipedia.org/wiki/List_of_ski_areas_and_resorts_in_Japan","2026-07-13 | 2026-08-24 | 2026-08-26 | 2026-08-26","verified_operating","https://fujiwaraski.com/2025%ef%bc%8d2026%e3%82%b7%e3%83%bc%e3%82%ba%e3%83%b3%e3%81%ae%e5%96%b6%e6%a5%ad%e3%81%ab%e3%81%a4%e3%81%84%e3%81%a6/","2026-08-26","/minakami/mountain/fujiwara-snow-spa-resort",""
"Gunma","Gunma Minakami Hodaigi Ski Resort","hodaigiresortminakami","published_directly","japan-ski-resorts-558 | skiresort-japan-directory","Hodaigi Resort – Minakami | Hodaigi Resort – Minakami","attached_assets/Japan_Ski_Resorts_558_1783900482697.xlsx | https://www.skiresort.com/en/ski-resort/hodaigi-resort-minakami/","2026-07-13 | 2026-08-24","verified_operating","https://hodaigi.jp/","2026-08-26","/minakami/mountain/gunma-minakami-hodaigi-ski-resort",""
"Gunma","Hotaka Bokujō Ski Area","hotakabokujoskiarea","unresolved","wikipedia-japan-specific | wikipedia-worldwide-japan","Hotaka Bokujō Ski Area | Hotaka Bokujō Ski Area","https://en.wikipedia.org/wiki/List_of_ski_areas_and_resorts_in_Japan | https://en.wikipedia.org/wiki/List_of_ski_areas_and_resorts_in_Japan","2026-08-26 | 2026-08-26","unresolved","","","",""
"Gunma","Hotaka Olympia","hotakaolympia","unresolved","japan-ski-resorts-558 | skiresort-japan-directory","Hotaka Olympia | Hotaka Olympia","attached_assets/Japan_Ski_Resorts_558_1783900482697.xlsx | https://www.skiresort.com/en/ski-resort/hotaka-olympia/","2026-07-13 | 2026-08-24","unclear","","2026-08-26","",""
"Gunma","Karuizawa Snow Park","karuizawasnowpark","published_directly","japan-ski-resorts-558 | skiresort-japan-directory","Karuizawa Snow Park | Karuizawa Snow Park","attached_assets/Japan_Ski_Resorts_558_1783900482697.xlsx | https://www.skiresort.com/en/ski-resort/karuizawa-snow-park/","2026-07-13 | 2026-08-24","verified_operating","https://karuizawa-snowpark.com/news/","2026-08-26","/gunma-regional/mountain/karuizawa-snow-park",""
"Gunma","Katashina Kogen Ski Area","katashinakogenresort","published_directly","japan-ski-resorts-558 | skiresort-japan-directory | wikipedia-japan-specific | wikipedia-worldwide-japan","Katashina Kogen Resort | Katashina Kogen Resort | Katashina Kōgen Ski Area | Katashina Kōgen Ski Area","attached_assets/Japan_Ski_Resorts_558_1783900482697.xlsx | https://www.skiresort.com/en/ski-resort/katashina-kogen-resort/ | https://en.wikipedia.org/wiki/List_of_ski_areas_and_resorts_in_Japan | https://en.wikipedia.org/wiki/List_of_ski_areas_and_resorts_in_Japan","2026-07-13 | 2026-08-24 | 2026-08-26 | 2026-08-26","verified_operating","https://katashinakogen.co.jp/","2026-08-26","/gunma-regional/mountain/katashina-kogen-ski-area",""
"Gunma","Kawaba Ski Resort","kawaba","published_directly","japan-ski-resorts-558 | skiresort-japan-directory | wikipedia-japan-specific | wikipedia-worldwide-japan","Kawaba | Kawaba | Kawaba Ski Area | Kawaba Ski Area","attached_assets/Japan_Ski_Resorts_558_1783900482697.xlsx | https://www.skiresort.com/en/ski-resort/kawaba/ | https://en.wikipedia.org/wiki/List_of_ski_areas_and_resorts_in_Japan | https://en.wikipedia.org/wiki/List_of_ski_areas_and_resorts_in_Japan","2026-07-13 | 2026-08-24 | 2026-08-26 | 2026-08-26","verified_operating","https://www.kawaba.co.jp/topics/7182/","2026-08-26","/gunma-regional/mountain/kawaba-ski-resort",""
"Gunma","Kazawa Snow Area","kazawa","published_directly","japan-ski-resorts-558 | skiresort-japan-directory | wikipedia-japan-specific | wikipedia-worldwide-japan","Kazawa | Kazawa | Kazawa Snow Area | Kazawa Snow Area","attached_assets/Japan_Ski_Resorts_558_1783900482697.xlsx | https://www.skiresort.com/en/ski-resort/kazawa/ | https://en.wikipedia.org/wiki/List_of_ski_areas_and_resorts_in_Japan | https://en.wikipedia.org/wiki/List_of_ski_areas_and_resorts_in_Japan","2026-07-13 | 2026-08-24 | 2026-08-26 | 2026-08-26","verified_operating","http://www.kazawa.com/snow/","2026-08-26","/gunma-regional/mountain/kazawa-snow-area",""
"Gunma","Kusatsu Kokusai Snow & Spa Resort","kusatsukokusaisnowsparesort","unresolved","wikipedia-japan-specific | wikipedia-worldwide-japan","Kusatsu Kokusai Snow & Spa Resort | Kusatsu Kokusai Snow & Spa Resort","https://en.wikipedia.org/wiki/List_of_ski_areas_and_resorts_in_Japan | https://en.wikipedia.org/wiki/List_of_ski_areas_and_resorts_in_Japan","2026-08-26 | 2026-08-26","unresolved","","","",""
"Gunma","Kusatsu Ongaku no Mori Ski Area","kusatsuongakunomoriskiarea","unresolved","wikipedia-japan-specific | wikipedia-worldwide-japan","Kusatsu Ongaku no Mori Ski Area | Kusatsu Ongaku no Mori Ski Area","https://en.wikipedia.org/wiki/List_of_ski_areas_and_resorts_in_Japan | https://en.wikipedia.org/wiki/List_of_ski_areas_and_resorts_in_Japan","2026-08-26 | 2026-08-26","unresolved","","","",""
"Gunma","Kusatsu Onsen Ski Resort","kusatsuonsen","published_directly","japan-ski-resorts-558 | skiresort-japan-directory","Kusatsu Onsen | Kusatsu Onsen","attached_assets/Japan_Ski_Resorts_558_1783900482697.xlsx | https://www.skiresort.com/en/ski-resort/kusatsu-onsen/","2026-07-13 | 2026-08-24","verified_operating","https://www.932-onsen.com/winter/news/234.php","2026-08-26","/kusatsu-manza/mountain/kusatsu-onsen-resort",""
"Gunma","Malnuma Kōgen Ski Area","malnumakogenskiarea","unresolved","wikipedia-japan-specific | wikipedia-worldwide-japan","Malnuma Kōgen Ski Area | Malnuma Kōgen Ski Area","https://en.wikipedia.org/wiki/List_of_ski_areas_and_resorts_in_Japan | https://en.wikipedia.org/wiki/List_of_ski_areas_and_resorts_in_Japan","2026-08-26 | 2026-08-26","unresolved","","","",""
"Gunma","Manza Onsen Ski Resort","manzaonsen","published_directly","japan-ski-resorts-558 | skiresort-japan-directory | wikipedia-japan-specific | wikipedia-worldwide-japan","Manza Onsen | Manza Onsen | Manza Onsen Ski Resort | Manza Onsen Ski Resort","attached_assets/Japan_Ski_Resorts_558_1783900482697.xlsx | https://www.skiresort.com/en/ski-resort/manza-onsen/ | https://en.wikipedia.org/wiki/List_of_ski_areas_and_resorts_in_Japan | https://en.wikipedia.org/wiki/List_of_ski_areas_and_resorts_in_Japan","2026-07-13 | 2026-08-24 | 2026-08-26 | 2026-08-26","verified_operating","https://www.princehotels.com/manza/wp-content/uploads/sites/42/2025/10/%E3%80%90%E8%8B%B1%E8%AA%9E%E3%80%91%E3%80%90%E3%81%8A%E7%9F%A5%E3%82%89%E3%81%9B%E3%80%91%E4%B8%87%E5%BA%A7%EF%BC%B3%E3%83%BB%E9%AB%98%E5%8E%9FH%E4%BB%8A%E5%AD%A3%E5%96%B6%E6%A5%AD%E3%81%AB%E3%81%A4%E3%81%84%E3%81%A6spw7.pdf","2026-08-26","/kusatsu-manza/mountain/manza-onsen-resort",""
"Gunma","Marunuma Kogen Ski Resort","marunumakogen","published_directly","japan-ski-resorts-558 | skiresort-japan-directory","Marunuma Kogen | Marunuma Kogen","attached_assets/Japan_Ski_Resorts_558_1783900482697.xlsx | https://www.skiresort.com/en/ski-resort/marunuma-kogen/","2026-07-13 | 2026-08-24","verified_operating","https://www.marunuma.jp/winter/14038/","2026-08-26","/gunma-regional/mountain/marunuma-kogen-ski-resort",""
"Gunma","Minakami Hōdaigi Ski Area","minakamihodaigiskiarea","unresolved","wikipedia-japan-specific | wikipedia-worldwide-japan","Minakami Hōdaigi Ski Area | Minakami Hōdaigi Ski Area","https://en.wikipedia.org/wiki/List_of_ski_areas_and_resorts_in_Japan | https://en.wikipedia.org/wiki/List_of_ski_areas_and_resorts_in_Japan","2026-08-26 | 2026-08-26","unresolved","","","",""
"Gunma","Minakami Kogen Ski Resort","minakamikogen","published_directly","japan-ski-resorts-558 | skiresort-japan-directory | wikipedia-japan-specific | wikipedia-worldwide-japan","Minakami Kogen | Minakami Kogen | Minakami Kōgen Ski Area | Minakami Kōgen Ski Area","attached_assets/Japan_Ski_Resorts_558_1783900482697.xlsx | https://www.skiresort.com/en/ski-resort/minakami-kogen/ | https://en.wikipedia.org/wiki/List_of_ski_areas_and_resorts_in_Japan | https://en.wikipedia.org/wiki/List_of_ski_areas_and_resorts_in_Japan","2026-07-13 | 2026-08-24 | 2026-08-26 | 2026-08-26","verified_operating","https://en.minakami-ski.jp/price/","2026-08-26","/minakami/mountain/minakami-kogen",""
"Gunma","Minakami Ōana Ski Area","minakamioanaskiarea","unresolved","wikipedia-japan-specific | wikipedia-worldwide-japan","Minakami Ōana Ski Area | Minakami Ōana Ski Area","https://en.wikipedia.org/wiki/List_of_ski_areas_and_resorts_in_Japan | https://en.wikipedia.org/wiki/List_of_ski_areas_and_resorts_in_Japan","2026-08-26 | 2026-08-26","unresolved","","","",""
"Gunma","Minakami Town Akasawa Ski Area","minakamitownakasawaskiarea","unresolved","wikipedia-japan-specific | wikipedia-worldwide-japan","Minakami Town Akasawa Ski Area | Minakami Town Akasawa Ski Area","https://en.wikipedia.org/wiki/List_of_ski_areas_and_resorts_in_Japan | https://en.wikipedia.org/wiki/List_of_ski_areas_and_resorts_in_Japan","2026-08-26 | 2026-08-26","unresolved","","","",""
"Gunma","Mt.T by Hoshino Resorts","mounttanigawatanigawadaketenjindaira","published_directly","japan-ski-resorts-558 | skiresort-japan-directory | wikipedia-japan-specific | wikipedia-worldwide-japan","Mount Tanigawa – Tanigawadake Tenjindaira | Mount Tanigawa – Tanigawadake Tenjindaira | Tanigawadake Tenjindaira Ski Area | Tanigawadake Tenjindaira Ski Area","attached_assets/Japan_Ski_Resorts_558_1783900482697.xlsx | https://www.skiresort.com/en/ski-resort/mount-tanigawa-tanigawadake-tenjindaira/ | https://en.wikipedia.org/wiki/Mount_Tanigawa | https://en.wikipedia.org/wiki/Mount_Tanigawa","2026-07-13 | 2026-08-24 | 2026-08-26 | 2026-08-26","verified_operating","https://tanigawadake-joch.com/en/mt-t/news/2025-26-season-opens-december-20/","2026-08-26","/minakami/mountain/tenjindaira",""
"Gunma","Niiharu Sonei Akazawa","niiharusoneiakazawa","merged_or_renamed","japan-ski-resorts-558 | skiresort-japan-directory","Niiharu Sonei Akazawa | Niiharu Sonei Akazawa","attached_assets/Japan_Ski_Resorts_558_1783900482697.xlsx | https://www.skiresort.com/en/ski-resort/niiharu-sonei-akazawa/","2026-07-13 | 2026-08-24","merged_into","https://www.town.minakami.gunma.jp/politics/05kouhou/2024/files/20240301_kouhou_all.pdf","2026-08-26","",""
"Gunma","Norn Minakami Ski Resort","nornminakami","published_directly","japan-ski-resorts-558 | skiresort-japan-directory | wikipedia-japan-specific | wikipedia-worldwide-japan","Norn Minakami | Norn Minakami | Norn Minakami Ski Resort | Norn Minakami Ski Resort","attached_assets/Japan_Ski_Resorts_558_1783900482697.xlsx | https://www.skiresort.com/en/ski-resort/norn-minakami/ | https://en.wikipedia.org/wiki/List_of_ski_areas_and_resorts_in_Japan | https://en.wikipedia.org/wiki/List_of_ski_areas_and_resorts_in_Japan","2026-07-13 | 2026-08-24 | 2026-08-26 | 2026-08-26","verified_operating","https://www.norn.co.jp/winter/news/post-9467/","2026-08-26","/minakami/mountain/norn-minakami",""
"Gunma","Ogna Hotaka Ski Area","ognahotaka","published_directly","japan-ski-resorts-558 | skiresort-japan-directory","Ogna Hotaka | Ogna Hotaka","attached_assets/Japan_Ski_Resorts_558_1783900482697.xlsx | https://www.skiresort.com/en/ski-resort/ogna-hotaka/","2026-07-13 | 2026-08-24","verified_operating","https://k-hotaka.jp/ogna/","2026-08-26","/gunma-regional/mountain/ogna-hotaka-ski-area",""
"Gunma","Okutone Snow Park","minakamiokutone","published_directly","japan-ski-resorts-558 | skiresort-japan-directory | wikipedia-japan-specific | wikipedia-worldwide-japan","Minakami Okutone | Minakami Okutone | Okutone Snow Park | Okutone Snow Park","attached_assets/Japan_Ski_Resorts_558_1783900482697.xlsx | https://www.skiresort.com/en/ski-resort/minakami-okutone/ | https://en.wikipedia.org/wiki/List_of_ski_areas_and_resorts_in_Japan | https://en.wikipedia.org/wiki/List_of_ski_areas_and_resorts_in_Japan","2026-07-13 | 2026-08-24 | 2026-08-26 | 2026-08-26","verified_operating","https://okutone.jp/","2026-08-26","/minakami/mountain/okutone-snow-park",""
"Gunma","Omote Manza","omotemanza","unresolved","japan-ski-resorts-558 | skiresort-japan-directory | wikipedia-japan-specific | wikipedia-worldwide-japan","Omote Manza | Omote Manza (temporarily closed) | Omote Manza Snow Park | Omote Manza Snow Park","attached_assets/Japan_Ski_Resorts_558_1783900482697.xlsx | https://www.skiresort.com/en/ski-resort/omote-manza/ | https://en.wikipedia.org/wiki/List_of_ski_areas_and_resorts_in_Japan | https://en.wikipedia.org/wiki/List_of_ski_areas_and_resorts_in_Japan","2026-07-13 | 2026-08-24 | 2026-08-26 | 2026-08-26","unresolved","","","",""
"Gunma","Palcall Tsumagoi Resort","palcalltsumagoi","published_directly","japan-ski-resorts-558 | skiresort-japan-directory | wikipedia-japan-specific | wikipedia-worldwide-japan","Palcall Tsumagoi | Palcall Tsumagoi | Palcall Tsumagoi Ski Area | Palcall Tsumagoi Ski Area","attached_assets/Japan_Ski_Resorts_558_1783900482697.xlsx | https://www.skiresort.com/en/ski-resort/palcall-tsumagoi/ | https://en.wikipedia.org/wiki/List_of_ski_areas_and_resorts_in_Japan | https://en.wikipedia.org/wiki/List_of_ski_areas_and_resorts_in_Japan","2026-07-13 | 2026-08-24 | 2026-08-26 | 2026-08-26","verified_operating","https://tsumagoiskiresort.life/","2026-08-26","/gunma-regional/mountain/palcall-tsumagoi-resort",""
"Gunma","President Snow Park Karuizawa","presidentsnowparkkaruizawa","unresolved","wikipedia-japan-specific | wikipedia-worldwide-japan","President Snow Park Karuizawa | President Snow Park Karuizawa","https://en.wikipedia.org/wiki/List_of_ski_areas_and_resorts_in_Japan | https://en.wikipedia.org/wiki/List_of_ski_areas_and_resorts_in_Japan","2026-08-26 | 2026-08-26","unresolved","","","",""
"Gunma","Shiki no Mori White World Oze Iwakura","shikinomoriwhiteworldozeiwakura","unresolved","wikipedia-japan-specific | wikipedia-worldwide-japan","Shiki no Mori White World Oze Iwakura | Shiki no Mori White World Oze Iwakura","https://en.wikipedia.org/wiki/List_of_ski_areas_and_resorts_in_Japan | https://en.wikipedia.org/wiki/List_of_ski_areas_and_resorts_in_Japan","2026-08-26 | 2026-08-26","unresolved","","","",""
"Gunma","Snow Par Ogna Hotaka","snowparognahotaka","unresolved","wikipedia-japan-specific | wikipedia-worldwide-japan","Snow Par Ogna Hotaka | Snow Par Ogna Hotaka","https://en.wikipedia.org/wiki/List_of_ski_areas_and_resorts_in_Japan | https://en.wikipedia.org/wiki/List_of_ski_areas_and_resorts_in_Japan","2026-08-26 | 2026-08-26","unresolved","","","",""
"Gunma","Snow Park Oze Tokura","ozetokura","published_directly","japan-ski-resorts-558 | skiresort-japan-directory | wikipedia-japan-specific | wikipedia-worldwide-japan","Oze Tokura | Oze Tokura | Snow Park Oze Tokura | Snow Park Oze Tokura","attached_assets/Japan_Ski_Resorts_558_1783900482697.xlsx | https://www.skiresort.com/en/ski-resort/oze-tokura/ | https://en.wikipedia.org/wiki/List_of_ski_areas_and_resorts_in_Japan | https://en.wikipedia.org/wiki/List_of_ski_areas_and_resorts_in_Japan","2026-07-13 | 2026-08-24 | 2026-08-26 | 2026-08-26","verified_operating","https://ozetokura.co.jp/snowpark/","2026-08-26","/gunma-regional/mountain/snow-park-oze-tokura",""
"Gunma","Takamine Mountain Park","asama2000park","published_directly","japan-ski-resorts-558 | skiresort-japan-directory","Asama 2000 Park | Asama 2000 Park","attached_assets/Japan_Ski_Resorts_558_1783900482697.xlsx | https://www.skiresort.com/en/ski-resort/asama-2000-park/","2026-07-13 | 2026-08-24","verified_operating","https://asama2000.com/","2026-08-26","/gunma-regional/mountain/takamine-mountain-park",""
"Gunma","Tambara Ski Park","tanbaraskipark","published_directly","japan-ski-resorts-558 | skiresort-japan-directory | wikipedia-japan-specific | wikipedia-worldwide-japan","Tanbara Ski Park | Tanbara Ski Park | Tanbara Ski Park | Tanbara Ski Park","attached_assets/Japan_Ski_Resorts_558_1783900482697.xlsx | https://www.skiresort.com/en/ski-resort/tanbara-ski-park/ | https://en.wikipedia.org/wiki/List_of_ski_areas_and_resorts_in_Japan | https://en.wikipedia.org/wiki/List_of_ski_areas_and_resorts_in_Japan","2026-07-13 | 2026-08-24 | 2026-08-26 | 2026-08-26","verified_operating","https://www.tambara.co.jp/winter/news/25-26season_end/","2026-08-26","/gunma-regional/mountain/tambara-ski-park",""
"Gunma","Tanigawa Onsen White Valley Ski Area","tanigawaonsenwhitevalleyskiarea","unresolved","wikipedia-japan-specific | wikipedia-worldwide-japan","Tanigawa Onsen White Valley Ski Area | Tanigawa Onsen White Valley Ski Area","https://en.wikipedia.org/wiki/List_of_ski_areas_and_resorts_in_Japan | https://en.wikipedia.org/wiki/List_of_ski_areas_and_resorts_in_Japan","2026-08-26 | 2026-08-26","unresolved","","","",""
"Gunma","White World Oze Iwakura","ozeiwakura","published_directly","japan-ski-resorts-558 | skiresort-japan-directory","Oze Iwakura | Oze Iwakura","attached_assets/Japan_Ski_Resorts_558_1783900482697.xlsx | https://www.skiresort.com/en/ski-resort/oze-iwakura/","2026-07-13 | 2026-08-24","verified_operating","https://www.oze-iwakura.co.jp/ski/language/en/","2026-08-26","/gunma-regional/mountain/white-world-oze-iwakura",""
"Hiroshima","Azumayama Ski Area","azumayamaskiarea","unresolved","wikipedia-japan-specific | wikipedia-worldwide-japan","Azumayama Ski Area | Azumayama Ski Area","https://en.wikipedia.org/wiki/List_of_ski_areas_and_resorts_in_Japan | https://en.wikipedia.org/wiki/List_of_ski_areas_and_resorts_in_Japan","2026-08-26 | 2026-08-26","unresolved","","","",""
"Hiroshima","Dogoyama Kogen","dogoyamakogen","unresolved","japan-ski-resorts-558 | skiresort-japan-directory | wikipedia-japan-specific | wikipedia-worldwide-japan","Dogoyama Kogen | Dogoyama Kogen | Dōgoyama Kōgen Ski Area | Dōgoyama Kōgen Ski Area","attached_assets/Japan_Ski_Resorts_558_1783900482697.xlsx | https://www.skiresort.com/en/ski-resort/dogoyama-kogen/ | https://en.wikipedia.org/wiki/List_of_ski_areas_and_resorts_in_Japan | https://en.wikipedia.org/wiki/List_of_ski_areas_and_resorts_in_Japan","2026-07-13 | 2026-08-24 | 2026-08-26 | 2026-08-26","unclear","","2026-08-26","",""
"Hiroshima","Geihoku Bunka Land","geihokubunkaland","unresolved","wikipedia-japan-specific | wikipedia-worldwide-japan","Geihoku Bunka Land | Geihoku Bunka Land","https://en.wikipedia.org/wiki/List_of_ski_areas_and_resorts_in_Japan | https://en.wikipedia.org/wiki/List_of_ski_areas_and_resorts_in_Japan","2026-08-26 | 2026-08-26","unresolved","","","",""
"Hiroshima","Geihoku Kokusai","geihokukokusai","unresolved","japan-ski-resorts-558 | skiresort-japan-directory","Geihoku Kokusai | Geihoku Kokusai","attached_assets/Japan_Ski_Resorts_558_1783900482697.xlsx | https://www.skiresort.com/en/ski-resort/geihoku-kokusai/","2026-07-13 | 2026-08-24","unclear","","2026-08-26","",""
"Hiroshima","Hiroshima Kenmin no Mori","hiroshimakenminnomori","unresolved","japan-ski-resorts-558 | skiresort-japan-directory | wikipedia-japan-specific | wikipedia-worldwide-japan","Hiroshima Kenmin no Mori | Hiroshima Kenmin no Mori (temporarily closed) | Hiroshima Kenmin no Mori | Hiroshima Kenmin no Mori","attached_assets/Japan_Ski_Resorts_558_1783900482697.xlsx | https://www.skiresort.com/en/ski-resort/hiroshima-kenmin-no-mori/ | https://en.wikipedia.org/wiki/List_of_ski_areas_and_resorts_in_Japan | https://en.wikipedia.org/wiki/List_of_ski_areas_and_resorts_in_Japan","2026-07-13 | 2026-08-24 | 2026-08-26 | 2026-08-26","unresolved","","","",""
"Hiroshima","Kyukamura Azumayama","kyukamuraazumayama","unresolved","japan-ski-resorts-558","Kyukamura Azumayama","attached_assets/Japan_Ski_Resorts_558_1783900482697.xlsx","2026-07-13","unclear","","2026-08-26","",""
"Hiroshima","Megahira Ski Resort","megahiraonsenmegahira","published_directly","japan-ski-resorts-558 | skiresort-japan-directory | wikipedia-japan-specific | wikipedia-worldwide-japan","Megahira Onsen Megahira | Megahira Onsen Megahira | Megahira Onsen Megahira | Megahira Onsen Megahira","attached_assets/Japan_Ski_Resorts_558_1783900482697.xlsx | https://www.skiresort.com/en/ski-resort/megahira-onsen-megahira/ | https://en.wikipedia.org/wiki/List_of_ski_areas_and_resorts_in_Japan | https://en.wikipedia.org/wiki/List_of_ski_areas_and_resorts_in_Japan","2026-07-13 | 2026-08-24 | 2026-08-26 | 2026-08-26","verified_operating","https://www.megahira.co.jp/ski/news/","2026-08-26","/chugoku-ski-areas/mountain/megahira-ski-resort",""
"Hiroshima","Mominoki Shinrin Koen","mominokishinrinkoen","unresolved","japan-ski-resorts-558 | skiresort-japan-directory","Mominoki Shinrin Koen | Mominoki Shinrin Koen","attached_assets/Japan_Ski_Resorts_558_1783900482697.xlsx | https://www.skiresort.com/en/ski-resort/mominoki-shinrin-koen/","2026-07-13 | 2026-08-24","unclear","https://mominoki-shinrinkoen.jp/","2026-08-26","",""
"Hiroshima","Osa","osa","unresolved","japan-ski-resorts-558 | skiresort-japan-directory | wikipedia-japan-specific | wikipedia-worldwide-japan","Osa | Osa | Ōsa Ski Area | Ōsa Ski Area","attached_assets/Japan_Ski_Resorts_558_1783900482697.xlsx | https://www.skiresort.com/en/ski-resort/osa/ | https://en.wikipedia.org/wiki/List_of_ski_areas_and_resorts_in_Japan | https://en.wikipedia.org/wiki/List_of_ski_areas_and_resorts_in_Japan","2026-07-13 | 2026-08-24 | 2026-08-26 | 2026-08-26","unclear","","2026-08-26","",""
"Hiroshima","Osorakan","osorakan","unresolved","japan-ski-resorts-558 | skiresort-japan-directory | wikipedia-japan-specific | wikipedia-worldwide-japan","Osorakan | Osorakan | Osorakan Ski Area | Osorakan Ski Area","attached_assets/Japan_Ski_Resorts_558_1783900482697.xlsx | https://www.skiresort.com/en/ski-resort/osorakan/ | https://en.wikipedia.org/wiki/List_of_ski_areas_and_resorts_in_Japan | https://en.wikipedia.org/wiki/List_of_ski_areas_and_resorts_in_Japan","2026-07-13 | 2026-08-24 | 2026-08-26 | 2026-08-26","unclear","","2026-08-26","",""
"Hiroshima","Pine Ridge Resorts Geihoku","pineridgeresortsgeihoku","unresolved","wikipedia-japan-specific | wikipedia-worldwide-japan","Pine Ridge Resorts Geihoku | Pine Ridge Resorts Geihoku","https://en.wikipedia.org/wiki/List_of_ski_areas_and_resorts_in_Japan | https://en.wikipedia.org/wiki/List_of_ski_areas_and_resorts_in_Japan","2026-08-26 | 2026-08-26","unresolved","","","",""
"Hiroshima","Ringo Kyowakoku","ringokyowakoku","unresolved","japan-ski-resorts-558 | skiresort-japan-directory | wikipedia-japan-specific | wikipedia-worldwide-japan","Ringo Kyowakoku | Ringo Kyowakoku | Ringo Kyōwakoku Ski Area | Ringo Kyōwakoku Ski Area","attached_assets/Japan_Ski_Resorts_558_1783900482697.xlsx | https://www.skiresort.com/en/ski-resort/ringo-kyowakoku/ | https://en.wikipedia.org/wiki/List_of_ski_areas_and_resorts_in_Japan | https://en.wikipedia.org/wiki/List_of_ski_areas_and_resorts_in_Japan","2026-07-13 | 2026-08-24 | 2026-08-26 | 2026-08-26","unclear","","2026-08-26","",""
"Hiroshima","Samubiki Ski Park","samubikiskipark","unresolved","japan-ski-resorts-558 | skiresort-japan-directory","Samubiki Ski Park | Samubiki Ski Park","attached_assets/Japan_Ski_Resorts_558_1783900482697.xlsx | https://www.skiresort.com/en/ski-resort/samubiki-ski-park/","2026-07-13 | 2026-08-24","unclear","","2026-08-26","",""
"Hiroshima","Shinnyuzan Ikoinomura","shinnyuzanikoinomura","unresolved","japan-ski-resorts-558 | skiresort-japan-directory","Shinnyuzan Ikoinomura | Shinnyuzan Ikoinomura","attached_assets/Japan_Ski_Resorts_558_1783900482697.xlsx | https://www.skiresort.com/en/ski-resort/shinnyuzan-ikoinomura/","2026-07-13 | 2026-08-24","unclear","","2026-08-26","",""
"Hiroshima","Ski Park Kanbiki","skiparkkanbiki","unresolved","wikipedia-japan-specific | wikipedia-worldwide-japan","Ski Park Kanbiki | Ski Park Kanbiki","https://en.wikipedia.org/wiki/List_of_ski_areas_and_resorts_in_Japan | https://en.wikipedia.org/wiki/List_of_ski_areas_and_resorts_in_Japan","2026-08-26 | 2026-08-26","unresolved","","","",""
"Hiroshima","Snova Hiroshima","snovahiroshima","out_of_scope","japan-ski-resorts-558 | skiresort-japan-directory","Snova Hiroshima | Snova Hiroshima (indoor ski area)","attached_assets/Japan_Ski_Resorts_558_1783900482697.xlsx | https://www.skiresort.com/en/ski-resort/snova-hiroshima/","2026-07-13 | 2026-08-24","unresolved","","","",""
"Hiroshima","Snow Resort Nekoyama","snowresortnekoyama","unresolved","japan-ski-resorts-558 | skiresort-japan-directory | wikipedia-japan-specific | wikipedia-worldwide-japan","Snow Resort Nekoyama | Snow Resort Nekoyama | Snow Resort Nekoyama | Snow Resort Nekoyama","attached_assets/Japan_Ski_Resorts_558_1783900482697.xlsx | https://www.skiresort.com/en/ski-resort/snow-resort-nekoyama/ | https://en.wikipedia.org/wiki/List_of_ski_areas_and_resorts_in_Japan | https://en.wikipedia.org/wiki/List_of_ski_areas_and_resorts_in_Japan","2026-07-13 | 2026-08-24 | 2026-08-26 | 2026-08-26","unclear","","2026-08-26","",""
"Hiroshima","Takano Kogen","takanokogen","unresolved","japan-ski-resorts-558 | skiresort-japan-directory","Takano Kogen | Takano Kogen","attached_assets/Japan_Ski_Resorts_558_1783900482697.xlsx | https://www.skiresort.com/en/ski-resort/takano-kogen/","2026-07-13 | 2026-08-24","unclear","","2026-08-26","",""
"Hiroshima","Takaobara","takaobara","unresolved","japan-ski-resorts-558","Takaobara","attached_assets/Japan_Ski_Resorts_558_1783900482697.xlsx","2026-07-13","unclear","","2026-08-26","",""
"Hiroshima","Utopia Saioto","utopiasaioto","published_directly","japan-ski-resorts-558 | skiresort-japan-directory | wikipedia-japan-specific | wikipedia-worldwide-japan","Utopia Saioto | Utopia Saioto | Utopia Saioto | Utopia Saioto","attached_assets/Japan_Ski_Resorts_558_1783900482697.xlsx | https://www.skiresort.com/en/ski-resort/utopia-saioto/ | https://en.wikipedia.org/wiki/List_of_ski_areas_and_resorts_in_Japan | https://en.wikipedia.org/wiki/List_of_ski_areas_and_resorts_in_Japan","2026-07-13 | 2026-08-24 | 2026-08-26 | 2026-08-26","verified_operating","https://www.saioto.co.jp/news/","2026-08-26","/chugoku-ski-areas/mountain/utopia-saioto",""
"Hiroshima","White Valley Matsubara","whitevalleymatsubara","unresolved","japan-ski-resorts-558 | skiresort-japan-directory","White Valley Matsubara | White Valley Matsubara (temporarily closed)","attached_assets/Japan_Ski_Resorts_558_1783900482697.xlsx | https://www.skiresort.com/en/ski-resort/white-valley-matsubara/","2026-07-13 | 2026-08-24","unresolved","","","",""
"Hiroshima","Yawata Highland 191 Resort","yawatakogen191","published_directly","japan-ski-resorts-558 | skiresort-japan-directory | wikipedia-japan-specific | wikipedia-worldwide-japan","Yawata Kogen 191 | Yawata Kogen 191 | Yawata Kōgen 191 | Yawata Kōgen 191","attached_assets/Japan_Ski_Resorts_558_1783900482697.xlsx | https://www.skiresort.com/en/ski-resort/yawata-kogen-191/ | https://en.wikipedia.org/wiki/List_of_ski_areas_and_resorts_in_Japan | https://en.wikipedia.org/wiki/List_of_ski_areas_and_resorts_in_Japan","2026-07-13 | 2026-08-24 | 2026-08-26 | 2026-08-26","verified_operating","https://yawata191.com/","2026-08-26","/chugoku-ski-areas/mountain/yawata-highland-191-resort",""
"Hokkaido","Abashiri Lake View Ski Area","abashirilakeviewresort","published_directly","japan-ski-resorts-558 | skiresort-japan-directory | wikipedia-japan-specific | wikipedia-worldwide-japan","Abashiri Lake View Resort | Abashiri Lake View Resort | Abashiri Lake View Ski Area | Abashiri Lake View Ski Area","attached_assets/Japan_Ski_Resorts_558_1783900482697.xlsx | https://www.skiresort.com/en/ski-resort/abashiri-lake-view-resort/ | https://en.wikipedia.org/wiki/List_of_ski_areas_and_resorts_in_Japan | https://en.wikipedia.org/wiki/List_of_ski_areas_and_resorts_in_Japan","2026-07-13 | 2026-08-24 | 2026-08-26 | 2026-08-26","verified_operating","https://www.city.abashiri.hokkaido.jp/soshiki/28/14175.html","2026-08-26","/hokkaido-regional/mountain/abashiri-lake-view-ski-area",""
"Hokkaido","Akan Kohan Ski Area","akankohanskiarea","unresolved","wikipedia-japan-specific | wikipedia-worldwide-japan","Akan Kohan Ski Area | Akan Kohan Ski Area","https://en.wikipedia.org/wiki/List_of_ski_areas_and_resorts_in_Japan | https://en.wikipedia.org/wiki/List_of_ski_areas_and_resorts_in_Japan","2026-08-26 | 2026-08-26","unresolved","","","",""
"Hokkaido","Akan Lake Ski Area Utara","kokusetsuakankohan","unresolved","japan-ski-resorts-558 | skiresort-japan-directory","Kokusetsu Akankohan | Kokusetsu Akankohan","attached_assets/Japan_Ski_Resorts_558_1783900482697.xlsx | https://www.skiresort.com/en/ski-resort/kokusetsu-akankohan/","2026-07-13 | 2026-08-24","unclear","","2026-08-26","",""
"Hokkaido","Akan Royal Valley","akanroyalvalley","published_directly","japan-ski-resorts-558 | skiresort-japan-directory | wikipedia-japan-specific | wikipedia-worldwide-japan","Akan Royal Valley | Akan Royal Valley | Akan Royal Valley Ski Area | Akan Royal Valley Ski Area","attached_assets/Japan_Ski_Resorts_558_1783900482697.xlsx | https://www.skiresort.com/en/ski-resort/akan-royal-valley/ | https://en.wikipedia.org/wiki/List_of_ski_areas_and_resorts_in_Japan | https://en.wikipedia.org/wiki/List_of_ski_areas_and_resorts_in_Japan","2026-07-13 | 2026-08-24 | 2026-08-26 | 2026-08-26","verified_operating","https://www.akanroyalvalley.jp/%E3%82%B9%E3%83%8E%E3%83%BC%E3%82%A2%E3%82%AF%E3%83%86%E3%82%A3%E3%83%93%E3%83%86%E3%82%A3","2026-08-26","/hokkaido-regional/mountain/akan-royal-valley",""
"Hokkaido","Anpeizan Ski Area","choeianpeizan","unresolved","japan-ski-resorts-558 | skiresort-japan-directory | wikipedia-japan-specific | wikipedia-worldwide-japan","Choei Anpeizan | Choei Anpeizan | Anpeizan Ski Area | Anpeizan Ski Area","attached_assets/Japan_Ski_Resorts_558_1783900482697.xlsx | https://www.skiresort.com/en/ski-resort/choei-anpeizan/ | https://en.wikipedia.org/wiki/List_of_ski_areas_and_resorts_in_Japan | https://en.wikipedia.org/wiki/List_of_ski_areas_and_resorts_in_Japan","2026-07-13 | 2026-08-24 | 2026-08-26 | 2026-08-26","unclear","","2026-08-26","",""
"Hokkaido","Asahi Ski Area","asahi","merged_or_renamed","japan-ski-resorts-558 | skiresort-japan-directory | wikipedia-japan-specific | wikipedia-worldwide-japan","Asahi | Asahi | Asahi Ski Area | Asahi Ski Area","attached_assets/Japan_Ski_Resorts_558_1783900482697.xlsx | https://www.skiresort.com/en/ski-resort/asahi/ | https://en.wikipedia.org/wiki/List_of_ski_areas_and_resorts_in_Japan | https://en.wikipedia.org/wiki/List_of_ski_areas_and_resorts_in_Japan","2026-07-13 | 2026-08-24 | 2026-08-26 | 2026-08-26","merged_into","https://www.city.shibetsu.lg.jp/soshikikarasagasu/gasshukunosato_supotsusuishinka/shiminsupotsukakari/610.html","2026-08-26","",""
"Hokkaido","Asahigatake Ski Course","asahigatakeskicourse","unresolved","wikipedia-japan-specific | wikipedia-worldwide-japan","Asahigatake Ski Course | Asahigatake Ski Course","https://en.wikipedia.org/wiki/List_of_ski_areas_and_resorts_in_Japan | https://en.wikipedia.org/wiki/List_of_ski_areas_and_resorts_in_Japan","2026-08-26 | 2026-08-26","unresolved","","","",""
"Hokkaido","Asahikawa Santa Present Park Maruyama Ski Area","santapresentpark","published_directly","japan-ski-resorts-558 | skiresort-japan-directory","Santa Present Park | Santa Present Park","attached_assets/Japan_Ski_Resorts_558_1783900482697.xlsx | https://www.skiresort.com/en/ski-resort/santa-present-park/","2026-07-13 | 2026-08-24","verified_operating","https://www.asahikawasantapresentpark.com/cont1/48.html","2026-08-26","/hokkaido-regional/mountain/asahikawa-santa-present-park-maruyama-ski-area",""
"Hokkaido","Asahikawa Sun Valley","asahikawasunvalley","unresolved","japan-ski-resorts-558","Asahikawa Sun Valley","attached_assets/Japan_Ski_Resorts_558_1783900482697.xlsx","2026-07-13","unclear","","2026-08-26","",""
"Hokkaido","Asahiyama City Ski Area","asahiyamacityskiarea","unresolved","wikipedia-japan-specific | wikipedia-worldwide-japan","Asahiyama City Ski Area | Asahiyama City Ski Area","https://en.wikipedia.org/wiki/List_of_ski_areas_and_resorts_in_Japan | https://en.wikipedia.org/wiki/List_of_ski_areas_and_resorts_in_Japan","2026-08-26 | 2026-08-26","unresolved","","","",""
"Hokkaido","Asari Ski Resort","asarigawaonsen","published_directly","japan-ski-resorts-558 | skiresort-japan-directory | wikipedia-japan-specific | wikipedia-worldwide-japan","Asarigawa Onsen | Asarigawa Onsen | Asarigawa Onsen Ski Area | Asarigawa Onsen Ski Area","attached_assets/Japan_Ski_Resorts_558_1783900482697.xlsx | https://www.skiresort.com/en/ski-resort/asarigawa-onsen/ | https://en.wikipedia.org/wiki/List_of_ski_areas_and_resorts_in_Japan | https://en.wikipedia.org/wiki/List_of_ski_areas_and_resorts_in_Japan","2026-07-13 | 2026-08-24 | 2026-08-26 | 2026-08-26","verified_operating","https://asari-ski.com/en/","2026-08-26","/sapporo/mountain/asari-ski-resort",""
"Hokkaido","ASHIMOI KANKO Takaho Ski Area","numatachoeitakaho","unresolved","japan-ski-resorts-558 | skiresort-japan-directory","Numata-choei Takaho | Numata-choei Takaho","attached_assets/Japan_Ski_Resorts_558_1783900482697.xlsx | https://www.skiresort.com/en/ski-resort/numata-choei-takaho/","2026-07-13 | 2026-08-24","unclear","","2026-08-26","",""
"Hokkaido","Aspire","aspire","unresolved","japan-ski-resorts-558 | skiresort-japan-directory","Aspire | Aspire","attached_assets/Japan_Ski_Resorts_558_1783900482697.xlsx | https://www.skiresort.com/en/ski-resort/aspire/","2026-07-13 | 2026-08-24","unclear","","2026-08-26","",""
"Hokkaido","Atsuta Village Ski Area","atsutavillageskiarea","unresolved","wikipedia-japan-specific | wikipedia-worldwide-japan","Atsuta Village Ski Area | Atsuta Village Ski Area","https://en.wikipedia.org/wiki/Atsuta,_Hokkaidō | https://en.wikipedia.org/wiki/Atsuta,_Hokkaidō","2026-08-26 | 2026-08-26","unresolved","","","",""
"Hokkaido","Atsutamura","atsutamura","unresolved","japan-ski-resorts-558","Atsutamura","attached_assets/Japan_Ski_Resorts_558_1783900482697.xlsx","2026-07-13","unclear","","2026-08-26","",""
"Hokkaido","Bibai Kokusetsu Ski Area","bibaikokusetsu","unresolved","japan-ski-resorts-558 | skiresort-japan-directory","Bibai Kokusetsu | Bibai Kokusetsu","attached_assets/Japan_Ski_Resorts_558_1783900482697.xlsx | https://www.skiresort.com/en/ski-resort/bibai-kokusetsu/","2026-07-13 | 2026-08-24","unclear","","2026-08-26","",""
"Hokkaido","Bibai Ski Area","bibaiskiarea","unresolved","wikipedia-japan-specific | wikipedia-worldwide-japan","Bibai Ski Area | Bibai Ski Area","https://en.wikipedia.org/wiki/List_of_ski_areas_and_resorts_in_Japan | https://en.wikipedia.org/wiki/List_of_ski_areas_and_resorts_in_Japan","2026-08-26 | 2026-08-26","unresolved","","","",""
"Hokkaido","Bibakarasu – Kenbuchi","bibakarasukenbuchi","unresolved","japan-ski-resorts-558 | skiresort-japan-directory","Bibakarasu – Kenbuchi | Bibakarasu – Kenbuchi","attached_assets/Japan_Ski_Resorts_558_1783900482697.xlsx | https://www.skiresort.com/en/ski-resort/bibakarasu-kenbuchi/","2026-07-13 | 2026-08-24","unclear","","2026-08-26","",""
"Hokkaido","Biei Chomin","bieichomin","unresolved","skiresort-japan-directory","Biei Chomin","https://www.skiresort.com/en/ski-resort/biei-chomin/","2026-08-24","unresolved","","","",""
"Hokkaido","Bieichonmin","bieichonmin","unresolved","japan-ski-resorts-558","Bieichonmin","attached_assets/Japan_Ski_Resorts_558_1783900482697.xlsx","2026-07-13","unclear","","2026-08-26","",""
"Hokkaido","Bifuka Ski Area","bifuka","unresolved","japan-ski-resorts-558 | skiresort-japan-directory | wikipedia-japan-specific | wikipedia-worldwide-japan","Bifuka | Bifuka | Bifuka Ski Area | Bifuka Ski Area","attached_assets/Japan_Ski_Resorts_558_1783900482697.xlsx | https://www.skiresort.com/en/ski-resort/bifuka/ | https://en.wikipedia.org/wiki/List_of_ski_areas_and_resorts_in_Japan | https://en.wikipedia.org/wiki/List_of_ski_areas_and_resorts_in_Japan","2026-07-13 | 2026-08-24 | 2026-08-26 | 2026-08-26","unclear","","2026-08-26","",""
"Hokkaido","Birao Ski Area","biraoskiarea","unresolved","wikipedia-japan-specific | wikipedia-worldwide-japan","Birao Ski Area | Birao Ski Area","https://en.wikipedia.org/wiki/List_of_ski_areas_and_resorts_in_Japan | https://en.wikipedia.org/wiki/List_of_ski_areas_and_resorts_in_Japan","2026-08-26 | 2026-08-26","unresolved","","","",""
"Hokkaido","Boyodai Ski Area","obirachoboyodai","unresolved","japan-ski-resorts-558 | skiresort-japan-directory","Obiracho Boyodai | Obiracho Boyodai","attached_assets/Japan_Ski_Resorts_558_1783900482697.xlsx | https://www.skiresort.com/en/ski-resort/obiracho-boyodai/","2026-07-13 | 2026-08-24","verified_operating","https://www.town.obira.hokkaido.jp/kanko/detail/00001389.html","2026-08-26","",""
"Hokkaido","Canmore Ski Village","canmoreskivillagehigashikawa","published_directly","japan-ski-resorts-558 | skiresort-japan-directory | wikipedia-japan-specific | wikipedia-worldwide-japan","Canmore Ski Village – Higashikawa | Canmore Ski Village – Higashikawa | Canmore Ski Village | Canmore Ski Village","attached_assets/Japan_Ski_Resorts_558_1783900482697.xlsx | https://www.skiresort.com/en/ski-resort/canmore-ski-village-higashikawa/ | https://www.canmore-ski.jp/ | https://www.canmore-ski.jp/","2026-07-13 | 2026-08-24 | 2026-08-26 | 2026-08-26","verified_operating","https://www.canmore-ski.jp/","2026-08-26","/asahikawa/mountain/canmore-ski-village",""
"Hokkaido","Chisenupuri CAT Ski","chisenupurirankoshicho","published_directly","japan-ski-resorts-558 | skiresort-japan-directory","Chisenupuri – Rankoshi-cho | Chisenupuri – Rankoshi-cho","attached_assets/Japan_Ski_Resorts_558_1783900482697.xlsx | https://www.skiresort.com/en/ski-resort/chisenupuri-rankoshi-cho/","2026-07-13 | 2026-08-24","verified_operating","https://www.chisenupuri.com/jp","2026-08-26","/niseko/mountain/chisenupuri-cat-ski",""
"Hokkaido","Chūrui Village Shiroganedai Ski Area","churuivillageshiroganedaiskiarea","unresolved","wikipedia-japan-specific | wikipedia-worldwide-japan","Chūrui Village Shiroganedai Ski Area | Chūrui Village Shiroganedai Ski Area","https://en.wikipedia.org/wiki/Chūrui,_Hokkaidō | https://en.wikipedia.org/wiki/Chūrui,_Hokkaidō","2026-08-26 | 2026-08-26","unresolved","","","",""
"Hokkaido","Consadole Niki Ski Park","nikichomin","published_directly","japan-ski-resorts-558 | skiresort-japan-directory","Niki Chomin | Niki Chomin","attached_assets/Japan_Ski_Resorts_558_1783900482697.xlsx | https://www.skiresort.com/en/ski-resort/niki-chomin/","2026-07-13 | 2026-08-24","verified_operating","https://nikipark.jp/","2026-08-26","/hokkaido-regional/mountain/consadole-niki-ski-park",""
"Hokkaido","Daisetsuzan Asahidake Ropeway Ski Course","asahidake","published_directly","japan-ski-resorts-558 | skiresort-japan-directory","Asahidake | Asahidake","attached_assets/Japan_Ski_Resorts_558_1783900482697.xlsx | https://www.skiresort.com/en/ski-resort/asahidake/","2026-07-13 | 2026-08-24","unclear","https://www.welcome-higashikawa.jp/%e3%80%90%e3%81%8a%e7%9f%a5%e3%82%89%e3%81%9b%e3%80%91%e6%97%ad%e5%b2%b3%e3%83%ad%e3%83%bc%e3%83%97%e3%82%a6%e3%82%a7%e3%82%a4%e3%80%8012%e6%9c%8811%e6%97%a5%ef%bc%88%e6%9c%a8%ef%bc%89%e3%82%88/","2026-08-26","/asahikawa/mountain/asahidake",""
"Hokkaido","Daisetsuzan Kurodake Ski Area","daisetsuzankurodakeskiarea","unresolved","wikipedia-japan-specific | wikipedia-worldwide-japan","Daisetsuzan Kurodake Ski Area | Daisetsuzan Kurodake Ski Area","https://en.wikipedia.org/wiki/File:Furano_ski.jpg | https://en.wikipedia.org/wiki/File:Furano_ski.jpg","2026-08-26 | 2026-08-26","unresolved","","","",""
"Hokkaido","Daisetsuzan Sounkyo Kurodake Ski Area","daisetsuzankurodakesounkyo","unresolved","japan-ski-resorts-558 | skiresort-japan-directory","Daisetsuzan Kurodake – Sounkyo | Daisetsuzan Kurodake – Sounkyo","attached_assets/Japan_Ski_Resorts_558_1783900482697.xlsx | https://www.skiresort.com/en/ski-resort/daisetsuzan-kurodake-sounkyo/","2026-07-13 | 2026-08-24","unclear","","2026-08-26","",""
"Hokkaido","Engaru Rock Valley Ski Area","engarurockvalley","published_directly","japan-ski-resorts-558 | skiresort-japan-directory | wikipedia-japan-specific | wikipedia-worldwide-japan","Engaru Rock Valley | Engaru Rock Valley | Engaru Rock Valley Ski Area | Engaru Rock Valley Ski Area","attached_assets/Japan_Ski_Resorts_558_1783900482697.xlsx | https://www.skiresort.com/en/ski-resort/engaru-rock-valley/ | https://en.wikipedia.org/wiki/List_of_ski_areas_and_resorts_in_Japan | https://en.wikipedia.org/wiki/List_of_ski_areas_and_resorts_in_Japan","2026-07-13 | 2026-08-24 | 2026-08-26 | 2026-08-26","verified_operating","https://engaru-mori-no-okhotsk.jp/news/2025/11/13/7822/","2026-08-26","/hokkaido-regional/mountain/engaru-rock-valley-ski-area",""
"Hokkaido","Eniwa Citizens Ski Area","eniwashimin","published_directly","japan-ski-resorts-558 | skiresort-japan-directory","Eniwa Shimin | Eniwa Shimin","attached_assets/Japan_Ski_Resorts_558_1783900482697.xlsx | https://www.skiresort.com/en/ski-resort/eniwa-shimin/","2026-07-13 | 2026-08-24","verified_operating","https://www.city.eniwa.hokkaido.jp/kurashi/kosodate_kyoiku/sports/sportsshisetsu/7967.html","2026-08-26","/sapporo/mountain/eniwa-citizens-ski-area",""
"Hokkaido","Eniwa City Ski Area","eniwacityskiarea","unresolved","wikipedia-japan-specific | wikipedia-worldwide-japan","Eniwa City Ski Area | Eniwa City Ski Area","https://en.wikipedia.org/wiki/Eniwa,_Hokkaidō | https://en.wikipedia.org/wiki/Eniwa,_Hokkaidō","2026-08-26 | 2026-08-26","unresolved","","","",""
"Hokkaido","Esashi Mikasayama Ski Area","esashichomikasayama","published_directly","japan-ski-resorts-558 | skiresort-japan-directory | wikipedia-japan-specific | wikipedia-worldwide-japan","Esashicho Mikasayama | Esashicho Mikasayama | Esashi Town Mikasayama Ski Area | Esashi Town Mikasayama Ski Area","attached_assets/Japan_Ski_Resorts_558_1783900482697.xlsx | https://www.skiresort.com/en/ski-resort/esashicho-mikasayama/ | https://en.wikipedia.org/wiki/Esashi,_Hokkaidō_(Sōya) | https://en.wikipedia.org/wiki/Esashi,_Hokkaidō_(Sōya)","2026-07-13 | 2026-08-24 | 2026-08-26 | 2026-08-26","verified_operating","https://www.esashi.jp/education/social_education/kouhyou_hyouka/anzenhoukoku.html","2026-08-26","/hokkaido-regional/mountain/esashi-mikasayama-ski-area",""
"Hokkaido","Fu's Snow Area","fujinohealthlandkokusai","published_directly","japan-ski-resorts-558 | skiresort-japan-directory | wikipedia-japan-specific | wikipedia-worldwide-japan","Fujino Healthland Kokusai | Fujino Healthland Kokusai | Fu's Snow Area | Fu's Snow Area","attached_assets/Japan_Ski_Resorts_558_1783900482697.xlsx | https://www.skiresort.com/en/ski-resort/fujino-healthland-kokusai/ | https://en.wikipedia.org/wiki/List_of_ski_areas_and_resorts_in_Japan | https://en.wikipedia.org/wiki/List_of_ski_areas_and_resorts_in_Japan","2026-07-13 | 2026-08-24 | 2026-08-26 | 2026-08-26","verified_operating","https://www.fujino-yagai-sports.jp/winter","2026-08-26","/hokkaido-regional/mountain/fu-s-snow-area",""
"Hokkaido","Fuji Tenjinyama","fujitenjinyama","unresolved","japan-ski-resorts-558 | skiresort-japan-directory","Fuji Tenjinyama | Fuji Tenjinyama","attached_assets/Japan_Ski_Resorts_558_1783900482697.xlsx | https://www.skiresort.com/en/ski-resort/fuji-tenjinyama/","2026-07-13 | 2026-08-24","unclear","","2026-08-26","",""
"Hokkaido","Fukagawa Ski Area","fukagawaskiarea","unresolved","wikipedia-japan-specific | wikipedia-worldwide-japan","Fukagawa Ski Area | Fukagawa Ski Area","https://en.wikipedia.org/wiki/List_of_ski_areas_and_resorts_in_Japan | https://en.wikipedia.org/wiki/List_of_ski_areas_and_resorts_in_Japan","2026-08-26 | 2026-08-26","unresolved","","","",""
"Hokkaido","Furano Ski Resort","furano","published_directly","japan-ski-resorts-558 | skiresort-japan-directory | wikipedia-japan-specific | wikipedia-worldwide-japan","Furano | Furano | Furano Ski Reosrt | Furano Ski Reosrt","attached_assets/Japan_Ski_Resorts_558_1783900482697.xlsx | https://www.skiresort.com/en/ski-resort/furano/ | https://en.wikipedia.org/wiki/Furano_Ski_Resort | https://en.wikipedia.org/wiki/Furano_Ski_Resort","2026-07-13 | 2026-08-24 | 2026-08-26 | 2026-08-26","verified_operating","https://www.princehotels.co.jp/shinfurano/facility/furano_ski_2025_2026/","2026-08-26","/furano/mountain/furano-ski-resort",""
"Hokkaido","Furubira Kazoku Ryokōmura Ski Area","furubirakazokuryokomuraskiarea","unresolved","wikipedia-japan-specific | wikipedia-worldwide-japan","Furubira Kazoku Ryokōmura Ski Area | Furubira Kazoku Ryokōmura Ski Area","https://en.wikipedia.org/wiki/List_of_ski_areas_and_resorts_in_Japan | https://en.wikipedia.org/wiki/List_of_ski_areas_and_resorts_in_Japan","2026-08-26 | 2026-08-26","unresolved","","","",""
"Hokkaido","Gakuden","gakuden","unresolved","japan-ski-resorts-558 | skiresort-japan-directory","Gakuden | Gakuden","attached_assets/Japan_Ski_Resorts_558_1783900482697.xlsx | https://www.skiresort.com/en/ski-resort/gakuden/","2026-07-13 | 2026-08-24","unclear","","2026-08-26","",""
"Hokkaido","Gokazan Ski Area","gokazanyubetsu","published_directly","japan-ski-resorts-558 | skiresort-japan-directory","Gokazan – Yūbetsu | Gokazan – Yūbetsu","attached_assets/Japan_Ski_Resorts_558_1783900482697.xlsx | https://www.skiresort.com/en/ski-resort/gokazan-yubetsu/","2026-07-13 | 2026-08-24","verified_operating","https://www.town.yubetsu.lg.jp/administration/culture/detail.html?content=271","2026-08-26","/hokkaido-regional/mountain/gokazan-ski-area",""
"Hokkaido","Greenpia Onuma Ski Area","greenpiaonuma","published_directly","japan-ski-resorts-558 | skiresort-japan-directory | wikipedia-japan-specific | wikipedia-worldwide-japan","Greenpia Onuma | Greenpia Onuma | Greenpia Ōnuma Ski Area | Greenpia Ōnuma Ski Area","attached_assets/Japan_Ski_Resorts_558_1783900482697.xlsx | https://www.skiresort.com/en/ski-resort/greenpia-onuma/ | https://en.wikipedia.org/wiki/List_of_ski_areas_and_resorts_in_Japan | https://en.wikipedia.org/wiki/List_of_ski_areas_and_resorts_in_Japan","2026-07-13 | 2026-08-24 | 2026-08-26 | 2026-08-26","verified_operating","https://www.gp-onuma.com/news/2026/03/postid_3046/","2026-08-26","/hokkaido-regional/mountain/greenpia-onuma-ski-area",""
"Hokkaido","Haginoyama Civic Ski Area","haginoyamashimin","published_directly","japan-ski-resorts-558 | skiresort-japan-directory","Haginoyama Shimin | Haginoyama Shimin","attached_assets/Japan_Ski_Resorts_558_1783900482697.xlsx | https://www.skiresort.com/en/ski-resort/haginoyama-shimin/","2026-07-13 | 2026-08-24","verified_operating","https://haginoyama.com/","2026-08-26","/hokkaido-regional/mountain/haginoyama-civic-ski-area",""
"Hokkaido","Hakodate Nanae Snow Park","hakodatenanae","published_directly","japan-ski-resorts-558 | skiresort-japan-directory | wikipedia-japan-specific | wikipedia-worldwide-japan","Hakodate Nanae | Hakodate Nanae | Hakodate Nanae Ski Area | Hakodate Nanae Ski Area","attached_assets/Japan_Ski_Resorts_558_1783900482697.xlsx | https://www.skiresort.com/en/ski-resort/hakodate-nanae/ | https://en.wikipedia.org/wiki/List_of_ski_areas_and_resorts_in_Japan | https://en.wikipedia.org/wiki/List_of_ski_areas_and_resorts_in_Japan","2026-07-13 | 2026-08-24 | 2026-08-26 | 2026-08-26","verified_operating","https://hakodate-nanae.jp/","2026-08-26","/hokkaido-regional/mountain/hakodate-nanae-snow-park",""
"Hokkaido","Hakugindai Ski Area","churuimurahakugindai","published_directly","japan-ski-resorts-558 | skiresort-japan-directory","Churuimura Hakugindai | Churuimura Hakugindai","attached_assets/Japan_Ski_Resorts_558_1783900482697.xlsx | https://www.skiresort.com/en/ski-resort/churuimura-hakugindai/","2026-07-13 | 2026-08-24","verified_operating","http://makubetsu-ski.com/category/news-hg/","2026-08-26","/hokkaido-regional/mountain/hakugindai-ski-area",""
"Hokkaido","Hamamasu Sonmin","hamamasusonmin","unresolved","japan-ski-resorts-558","Hamamasu Sonmin","attached_assets/Japan_Ski_Resorts_558_1783900482697.xlsx","2026-07-13","unclear","","2026-08-26","",""
"Hokkaido","Hamamasu Village Ski Area","hamamasuvillageskiarea","unresolved","wikipedia-japan-specific | wikipedia-worldwide-japan","Hamamasu Village Ski Area | Hamamasu Village Ski Area","https://en.wikipedia.org/wiki/Hamamasu,_Hokkaidō | https://en.wikipedia.org/wiki/Hamamasu,_Hokkaidō","2026-08-26 | 2026-08-26","unresolved","","","",""
"Hokkaido","Hidaka Kokusai Ski Area","hidakakokusai","published_directly","japan-ski-resorts-558 | skiresort-japan-directory | wikipedia-japan-specific | wikipedia-worldwide-japan","Hidaka Kokusai | Hidaka Kokusai | Hidaka Kokusai Ski Area | Hidaka Kokusai Ski Area","attached_assets/Japan_Ski_Resorts_558_1783900482697.xlsx | https://www.skiresort.com/en/ski-resort/hidaka-kokusai/ | https://en.wikipedia.org/wiki/List_of_ski_areas_and_resorts_in_Japan | https://en.wikipedia.org/wiki/List_of_ski_areas_and_resorts_in_Japan","2026-07-13 | 2026-08-24 | 2026-08-26 | 2026-08-26","verified_operating","http://www.town.hidaka.hokkaido.jp/ski/","2026-08-26","/hokkaido-regional/mountain/hidaka-kokusai-ski-area",""
"Hokkaido","Higashigaoka Ski Area","horonobechohigashiyama","unresolved","japan-ski-resorts-558 | skiresort-japan-directory","Horonobecho Higashiyama | Horonobecho Higashiyama","attached_assets/Japan_Ski_Resorts_558_1783900482697.xlsx | https://www.skiresort.com/en/ski-resort/horonobecho-higashiyama/","2026-07-13 | 2026-08-24","verified_operating","https://www.town.horonobe.lg.jp/www4/section/edu/le009f0000001go7.html","2026-08-26","",""
"Hokkaido","Hinode","hinode","unresolved","japan-ski-resorts-558 | skiresort-japan-directory | wikipedia-japan-specific | wikipedia-worldwide-japan","Hinode | Hinode | Hinode Ski Area | Hinode Ski Area","attached_assets/Japan_Ski_Resorts_558_1783900482697.xlsx | https://www.skiresort.com/en/ski-resort/hinode/ | https://en.wikipedia.org/wiki/List_of_ski_areas_and_resorts_in_Japan | https://en.wikipedia.org/wiki/List_of_ski_areas_and_resorts_in_Japan","2026-07-13 | 2026-08-24 | 2026-08-26 | 2026-08-26","unclear","","2026-08-26","",""
"Hokkaido","Hobetsu Ski Area","hobetsuskiarea","unresolved","wikipedia-japan-specific | wikipedia-worldwide-japan","Hobetsu Ski Area | Hobetsu Ski Area","https://en.wikipedia.org/wiki/List_of_ski_areas_and_resorts_in_Japan | https://en.wikipedia.org/wiki/List_of_ski_areas_and_resorts_in_Japan","2026-08-26 | 2026-08-26","unresolved","","","",""
"Hokkaido","Hokkaido Greenland White Park Iwamizawa","mitsuigreenland","published_directly","japan-ski-resorts-558 | skiresort-japan-directory","Mitsui Greenland | Mitsui Greenland","attached_assets/Japan_Ski_Resorts_558_1783900482697.xlsx | https://www.skiresort.com/en/ski-resort/mitsui-greenland/","2026-07-13 | 2026-08-24","verified_operating","https://h-greenland.com/ski/?news=2026-ski-iwamizawa-whitepark","2026-08-26","/hokkaido-regional/mountain/hokkaido-greenland-white-park-iwamizawa",""
"Hokkaido","Horonobe Town Higashigaoka Ski Area","horonobetownhigashigaokaskiarea","unresolved","wikipedia-japan-specific | wikipedia-worldwide-japan","Horonobe Town Higashigaoka Ski Area | Horonobe Town Higashigaoka Ski Area","https://en.wikipedia.org/wiki/Horonobe,_Hokkaidō | https://en.wikipedia.org/wiki/Horonobe,_Hokkaidō","2026-08-26 | 2026-08-26","unresolved","","","",""
"Hokkaido","Horotachi Ski Area","horotachi","published_directly","japan-ski-resorts-558 | skiresort-japan-directory | wikipedia-japan-specific | wikipedia-worldwide-japan","Horotachi | Horotachi | Horotachi Ski Area | Horotachi Ski Area","attached_assets/Japan_Ski_Resorts_558_1783900482697.xlsx | https://www.skiresort.com/en/ski-resort/horotachi/ | https://en.wikipedia.org/wiki/List_of_ski_areas_and_resorts_in_Japan | https://en.wikipedia.org/wiki/List_of_ski_areas_and_resorts_in_Japan","2026-07-13 | 2026-08-24 | 2026-08-26 | 2026-08-26","verified_operating","https://www.city.shibetsu.lg.jp/soshikikarasagasu/gasshukunosato_supotsusuishinka/shiminsupotsukakari/1351.html","2026-08-26","/hokkaido-regional/mountain/horotachi-ski-area",""
"Hokkaido","Hoshino Resorts TOMAMU","hoshinoresortstomamu","covered_by_multiple_pages","japan-ski-resorts-558 | skiresort-japan-directory | wikipedia-japan-specific | wikipedia-worldwide-japan","Hoshino Resorts Tomamu | Hoshino Resorts Tomamu | Alpha Resort Tomamu | Alpha Resort Tomamu","attached_assets/Japan_Ski_Resorts_558_1783900482697.xlsx | https://www.skiresort.com/en/ski-resort/hoshino-resorts-tomamu/ | https://en.wikipedia.org/wiki/List_of_ski_areas_and_resorts_in_Japan | https://en.wikipedia.org/wiki/List_of_ski_areas_and_resorts_in_Japan","2026-07-13 | 2026-08-24 | 2026-08-26 | 2026-08-26","verified_operating","https://www.snowtomamu.jp/winter/en/","2026-08-26","/tomamu-sahoro/mountain/tomamu-resort | /furano/mountain/tomamu","Legacy duplicate public routes for the same resort are preserved because existing public URLs must remain unchanged."
"Hokkaido","Imakane Town Pirika Ski Area","imakanetownpirikaskiarea","unresolved","wikipedia-japan-specific | wikipedia-worldwide-japan","Imakane Town Pirika Ski Area | Imakane Town Pirika Ski Area","https://en.wikipedia.org/wiki/Imakane,_Hokkaidō | https://en.wikipedia.org/wiki/Imakane,_Hokkaidō","2026-08-26 | 2026-08-26","unresolved","","","",""
"Hokkaido","Inosawa City Ski Area","inosawacityskiarea","unresolved","wikipedia-japan-specific | wikipedia-worldwide-japan","Inosawa City Ski Area | Inosawa City Ski Area","https://en.wikipedia.org/wiki/List_of_ski_areas_and_resorts_in_Japan | https://en.wikipedia.org/wiki/List_of_ski_areas_and_resorts_in_Japan","2026-08-26 | 2026-08-26","unresolved","","","",""
"Hokkaido","Inosawashimin","inosawashimin","unresolved","japan-ski-resorts-558 | skiresort-japan-directory","Inosawashimin | Inosawashimin","attached_assets/Japan_Ski_Resorts_558_1783900482697.xlsx | https://www.skiresort.com/en/ski-resort/inosawashimin/","2026-07-13 | 2026-08-24","unclear","","2026-08-26","",""
"Hokkaido","Ishikari Heigen Ski Area","ishikariheigen","published_directly","japan-ski-resorts-558 | skiresort-japan-directory","Ishikari Heigen | Ishikari Heigen","attached_assets/Japan_Ski_Resorts_558_1783900482697.xlsx | https://www.skiresort.com/en/ski-resort/ishikari-heigen/","2026-07-13 | 2026-08-24","verified_operating","https://www.ishikari-heigen-ski.net/","2026-08-26","/hokkaido-regional/mountain/ishikari-heigen-ski-area",""
"Hokkaido","Ishikari Heigen Skiing Ground","ishikariheigenskiingground","unresolved","wikipedia-japan-specific | wikipedia-worldwide-japan","Ishikari Heigen Skiing Ground | Ishikari Heigen Skiing Ground","https://en.wikipedia.org/wiki/List_of_ski_areas_and_resorts_in_Japan | https://en.wikipedia.org/wiki/List_of_ski_areas_and_resorts_in_Japan","2026-08-26 | 2026-08-26","unresolved","","","",""
"Hokkaido","Iwamizawa Haginoyama City Ski Gelände","iwamizawahaginoyamacityskigelande","unresolved","wikipedia-japan-specific | wikipedia-worldwide-japan","Iwamizawa Haginoyama City Ski Gelände | Iwamizawa Haginoyama City Ski Gelände","https://en.wikipedia.org/wiki/Iwamizawa,_Hokkaidō | https://en.wikipedia.org/wiki/Iwamizawa,_Hokkaidō","2026-08-26 | 2026-08-26","unresolved","","","",""
"Hokkaido","Kamikawa Choei Nakayama","kamikawachoeinakayama","unresolved","japan-ski-resorts-558 | skiresort-japan-directory","Kamikawa Choei Nakayama | Kamikawa Choei Nakayama","attached_assets/Japan_Ski_Resorts_558_1783900482697.xlsx | https://www.skiresort.com/en/ski-resort/kamikawa-choei-nakayama/","2026-07-13 | 2026-08-24","unclear","","2026-08-26","",""
"Hokkaido","Kamiyūbetsu Town Gokazan Ski Area","kamiyubetsutowngokazanskiarea","unresolved","wikipedia-japan-specific | wikipedia-worldwide-japan","Kamiyūbetsu Town Gokazan Ski Area | Kamiyūbetsu Town Gokazan Ski Area","https://en.wikipedia.org/wiki/Kamiyūbetsu,_Hokkaidō | https://en.wikipedia.org/wiki/Kamiyūbetsu,_Hokkaidō","2026-08-26 | 2026-08-26","unresolved","","","",""
"Hokkaido","Kamoidake International Ski Area","kamoidakekokusai","published_directly","japan-ski-resorts-558 | skiresort-japan-directory | wikipedia-japan-specific | wikipedia-worldwide-japan","Kamoidake Kokusai | Kamoidake Kokusai | Kamoidake Kokusai Ski Area | Kamoidake Kokusai Ski Area","attached_assets/Japan_Ski_Resorts_558_1783900482697.xlsx | https://www.skiresort.com/en/ski-resort/kamoidake-kokusai/ | https://en.wikipedia.org/wiki/List_of_ski_areas_and_resorts_in_Japan | https://en.wikipedia.org/wiki/List_of_ski_areas_and_resorts_in_Japan","2026-07-13 | 2026-08-24 | 2026-08-26 | 2026-08-26","verified_operating","https://kamoidake.co.jp/2026/02/19/2026-02-20/","2026-08-26","/hokkaido-regional/mountain/kamoidake-international-ski-area",""
"Hokkaido","Kamui Ski Links","kamuiskilinks","covered_by_multiple_pages","japan-ski-resorts-558 | skiresort-japan-directory","Kamui Ski Links | Kamui Ski Links","attached_assets/Japan_Ski_Resorts_558_1783900482697.xlsx | https://www.skiresort.com/en/ski-resort/kamui-ski-links/","2026-07-13 | 2026-08-24","verified_operating","https://www.kamui-skilinks.com/en/","2026-08-26","/asahikawa/mountain/kamui | /furano/mountain/kamui-ski-links","Legacy duplicate public routes for the same resort are preserved because existing public URLs must remain unchanged."
"Hokkaido","Kamui Ski Links","kamuiskiarea","published_directly","wikipedia-japan-specific | wikipedia-worldwide-japan","Kamui Ski Area | Kamui Ski Area","https://kamuiresort.com/ | https://kamuiresort.com/","2026-08-26 | 2026-08-26","verified_operating","https://www.kamui-skilinks.com/en/","2026-08-26","/asahikawa/mountain/kamui",""
"Hokkaido","Kanayama Ski Area","kanayamaskiarea","unresolved","wikipedia-japan-specific | wikipedia-worldwide-japan","Kanayama Ski Area | Kanayama Ski Area","https://en.wikipedia.org/wiki/List_of_ski_areas_and_resorts_in_Japan | https://en.wikipedia.org/wiki/List_of_ski_areas_and_resorts_in_Japan","2026-08-26 | 2026-08-26","unresolved","","","",""
"Hokkaido","Karurusu Onsen Sanlaiva Ski Area","noboribetsukogensanraiba","published_directly","japan-ski-resorts-558 | skiresort-japan-directory","Noboribetsu Kogen Sanraiba | Noboribetsu Kogen Sanraiba","attached_assets/Japan_Ski_Resorts_558_1783900482697.xlsx | https://www.skiresort.com/en/ski-resort/noboribetsu-kogen-sanraiba/","2026-07-13 | 2026-08-24","verified_operating","https://sanlaiva.com/","2026-08-26","/hokkaido-regional/mountain/karurusu-onsen-sanlaiva-ski-area",""
"Hokkaido","Katsurazawa Kokusetsu Ski Area","katsurazawakokusetsu","unresolved","japan-ski-resorts-558 | skiresort-japan-directory","Katsurazawa Kokusetsu | Katsurazawa Kokusetsu","attached_assets/Japan_Ski_Resorts_558_1783900482697.xlsx | https://www.skiresort.com/en/ski-resort/katsurazawa-kokusetsu/","2026-07-13 | 2026-08-24","unclear","","2026-08-26","",""
"Hokkaido","Kenbuchi Town Bibakarasu Ski Area","kenbuchitownbibakarasuskiarea","unresolved","wikipedia-japan-specific | wikipedia-worldwide-japan","Kenbuchi Town Bibakarasu Ski Area | Kenbuchi Town Bibakarasu Ski Area","https://en.wikipedia.org/wiki/Kenbuchi,_Hokkaidō | https://en.wikipedia.org/wiki/Kenbuchi,_Hokkaidō","2026-08-26 | 2026-08-26","unresolved","","","",""
"Hokkaido","Kiroro Snow World","kiroro","published_directly","japan-ski-resorts-558 | skiresort-japan-directory | wikipedia-japan-specific | wikipedia-worldwide-japan","Kiroro | Kiroro | Kiroro Snow World | Kiroro Snow World","attached_assets/Japan_Ski_Resorts_558_1783900482697.xlsx | https://www.skiresort.com/en/ski-resort/kiroro/ | https://en.wikipedia.org/wiki/List_of_ski_areas_and_resorts_in_Japan | https://en.wikipedia.org/wiki/List_of_ski_areas_and_resorts_in_Japan","2026-07-13 | 2026-08-24 | 2026-08-26 | 2026-08-26","verified_operating","https://www.kiroro.co.jp/en/","2026-08-26","/rusutsu-kiroro/mountain/kiroro-resort",""
"Hokkaido","Kita Naganuma Ski Area","naganuma","unresolved","japan-ski-resorts-558 | skiresort-japan-directory | wikipedia-japan-specific | wikipedia-worldwide-japan","Naganuma | Kitanaganuma | Naganuma Ski Area | Naganuma Ski Area","attached_assets/Japan_Ski_Resorts_558_1783900482697.xlsx | https://www.skiresort.com/en/ski-resort/kitanaganuma/ | https://en.wikipedia.org/wiki/List_of_ski_areas_and_resorts_in_Japan | https://en.wikipedia.org/wiki/List_of_ski_areas_and_resorts_in_Japan","2026-07-13 | 2026-08-24 | 2026-08-26 | 2026-08-26","verified_operating","https://ski-kitanaganuma.com/","2026-08-26","",""
"Hokkaido","Kita-Taisetsu – Hokudaiyuki","kitataisetsuhokudaiyuki","unresolved","japan-ski-resorts-558 | skiresort-japan-directory","Kita-Taisetsu – Hokudaiyuki | Kita-Taisetsu – Hokudaiyuki","attached_assets/Japan_Ski_Resorts_558_1783900482697.xlsx | https://www.skiresort.com/en/ski-resort/kita-taisetsu-hokudaiyuki/","2026-07-13 | 2026-08-24","unclear","","2026-08-26","",""
"Hokkaido","Kitami Wakamatsu City Ski Area","kitamiwakamatsucityskiarea","unresolved","wikipedia-japan-specific | wikipedia-worldwide-japan","Kitami Wakamatsu City Ski Area | Kitami Wakamatsu City Ski Area","https://en.wikipedia.org/wiki/Kitami,_Hokkaidō | https://en.wikipedia.org/wiki/Kitami,_Hokkaidō","2026-08-26 | 2026-08-26","unresolved","","","",""
"Hokkaido","Kiyosato Town Midori Ski Area","kiyosatotownmidoriskiarea","unresolved","wikipedia-japan-specific | wikipedia-worldwide-japan","Kiyosato Town Midori Ski Area | Kiyosato Town Midori Ski Area","https://en.wikipedia.org/wiki/Kiyosato,_Hokkaidō | https://en.wikipedia.org/wiki/Kiyosato,_Hokkaidō","2026-08-26 | 2026-08-26","unresolved","","","",""
"Hokkaido","Koen","koen","unresolved","japan-ski-resorts-558","Koen","attached_assets/Japan_Ski_Resorts_558_1783900482697.xlsx","2026-07-13","unclear","","2026-08-26","",""
"Hokkaido","Kōrakuen Kitahiroshima Ski Land","korakuenkitahiroshimaskiland","unresolved","wikipedia-japan-specific | wikipedia-worldwide-japan","Kōrakuen Kitahiroshima Ski Land | Kōrakuen Kitahiroshima Ski Land","https://en.wikipedia.org/wiki/List_of_ski_areas_and_resorts_in_Japan | https://en.wikipedia.org/wiki/List_of_ski_areas_and_resorts_in_Japan","2026-08-26 | 2026-08-26","unresolved","","","",""
"Hokkaido","Kotorinomura","kotorinomura","unresolved","japan-ski-resorts-558","Kotorinomura","attached_assets/Japan_Ski_Resorts_558_1783900482697.xlsx","2026-07-13","unclear","","2026-08-26","",""
"Hokkaido","Kuriyama Town Ski Area","kuriyamatownskiarea","unresolved","wikipedia-japan-specific | wikipedia-worldwide-japan","Kuriyama Town Ski Area | Kuriyama Town Ski Area","https://en.wikipedia.org/wiki/List_of_ski_areas_and_resorts_in_Japan | https://en.wikipedia.org/wiki/List_of_ski_areas_and_resorts_in_Japan","2026-08-26 | 2026-08-26","unresolved","","","",""
"Hokkaido","Kuriyamacho","kuriyamacho","unresolved","japan-ski-resorts-558 | skiresort-japan-directory","Kuriyamacho | Kuriyamacho (temporarily closed)","attached_assets/Japan_Ski_Resorts_558_1783900482697.xlsx | https://www.skiresort.com/en/ski-resort/kuriyamacho/","2026-07-13 | 2026-08-24","unresolved","","","",""
"Hokkaido","Kushiroshi Tsuruoka","kushiroshitsuruoka","unresolved","japan-ski-resorts-558 | skiresort-japan-directory","Kushiroshi Tsuruoka | Kushiroshi Tsuruoka","attached_assets/Japan_Ski_Resorts_558_1783900482697.xlsx | https://www.skiresort.com/en/ski-resort/kushiroshi-tsuruoka/","2026-07-13 | 2026-08-24","unclear","","2026-08-26","",""
"Hokkaido","Kutchan Asahigaoka Ski Area","kutchanchoasahigaoka","published_directly","japan-ski-resorts-558 | skiresort-japan-directory | wikipedia-japan-specific | wikipedia-worldwide-japan","Kutchancho Asahigaoka | Kutchancho Asahigaoka | Kutchan Town Asahigaoka Ski Area | Kutchan Town Asahigaoka Ski Area","attached_assets/Japan_Ski_Resorts_558_1783900482697.xlsx | https://www.skiresort.com/en/ski-resort/kutchancho-asahigaoka/ | https://en.wikipedia.org/wiki/Kutchan,_Hokkaidō | https://en.wikipedia.org/wiki/Kutchan,_Hokkaidō","2026-07-13 | 2026-08-24 | 2026-08-26 | 2026-08-26","verified_operating","https://www.town.kutchan.hokkaido.jp/culture-sports/sports-shisetsu/asahigaoka-ski/","2026-08-26","/niseko/mountain/kutchan-asahigaoka-ski-area",""
"Hokkaido","Lily Yama – Bihoro","lilyyamabihoro","unresolved","skiresort-japan-directory","Lily Yama – Bihoro","https://www.skiresort.com/en/ski-resort/lily-yama-bihoro/","2026-08-24","unresolved","","","",""
"Hokkaido","Mashike Town Shokanbetsudake Ski Area","mashiketownshokanbetsudakeskiarea","unresolved","wikipedia-japan-specific | wikipedia-worldwide-japan","Mashike Town Shokanbetsudake Ski Area | Mashike Town Shokanbetsudake Ski Area","https://en.wikipedia.org/wiki/Mashike,_Hokkaidō | https://en.wikipedia.org/wiki/Mashike,_Hokkaidō","2026-08-26 | 2026-08-26","unresolved","","","",""
"Hokkaido","Memuro Ski Area","memuro","published_directly","japan-ski-resorts-558 | skiresort-japan-directory | wikipedia-japan-specific | wikipedia-worldwide-japan","Memuro | Memuro | Memuro Ski Area | Memuro Ski Area","attached_assets/Japan_Ski_Resorts_558_1783900482697.xlsx | https://www.skiresort.com/en/ski-resort/memuro/ | https://en.wikipedia.org/wiki/List_of_ski_areas_and_resorts_in_Japan | https://en.wikipedia.org/wiki/List_of_ski_areas_and_resorts_in_Japan","2026-07-13 | 2026-08-24 | 2026-08-26 | 2026-08-26","verified_operating","https://www.memuro.net/administration/soshiki/miryoku/shin-arashiyama/2025-1112-1623-114.html","2026-08-26","/hokkaido-regional/mountain/memuro-ski-area",""
"Hokkaido","Midori Ski Area","kiyosatochoeimidori","published_directly","japan-ski-resorts-558 | skiresort-japan-directory","Kiyosato Choei Midori | Kiyosato Choei Midori","attached_assets/Japan_Ski_Resorts_558_1783900482697.xlsx | https://www.skiresort.com/en/ski-resort/kiyosato-choei-midori/","2026-07-13 | 2026-08-24","verified_operating","https://www.town.kiyosato.hokkaido.jp/education/?content=706","2026-08-26","/hokkaido-regional/mountain/midori-ski-area",""
"Hokkaido","Minami Furano National Ski Resort","minamifurano","published_directly","japan-ski-resorts-558 | skiresort-japan-directory | wikipedia-japan-specific | wikipedia-worldwide-japan","Minami Furano | Minami Furano | Minami Furano Ski Area | Minami Furano Ski Area","attached_assets/Japan_Ski_Resorts_558_1783900482697.xlsx | https://www.skiresort.com/en/ski-resort/minami-furano/ | https://en.wikipedia.org/wiki/List_of_ski_areas_and_resorts_in_Japan | https://en.wikipedia.org/wiki/List_of_ski_areas_and_resorts_in_Japan","2026-07-13 | 2026-08-24 | 2026-08-26 | 2026-08-26","verified_operating","https://www.town.minamifurano.hokkaido.jp/all-facility/minamifuranoski/","2026-08-26","/furano/mountain/minami-furano-national-ski-resort",""
"Hokkaido","Minamigaoka Ski Area","oketochominamigaoka","unresolved","japan-ski-resorts-558 | skiresort-japan-directory","Oketocho Minamigaoka | Oketocho Minamigaoka","attached_assets/Japan_Ski_Resorts_558_1783900482697.xlsx | https://www.skiresort.com/en/ski-resort/oketocho-minamigaoka/","2026-07-13 | 2026-08-24","verified_operating","https://www.town.oketo.hokkaido.jp/kyouiku_bunka/shakai/minamigaokaski/","2026-08-26","",""
"Hokkaido","Mitsui Greenland White Park","mitsuigreenlandwhitepark","unresolved","wikipedia-japan-specific | wikipedia-worldwide-japan","Mitsui Greenland White Park | Mitsui Greenland White Park","https://en.wikipedia.org/wiki/List_of_ski_areas_and_resorts_in_Japan | https://en.wikipedia.org/wiki/List_of_ski_areas_and_resorts_in_Japan","2026-08-26 | 2026-08-26","unresolved","","","",""
"Hokkaido","Monbetsu City Ōyama Ski Area","monbetsucityoyamaskiarea","unresolved","wikipedia-japan-specific | wikipedia-worldwide-japan","Monbetsu City Ōyama Ski Area | Monbetsu City Ōyama Ski Area","https://en.wikipedia.org/wiki/Monbetsu,_Hokkaidō | https://en.wikipedia.org/wiki/Monbetsu,_Hokkaidō","2026-08-26 | 2026-08-26","unresolved","","","",""
"Hokkaido","Monbetsu Municipal Oyama Ski Area","mombetsuouyama","unresolved","japan-ski-resorts-558 | skiresort-japan-directory","Mombetsu Ouyama | Mombetsu Ouyama","attached_assets/Japan_Ski_Resorts_558_1783900482697.xlsx | https://www.skiresort.com/en/ski-resort/mombetsu-ouyama/","2026-07-13 | 2026-08-24","unclear","","2026-08-26","",""
"Hokkaido","Mount Akabira Ski Area","mountakabiraskiarea","unresolved","wikipedia-japan-specific | wikipedia-worldwide-japan","Mount Akabira Ski Area | Mount Akabira Ski Area","https://en.wikipedia.org/wiki/List_of_ski_areas_and_resorts_in_Japan | https://en.wikipedia.org/wiki/List_of_ski_areas_and_resorts_in_Japan","2026-08-26 | 2026-08-26","unresolved","","","",""
"Hokkaido","Mount Racey Ski Area","yubariresortmountracey","published_directly","japan-ski-resorts-558 | skiresort-japan-directory","Yubari Resort – Mount Racey | Yubari Resort – Mount Racey","attached_assets/Japan_Ski_Resorts_558_1783900482697.xlsx | https://www.skiresort.com/en/ski-resort/yubari-resort-mount-racey/","2026-07-13 | 2026-08-24","verified_operating","https://yubari-resort.co.jp/gm_c_guide/","2026-08-26","/hokkaido-regional/mountain/mount-racey-ski-area",""
"Hokkaido","Mt. Racey","mtracey","unresolved","wikipedia-japan-specific | wikipedia-worldwide-japan","Mt. Racey | Mt. Racey","https://en.wikipedia.org/wiki/List_of_ski_areas_and_resorts_in_Japan | https://en.wikipedia.org/wiki/List_of_ski_areas_and_resorts_in_Japan","2026-08-26 | 2026-08-26","unresolved","","","",""
"Hokkaido","Muroran Danpara Ski Area","murorankogendanpara","published_directly","japan-ski-resorts-558 | skiresort-japan-directory | wikipedia-japan-specific | wikipedia-worldwide-japan","Muroran Kogen Danpara | Muroran Kogen Danpara | Muroran Kōgen Danpara Ski Area | Muroran Kōgen Danpara Ski Area","attached_assets/Japan_Ski_Resorts_558_1783900482697.xlsx | https://www.skiresort.com/en/ski-resort/muroran-kogen-danpara/ | https://en.wikipedia.org/wiki/List_of_ski_areas_and_resorts_in_Japan | https://en.wikipedia.org/wiki/List_of_ski_areas_and_resorts_in_Japan","2026-07-13 | 2026-08-24 | 2026-08-26 | 2026-08-26","verified_operating","http://www.muroran-resort.sakura.ne.jp/mysite1/index.html","2026-08-26","/hokkaido-regional/mountain/muroran-danpara-ski-area",""
"Hokkaido","Nakafurano Hokusei","nakafuranohokusei","unresolved","skiresort-japan-directory","Nakafurano Hokusei","https://www.skiresort.com/en/ski-resort/nakafurano-hokusei/","2026-08-24","unresolved","","","",""
"Hokkaido","Nakafurano Hokusei Ski Area","nakafuranohokuseiskiarea","unresolved","wikipedia-japan-specific | wikipedia-worldwide-japan","Nakafurano Hokusei Ski Area | Nakafurano Hokusei Ski Area","https://en.wikipedia.org/wiki/List_of_ski_areas_and_resorts_in_Japan | https://en.wikipedia.org/wiki/List_of_ski_areas_and_resorts_in_Japan","2026-08-26 | 2026-08-26","unresolved","","","",""
"Hokkaido","Nakafurano Kokusei","nakafuranokokusei","unresolved","japan-ski-resorts-558","Nakafurano Kokusei","attached_assets/Japan_Ski_Resorts_558_1783900482697.xlsx","2026-07-13","unclear","","2026-08-26","",""
"Hokkaido","Nakatonbetsu Choei Kotobuki","nakatonbetsuchoeikotobuki","unresolved","japan-ski-resorts-558 | skiresort-japan-directory","Nakatonbetsu Choei Kotobuki | Nakatonbetsu Choei Kotobuki","attached_assets/Japan_Ski_Resorts_558_1783900482697.xlsx | https://www.skiresort.com/en/ski-resort/nakatonbetsu-choei-kotobuki/","2026-07-13 | 2026-08-24","unclear","","2026-08-26","",""
"Hokkaido","Nakatonbetsu Town Kotobuki Ski Area","nakatonbetsutownkotobukiskiarea","unresolved","wikipedia-japan-specific | wikipedia-worldwide-japan","Nakatonbetsu Town Kotobuki Ski Area | Nakatonbetsu Town Kotobuki Ski Area","https://en.wikipedia.org/wiki/Nakatonbetsu,_Hokkaidō | https://en.wikipedia.org/wiki/Nakatonbetsu,_Hokkaidō","2026-08-26 | 2026-08-26","unresolved","","","",""
"Hokkaido","Nakayamatoge Ski Area","nakayamatogekogen","unresolved","japan-ski-resorts-558 | skiresort-japan-directory | wikipedia-japan-specific | wikipedia-worldwide-japan","Nakayamatoge Kogen | Nakayamatoge Kogen | Nakayamatōge Ski Area | Nakayamatōge Ski Area","attached_assets/Japan_Ski_Resorts_558_1783900482697.xlsx | https://www.skiresort.com/en/ski-resort/nakayamatoge-kogen/ | https://en.wikipedia.org/wiki/List_of_ski_areas_and_resorts_in_Japan | https://en.wikipedia.org/wiki/List_of_ski_areas_and_resorts_in_Japan","2026-07-13 | 2026-08-24 | 2026-08-26 | 2026-08-26","unclear","","2026-08-26","",""
"Hokkaido","Nayoro Piyashiri Ski Area","nayoropiyashiri","published_directly","japan-ski-resorts-558 | skiresort-japan-directory | wikipedia-japan-specific | wikipedia-worldwide-japan","Nayoro Piyashiri | Nayoro Piyashiri | Nayoro Piyashiri Ski Area | Nayoro Piyashiri Ski Area","attached_assets/Japan_Ski_Resorts_558_1783900482697.xlsx | https://www.skiresort.com/en/ski-resort/nayoro-piyashiri/ | https://en.wikipedia.org/wiki/List_of_ski_areas_and_resorts_in_Japan | https://en.wikipedia.org/wiki/List_of_ski_areas_and_resorts_in_Japan","2026-07-13 | 2026-08-24 | 2026-08-26 | 2026-08-26","verified_operating","https://www.nayoro.co.jp/piyashiri/season/","2026-08-26","/hokkaido-regional/mountain/nayoro-piyashiri-ski-area",""
"Hokkaido","Niki Town Ski Area","nikitownskiarea","unresolved","wikipedia-japan-specific | wikipedia-worldwide-japan","Niki Town Ski Area | Niki Town Ski Area","https://en.wikipedia.org/wiki/Niki,_Hokkaidō | https://en.wikipedia.org/wiki/Niki,_Hokkaidō","2026-08-26 | 2026-08-26","unresolved","","","",""
"Hokkaido","Niseko Annupuri International Ski Area","nisekoannupuri","published_directly","japan-ski-resorts-558 | wikipedia-japan-specific | wikipedia-worldwide-japan","Niseko Annupuri | Niseko Annupuri International Ski Resort | Niseko Annupuri International Ski Resort","attached_assets/Japan_Ski_Resorts_558_1783900482697.xlsx | https://www.niseko.ne.jp/en/ | https://www.niseko.ne.jp/en/","2026-07-13 | 2026-08-26 | 2026-08-26","verified_operating","https://www.niseko.ne.jp/en/lift/","2026-08-26","/niseko/mountain/annupuri",""
"Hokkaido","Niseko Grand Hirafu","nisekounitedannupurigrandhirafuhanazononisekovillage","covered_by_multiple_pages","skiresort-japan-directory | wikipedia-japan-specific | wikipedia-worldwide-japan","Niseko United – Annupuri/​Grand Hirafu/​Hanazono/​Niseko Village | Niseko United | Niseko United","https://www.skiresort.com/en/ski-resort/niseko-united-annupuri-grand-hirafu-hanazono-niseko-village/ | https://en.wikipedia.org/wiki/Niseko_United | https://en.wikipedia.org/wiki/Niseko_United","2026-08-24 | 2026-08-26 | 2026-08-26","unresolved","","","/niseko/mountain/grand-hirafu | /niseko/mountain/hanazono | /niseko/mountain/niseko-village | /niseko/mountain/annupuri","One discovery identity intentionally reconciles to multiple operating-area pages."
"Hokkaido","Niseko Hanazono Resort","nisekohanazono","published_directly","japan-ski-resorts-558 | wikipedia-japan-specific | wikipedia-worldwide-japan","Niseko Hanazono | Niseko Hanazono Resort | Niseko Hanazono Resort","attached_assets/Japan_Ski_Resorts_558_1783900482697.xlsx | https://hanazononiseko.com/en | https://hanazononiseko.com/en","2026-07-13 | 2026-08-26 | 2026-08-26","verified_operating","https://www.niseko.ne.jp/en/lift/","2026-08-26","/niseko/mountain/hanazono",""
"Hokkaido","Niseko Higashiyama Ski Resort","nisekohigashiyamaskiresort","unresolved","wikipedia-japan-specific | wikipedia-worldwide-japan","Niseko Higashiyama Ski Resort | Niseko Higashiyama Ski Resort","https://www.niseko-village.com/ | https://www.niseko-village.com/","2026-08-26 | 2026-08-26","unresolved","","","",""
"Hokkaido","Niseko Moiwa Ski Resort","moiwa","published_directly","japan-ski-resorts-558 | skiresort-japan-directory | wikipedia-japan-specific | wikipedia-worldwide-japan","Moiwa | Moiwa | Niseko Moiwa Ski Area | Niseko Moiwa Ski Area","attached_assets/Japan_Ski_Resorts_558_1783900482697.xlsx | https://www.skiresort.com/en/ski-resort/moiwa/ | https://niseko-moiwa.jp/ | https://niseko-moiwa.jp/","2026-07-13 | 2026-08-24 | 2026-08-26 | 2026-08-26","verified_operating","https://niseko-moiwa.jp/news/2026/04/06/3560/","2026-08-26","/niseko/mountain/moiwa",""
"Hokkaido","Niseko Tokyu Grand HIRAFU","nisekograndhirafu","published_directly","japan-ski-resorts-558 | wikipedia-japan-specific | wikipedia-worldwide-japan","Niseko Grand Hirafu | Niseko Mt. Resort Grand Hirafu | Niseko Mt. Resort Grand Hirafu","attached_assets/Japan_Ski_Resorts_558_1783900482697.xlsx | https://en.wikipedia.org/wiki/Niseko_Mt._Resort_Grand_Hirafu | https://en.wikipedia.org/wiki/Niseko_Mt._Resort_Grand_Hirafu","2026-07-13 | 2026-08-26 | 2026-08-26","verified_operating","https://www.niseko.ne.jp/en/lift/","2026-08-26","/niseko/mountain/grand-hirafu",""
"Hokkaido","Niseko Village Ski Resort","nisekovillage","published_directly","japan-ski-resorts-558","Niseko Village","attached_assets/Japan_Ski_Resorts_558_1783900482697.xlsx","2026-07-13","verified_operating","https://www.niseko.ne.jp/en/lift/","2026-08-26","/niseko/mountain/niseko-village",""
"Hokkaido","Niseko Weiss Ski Area","nisekoweiss","closed","japan-ski-resorts-558 | skiresort-japan-directory | wikipedia-japan-specific | wikipedia-worldwide-japan","Niseko Weiss | Niseko Weiss | Niseko Weiss Ski Area | Niseko Weiss Ski Area","attached_assets/Japan_Ski_Resorts_558_1783900482697.xlsx | https://www.skiresort.com/en/ski-resort/niseko-weiss/ | https://en.wikipedia.org/wiki/List_of_ski_areas_and_resorts_in_Japan | https://en.wikipedia.org/wiki/List_of_ski_areas_and_resorts_in_Japan","2026-07-13 | 2026-08-24 | 2026-08-26 | 2026-08-26","closed","https://hanazononiseko.com/ja/winter/activities/weiss-cat-skiing","2026-08-26","",""
"Hokkaido","Nissho","nissho","unresolved","japan-ski-resorts-558 | skiresort-japan-directory | wikipedia-japan-specific | wikipedia-worldwide-japan","Nissho | Nissho | Nisshō Ski Area | Nisshō Ski Area","attached_assets/Japan_Ski_Resorts_558_1783900482697.xlsx | https://www.skiresort.com/en/ski-resort/nissho/ | https://en.wikipedia.org/wiki/List_of_ski_areas_and_resorts_in_Japan | https://en.wikipedia.org/wiki/List_of_ski_areas_and_resorts_in_Japan","2026-07-13 | 2026-08-24 | 2026-08-26 | 2026-08-26","unclear","","2026-08-26","",""
"Hokkaido","Niyama Kogen","niyamakogen","unresolved","japan-ski-resorts-558 | skiresort-japan-directory | wikipedia-japan-specific | wikipedia-worldwide-japan","Niyama Kogen | Niyama Kogen | Niyama Kōgen Ski Area | Niyama Kōgen Ski Area","attached_assets/Japan_Ski_Resorts_558_1783900482697.xlsx | https://www.skiresort.com/en/ski-resort/niyama-kogen/ | https://en.wikipedia.org/wiki/List_of_ski_areas_and_resorts_in_Japan | https://en.wikipedia.org/wiki/List_of_ski_areas_and_resorts_in_Japan","2026-07-13 | 2026-08-24 | 2026-08-26 | 2026-08-26","unclear","","2026-08-26","",""
"Hokkaido","Noboribetsu Kōgen Karls Onsen Sanlaiva","noboribetsukogenkarlsonsensanlaiva","unresolved","wikipedia-japan-specific | wikipedia-worldwide-japan","Noboribetsu Kōgen Karls Onsen Sanlaiva | Noboribetsu Kōgen Karls Onsen Sanlaiva","https://en.wikipedia.org/wiki/List_of_ski_areas_and_resorts_in_Japan | https://en.wikipedia.org/wiki/List_of_ski_areas_and_resorts_in_Japan","2026-08-26 | 2026-08-26","unresolved","","","",""
"Hokkaido","North Valley","northvalley","unresolved","japan-ski-resorts-558","North Valley","attached_assets/Japan_Ski_Resorts_558_1783900482697.xlsx","2026-07-13","unclear","","2026-08-26","",""
"Hokkaido","Northern Arc Resort","northernarcresort","unresolved","skiresort-japan-directory","Northern Arc Resort","https://www.skiresort.com/en/ski-resort/northern-arc-resort/","2026-08-24","unresolved","","","",""
"Hokkaido","Nukabira Gensenkyo Ski Area","nukabiragensenkyo","published_directly","japan-ski-resorts-558 | skiresort-japan-directory","Nukabira Gensenkyo | Nukabira Gensenkyo","attached_assets/Japan_Ski_Resorts_558_1783900482697.xlsx | https://www.skiresort.com/en/ski-resort/nukabira-gensenkyo/","2026-07-13 | 2026-08-24","verified_operating","https://ichida54.wixsite.com/nukabiraskijyo","2026-08-26","/hokkaido-regional/mountain/nukabira-gensenkyo-ski-area",""
"Hokkaido","Nukabira Onsen Ski Area","nukabiraonsenskiarea","unresolved","wikipedia-japan-specific | wikipedia-worldwide-japan","Nukabira Onsen Ski Area | Nukabira Onsen Ski Area","https://en.wikipedia.org/wiki/List_of_ski_areas_and_resorts_in_Japan | https://en.wikipedia.org/wiki/List_of_ski_areas_and_resorts_in_Japan","2026-08-26 | 2026-08-26","unresolved","","","",""
"Hokkaido","Numata Town Takaho Ski Area","numatatowntakahoskiarea","unresolved","wikipedia-japan-specific | wikipedia-worldwide-japan","Numata Town Takaho Ski Area | Numata Town Takaho Ski Area","https://en.wikipedia.org/wiki/Numata,_Hokkaidō | https://en.wikipedia.org/wiki/Numata,_Hokkaidō","2026-08-26 | 2026-08-26","unresolved","","","",""
"Hokkaido","Obira Town Bōyōdai Ski Area","obiratownboyodaiskiarea","unresolved","wikipedia-japan-specific | wikipedia-worldwide-japan","Obira Town Bōyōdai Ski Area | Obira Town Bōyōdai Ski Area","https://en.wikipedia.org/wiki/Obira,_Hokkaidō | https://en.wikipedia.org/wiki/Obira,_Hokkaidō","2026-08-26 | 2026-08-26","unresolved","","","",""
"Hokkaido","Ofotsuku – Omu","ofotsukuomu","unresolved","japan-ski-resorts-558 | skiresort-japan-directory","Ofotsuku – Omu | Ofotsuku – Omu","attached_assets/Japan_Ski_Resorts_558_1783900482697.xlsx | https://www.skiresort.com/en/ski-resort/ofotsuku-omu/","2026-07-13 | 2026-08-24","unclear","","2026-08-26","",""
"Hokkaido","Oketo Town Minamigaoka Ski Area","oketotownminamigaokaskiarea","unresolved","wikipedia-japan-specific | wikipedia-worldwide-japan","Oketo Town Minamigaoka Ski Area | Oketo Town Minamigaoka Ski Area","https://en.wikipedia.org/wiki/Oketo,_Hokkaidō | https://en.wikipedia.org/wiki/Oketo,_Hokkaidō","2026-08-26 | 2026-08-26","unresolved","","","",""
"Hokkaido","Okoppe Choei","okoppechoei","unresolved","japan-ski-resorts-558 | skiresort-japan-directory","Okoppe Choei | Okoppe Choei","attached_assets/Japan_Ski_Resorts_558_1783900482697.xlsx | https://www.skiresort.com/en/ski-resort/okoppe-choei/","2026-07-13 | 2026-08-24","unclear","","2026-08-26","",""
"Hokkaido","Okoppe Town Ski Area","okoppetownskiarea","unresolved","wikipedia-japan-specific | wikipedia-worldwide-japan","Okoppe Town Ski Area | Okoppe Town Ski Area","https://en.wikipedia.org/wiki/Okoppe,_Hokkaidō | https://en.wikipedia.org/wiki/Okoppe,_Hokkaidō","2026-08-26 | 2026-08-26","unresolved","","","",""
"Hokkaido","Orofure","orofure","unresolved","japan-ski-resorts-558 | skiresort-japan-directory | wikipedia-japan-specific | wikipedia-worldwide-japan","Orofure | Orofure | Orofure Ski Area | Orofure Ski Area","attached_assets/Japan_Ski_Resorts_558_1783900482697.xlsx | https://www.skiresort.com/en/ski-resort/orofure/ | https://en.wikipedia.org/wiki/List_of_ski_areas_and_resorts_in_Japan | https://en.wikipedia.org/wiki/List_of_ski_areas_and_resorts_in_Japan","2026-07-13 | 2026-08-24 | 2026-08-26 | 2026-08-26","unclear","","2026-08-26","",""
"Hokkaido","Otaru Tenguyama Ski Resort","otarutenguyama","published_directly","japan-ski-resorts-558 | skiresort-japan-directory | wikipedia-japan-specific | wikipedia-worldwide-japan","Otaru Tenguyama | Otaru Tenguyama | Otaru Tenguyama Ski Area | Otaru Tenguyama Ski Area","attached_assets/Japan_Ski_Resorts_558_1783900482697.xlsx | https://www.skiresort.com/en/ski-resort/otaru-tenguyama/ | https://en.wikipedia.org/wiki/List_of_ski_areas_and_resorts_in_Japan | https://en.wikipedia.org/wiki/List_of_ski_areas_and_resorts_in_Japan","2026-07-13 | 2026-08-24 | 2026-08-26 | 2026-08-26","verified_operating","https://tenguyama.ckk.chuo-bus.co.jp/en/hours-and-fees/","2026-08-26","/sapporo/mountain/otaru-tenguyama-ski-resort",""
"Hokkaido","Otoifuji","otoifuji","unresolved","japan-ski-resorts-558 | skiresort-japan-directory | wikipedia-japan-specific | wikipedia-worldwide-japan","Otoifuji | Otoifuji | Otoi Fuji Ski Area | Otoi Fuji Ski Area","attached_assets/Japan_Ski_Resorts_558_1783900482697.xlsx | https://www.skiresort.com/en/ski-resort/otoifuji/ | https://en.wikipedia.org/wiki/List_of_ski_areas_and_resorts_in_Japan | https://en.wikipedia.org/wiki/List_of_ski_areas_and_resorts_in_Japan","2026-07-13 | 2026-08-24 | 2026-08-26 | 2026-08-26","unclear","","2026-08-26","",""
"Hokkaido","Pippu Ski Resort","pippu","published_directly","japan-ski-resorts-558 | skiresort-japan-directory | wikipedia-japan-specific | wikipedia-worldwide-japan","Pippu | Pippu | Pippu Ski Area | Pippu Ski Area","attached_assets/Japan_Ski_Resorts_558_1783900482697.xlsx | https://www.skiresort.com/en/ski-resort/pippu/ | https://en.wikipedia.org/wiki/List_of_ski_areas_and_resorts_in_Japan | https://en.wikipedia.org/wiki/List_of_ski_areas_and_resorts_in_Japan","2026-07-13 | 2026-08-24 | 2026-08-26 | 2026-08-26","verified_operating","https://pippu.ski/","2026-08-26","/hokkaido-regional/mountain/pippu-ski-resort",""
"Hokkaido","Pirika Ski Area","pirika","published_directly","japan-ski-resorts-558 | skiresort-japan-directory","Pirika | Pirika","attached_assets/Japan_Ski_Resorts_558_1783900482697.xlsx | https://www.skiresort.com/en/ski-resort/pirika/","2026-07-13 | 2026-08-24","verified_operating","https://kurplazapirika.net/news/33445/","2026-08-26","/hokkaido-regional/mountain/pirika-ski-area",""
"Hokkaido","Rankoshi Town Chisenupuri Ski Area","rankoshitownchisenupuriskiarea","unresolved","wikipedia-japan-specific | wikipedia-worldwide-japan","Rankoshi Town Chisenupuri Ski Area | Rankoshi Town Chisenupuri Ski Area","https://en.wikipedia.org/wiki/Rankoshi,_Hokkaidō | https://en.wikipedia.org/wiki/Rankoshi,_Hokkaidō","2026-08-26 | 2026-08-26","unresolved","","","",""
"Hokkaido","Rausu Town Ski Area","rausutownskiarea","unresolved","wikipedia-japan-specific | wikipedia-worldwide-japan","Rausu Town Ski Area | Rausu Town Ski Area","https://en.wikipedia.org/wiki/Rausu,_Hokkaidō | https://en.wikipedia.org/wiki/Rausu,_Hokkaidō","2026-08-26 | 2026-08-26","unresolved","","","",""
"Hokkaido","Rubeshibe Town Happōdai Ski Area","rubeshibetownhappodaiskiarea","unresolved","wikipedia-japan-specific | wikipedia-worldwide-japan","Rubeshibe Town Happōdai Ski Area | Rubeshibe Town Happōdai Ski Area","https://en.wikipedia.org/wiki/Rubeshibe,_Hokkaidō | https://en.wikipedia.org/wiki/Rubeshibe,_Hokkaidō","2026-08-26 | 2026-08-26","unresolved","","","",""
"Hokkaido","Rumoi-shi – Kamuiiwa","rumoishikamuiiwa","unresolved","japan-ski-resorts-558 | skiresort-japan-directory","Rumoi-shi – Kamuiiwa | Rumoi-shi – Kamuiiwa","attached_assets/Japan_Ski_Resorts_558_1783900482697.xlsx | https://www.skiresort.com/en/ski-resort/rumoi-shi-kamuiiwa/","2026-07-13 | 2026-08-24","unclear","","2026-08-26","",""
"Hokkaido","Rusutsu Resort","rusutsu","published_directly","japan-ski-resorts-558 | skiresort-japan-directory | wikipedia-japan-specific | wikipedia-worldwide-japan","Rusutsu | Rusutsu | Rusutsu Resort | Rusutsu Resort","attached_assets/Japan_Ski_Resorts_558_1783900482697.xlsx | https://www.skiresort.com/en/ski-resort/rusutsu/ | https://en.wikipedia.org/wiki/Rusutsu_Resort | https://en.wikipedia.org/wiki/Rusutsu_Resort","2026-07-13 | 2026-08-24 | 2026-08-26 | 2026-08-26","verified_operating","https://rusutsu.com/en/news-and-topics/skipackage/","2026-08-26","/rusutsu-kiroro/mountain/rusutsu-resort",""
"Hokkaido","Santa Present Park Mallows Gelände","santapresentparkmallowsgelande","unresolved","wikipedia-japan-specific | wikipedia-worldwide-japan","Santa Present Park Mallows Gelände | Santa Present Park Mallows Gelände","https://en.wikipedia.org/wiki/List_of_ski_areas_and_resorts_in_Japan | https://en.wikipedia.org/wiki/List_of_ski_areas_and_resorts_in_Japan","2026-08-26 | 2026-08-26","unresolved","","","",""
"Hokkaido","Sapporo Bankei Ski Area","bankei","published_directly","japan-ski-resorts-558 | skiresort-japan-directory | wikipedia-japan-specific | wikipedia-worldwide-japan","Bankei | Bankei | Sapporo Bankei Ski Area | Sapporo Bankei Ski Area","attached_assets/Japan_Ski_Resorts_558_1783900482697.xlsx | https://www.skiresort.com/en/ski-resort/bankei/ | https://en.wikipedia.org/wiki/List_of_ski_areas_and_resorts_in_Japan | https://en.wikipedia.org/wiki/List_of_ski_areas_and_resorts_in_Japan","2026-07-13 | 2026-08-24 | 2026-08-26 | 2026-08-26","verified_operating","https://www.bankei.co.jp/2026/03/29/2025-2026%e3%82%b7%e3%83%bc%e3%82%ba%e3%83%b3%e7%b5%82%e4%ba%86%e3%81%ae%e3%81%8a%e7%9f%a5%e3%82%89%e3%81%9b/","2026-08-26","/sapporo/mountain/sapporo-bankei",""
"Hokkaido","Sapporo Kitahiroshima Prince Family Ski Area","sapporokitahiroshimaprincefamilyskiarea","unresolved","wikipedia-japan-specific | wikipedia-worldwide-japan","Sapporo Kitahiroshima Prince Family Ski Area | Sapporo Kitahiroshima Prince Family Ski Area","https://en.wikipedia.org/wiki/Prince_Hotels | https://en.wikipedia.org/wiki/Prince_Hotels","2026-08-26 | 2026-08-26","unresolved","","","",""
"Hokkaido","Sapporo Kokusai Ski Resort","sapporokokusaijozankeikogen","published_directly","japan-ski-resorts-558 | skiresort-japan-directory | wikipedia-japan-specific | wikipedia-worldwide-japan","Sapporo Kokusai – Jozankei Kogen | Sapporo Kokusai – Jozankei Kogen | Sapporo Kokusai Ski Area | Sapporo Kokusai Ski Area","attached_assets/Japan_Ski_Resorts_558_1783900482697.xlsx | https://www.skiresort.com/en/ski-resort/sapporo-kokusai-jozankei-kogen/ | https://en.wikipedia.org/wiki/List_of_ski_areas_and_resorts_in_Japan | https://en.wikipedia.org/wiki/List_of_ski_areas_and_resorts_in_Japan","2026-07-13 | 2026-08-24 | 2026-08-26 | 2026-08-26","verified_operating","https://www.sapporo-kokusai.jp/","2026-08-26","/sapporo/mountain/sapporo-kokusai",""
"Hokkaido","Sapporo Moiwa Snow Square Ski & Snowboard","moiwayamaskijo","published_directly","japan-ski-resorts-558 | skiresort-japan-directory","Moiwayama Ski Jo | Moiwayama Ski Jo","attached_assets/Japan_Ski_Resorts_558_1783900482697.xlsx | https://www.skiresort.com/en/ski-resort/moiwayama-ski-jo/","2026-07-13 | 2026-08-24","verified_operating","https://sapporo-moiwa.jp/en/news/2025-2026%E3%82%B7%E3%83%BC%E3%82%BA%E3%83%B3%E3%81%AE%E3%81%94%E6%A1%88%E5%86%85/","2026-08-26","/sapporo/mountain/sapporo-moiwa-snow-square-ski-snowboard",""
"Hokkaido","Sapporo Moiwayama Ski Area","sapporomoiwayamaskiarea","unresolved","wikipedia-japan-specific | wikipedia-worldwide-japan","Sapporo Moiwayama Ski Area | Sapporo Moiwayama Ski Area","https://en.wikipedia.org/wiki/List_of_ski_areas_and_resorts_in_Japan | https://en.wikipedia.org/wiki/List_of_ski_areas_and_resorts_in_Japan","2026-08-26 | 2026-08-26","unresolved","","","",""
"Hokkaido","Sapporo Teine Ski Resort","sapporoteine","published_directly","japan-ski-resorts-558 | skiresort-japan-directory | wikipedia-japan-specific | wikipedia-worldwide-japan","Sapporo Teine | Sapporo Teine | Sapporo Teine | Sapporo Teine","attached_assets/Japan_Ski_Resorts_558_1783900482697.xlsx | https://www.skiresort.com/en/ski-resort/sapporo-teine/ | https://en.wikipedia.org/wiki/List_of_ski_areas_and_resorts_in_Japan | https://en.wikipedia.org/wiki/List_of_ski_areas_and_resorts_in_Japan","2026-07-13 | 2026-08-24 | 2026-08-26 | 2026-08-26","verified_operating","https://sapporo-teine.com/snow/gelande-report","2026-08-26","/sapporo/mountain/sapporo-teine",""
"Hokkaido","Saroma Choei","saromachoei","unresolved","japan-ski-resorts-558 | skiresort-japan-directory","Saroma Choei | Saroma Choei","attached_assets/Japan_Ski_Resorts_558_1783900482697.xlsx | https://www.skiresort.com/en/ski-resort/saroma-choei/","2026-07-13 | 2026-08-24","unclear","https://www.town.saroma.hokkaido.jp/reiki_int/reiki_honbun/a151RG00000243.html","2026-08-26","",""
"Hokkaido","Saroma Town Ski Area","saromatownskiarea","unresolved","wikipedia-japan-specific | wikipedia-worldwide-japan","Saroma Town Ski Area | Saroma Town Ski Area","https://en.wikipedia.org/wiki/Saroma,_Hokkaidō | https://en.wikipedia.org/wiki/Saroma,_Hokkaidō","2026-08-26 | 2026-08-26","unresolved","","","",""
"Hokkaido","Sarufutsu Village Ski Area","sarubutsusonei","unresolved","japan-ski-resorts-558 | skiresort-japan-directory | wikipedia-japan-specific | wikipedia-worldwide-japan","Sarubutsu Sonei | Sarubutsu Sonei | Sarufutsu Village Ski Area | Sarufutsu Village Ski Area","attached_assets/Japan_Ski_Resorts_558_1783900482697.xlsx | https://www.skiresort.com/en/ski-resort/sarubutsu-sonei/ | https://en.wikipedia.org/wiki/Sarufutsu,_Hokkaidō | https://en.wikipedia.org/wiki/Sarufutsu,_Hokkaidō","2026-07-13 | 2026-08-24 | 2026-08-26 | 2026-08-26","verified_operating","https://www.vill.sarufutsu.hokkaido.jp/kairan/pdf/783_09080316.pdf","2026-08-26","",""
"Hokkaido","Shakotan Town Outdoor Sports Forest Ski Area","shakotantownoutdoorsportsforestskiarea","unresolved","wikipedia-japan-specific | wikipedia-worldwide-japan","Shakotan Town Outdoor Sports Forest Ski Area | Shakotan Town Outdoor Sports Forest Ski Area","https://en.wikipedia.org/wiki/Shakotan,_Hokkaidō | https://en.wikipedia.org/wiki/Shakotan,_Hokkaidō","2026-08-26 | 2026-08-26","unresolved","","","",""
"Hokkaido","Sharicho Unabetsu","sharichounabetsu","unresolved","japan-ski-resorts-558 | skiresort-japan-directory","Sharicho Unabetsu | Sharicho Unabetsu","attached_assets/Japan_Ski_Resorts_558_1783900482697.xlsx | https://www.skiresort.com/en/ski-resort/sharicho-unabetsu/","2026-07-13 | 2026-08-24","unclear","","2026-08-26","",""
"Hokkaido","Shibetsu City Asahi Ski Area","ashibetsu","merged_or_renamed","japan-ski-resorts-558 | skiresort-japan-directory | wikipedia-japan-specific | wikipedia-worldwide-japan","Ashibetsu | Ashibetsu | Ashibetsu Ski Area | Ashibetsu Ski Area","attached_assets/Japan_Ski_Resorts_558_1783900482697.xlsx | https://www.skiresort.com/en/ski-resort/ashibetsu/ | https://en.wikipedia.org/wiki/List_of_ski_areas_and_resorts_in_Japan | https://en.wikipedia.org/wiki/List_of_ski_areas_and_resorts_in_Japan","2026-07-13 | 2026-08-24 | 2026-08-26 | 2026-08-26","merged_into","https://www.city.shibetsu.lg.jp/gasshukunosatosaito/sisetusyoukai/toreningushisetsu/3681.html","2026-08-26","",""
"Hokkaido","Shibetsu City Hinata Ski Area","hinata","published_directly","japan-ski-resorts-558 | skiresort-japan-directory | wikipedia-japan-specific | wikipedia-worldwide-japan","Hinata | Hinata | Shibetsu City Hinata Ski Area | Shibetsu City Hinata Ski Area","attached_assets/Japan_Ski_Resorts_558_1783900482697.xlsx | https://www.skiresort.com/en/ski-resort/hinata/ | https://en.wikipedia.org/wiki/List_of_ski_areas_and_resorts_in_Japan | https://en.wikipedia.org/wiki/List_of_ski_areas_and_resorts_in_Japan","2026-07-13 | 2026-08-24 | 2026-08-26 | 2026-08-26","verified_operating","https://www.city.shibetsu.lg.jp/soshikikarasagasu/gasshukunosato_supotsusuishinka/shiminsupotsukakari/1351.html","2026-08-26","/niseko/mountain/shibetsu-city-hinata-ski-area",""
"Hokkaido","Shibetsu Municipal Kanayama Ski Area","choeikanayama","unresolved","japan-ski-resorts-558 | skiresort-japan-directory","Choei Kanayama | Choei Kanayama","attached_assets/Japan_Ski_Resorts_558_1783900482697.xlsx | https://www.skiresort.com/en/ski-resort/choei-kanayama/","2026-07-13 | 2026-08-24","unclear","","2026-08-26","",""
"Hokkaido","Shintokuyama Ski Area","shintokuyama","unresolved","japan-ski-resorts-558 | skiresort-japan-directory | wikipedia-japan-specific | wikipedia-worldwide-japan","Shintokuyama | Shintokuyama | Shintokuyama Ski Area | Shintokuyama Ski Area","attached_assets/Japan_Ski_Resorts_558_1783900482697.xlsx | https://www.skiresort.com/en/ski-resort/shintokuyama/ | https://en.wikipedia.org/wiki/List_of_ski_areas_and_resorts_in_Japan | https://en.wikipedia.org/wiki/List_of_ski_areas_and_resorts_in_Japan","2026-07-13 | 2026-08-24 | 2026-08-26 | 2026-08-26","unclear","","2026-08-26","",""
"Hokkaido","Shintotsukawa Town Socchidake Ski Area","shintotsukawatownsocchidakeskiarea","unresolved","wikipedia-japan-specific | wikipedia-worldwide-japan","Shintotsukawa Town Socchidake Ski Area | Shintotsukawa Town Socchidake Ski Area","https://en.wikipedia.org/wiki/Shintotsukawa,_Hokkaidō | https://en.wikipedia.org/wiki/Shintotsukawa,_Hokkaidō","2026-08-26 | 2026-08-26","unresolved","","","",""
"Hokkaido","Shintotsukawacho Socchidake","shintotsukawachosocchidake","unresolved","japan-ski-resorts-558 | skiresort-japan-directory","Shintotsukawacho Socchidake | Shintotsukawacho Socchidake","attached_assets/Japan_Ski_Resorts_558_1783900482697.xlsx | https://www.skiresort.com/en/ski-resort/shintotsukawacho-socchidake/","2026-07-13 | 2026-08-24","unclear","","2026-08-26","",""
"Hokkaido","Shirogane Ski Highland","shiroganeskihighland","unresolved","japan-ski-resorts-558 | skiresort-japan-directory","Shirogane Ski Highland | Shirogane Ski Highland","attached_assets/Japan_Ski_Resorts_558_1783900482697.xlsx | https://www.skiresort.com/en/ski-resort/shirogane-ski-highland/","2026-07-13 | 2026-08-24","unclear","","2026-08-26","",""
"Hokkaido","Shirogane Ski Highland Park Hill Valley","shiroganeskihighlandparkhillvalley","unresolved","wikipedia-japan-specific | wikipedia-worldwide-japan","Shirogane Ski Highland Park Hill Valley | Shirogane Ski Highland Park Hill Valley","https://en.wikipedia.org/wiki/List_of_ski_areas_and_resorts_in_Japan | https://en.wikipedia.org/wiki/List_of_ski_areas_and_resorts_in_Japan","2026-08-26 | 2026-08-26","unresolved","","","",""
"Hokkaido","Shokanbetsudake Ski Area","mashikechoeishokanbetsudake","published_directly","japan-ski-resorts-558 | skiresort-japan-directory","Mashike Choei Shokanbetsudake | Mashike Choei Shokanbetsudake","attached_assets/Japan_Ski_Resorts_558_1783900482697.xlsx | https://www.skiresort.com/en/ski-resort/mashike-choei-shokanbetsudake/","2026-07-13 | 2026-08-24","verified_operating","https://www.town.mashike.hokkaido.jp/tourism/place/ski/","2026-08-26","/hokkaido-regional/mountain/shokanbetsudake-ski-area",""
"Hokkaido","Ski Mebius","skimebius","unresolved","wikipedia-japan-specific | wikipedia-worldwide-japan","Ski Mebius | Ski Mebius","https://en.wikipedia.org/wiki/List_of_ski_areas_and_resorts_in_Japan | https://en.wikipedia.org/wiki/List_of_ski_areas_and_resorts_in_Japan","2026-08-26 | 2026-08-26","unresolved","","","",""
"Hokkaido","Snow Cruise Onze","snowcruiseonze","published_directly","japan-ski-resorts-558 | skiresort-japan-directory | wikipedia-japan-specific | wikipedia-worldwide-japan","Snow Cruise Onze | Snow Cruise Onze | Snow Cruise Onze | Snow Cruise Onze","attached_assets/Japan_Ski_Resorts_558_1783900482697.xlsx | https://www.skiresort.com/en/ski-resort/snow-cruise-onze/ | https://en.wikipedia.org/wiki/List_of_ski_areas_and_resorts_in_Japan | https://en.wikipedia.org/wiki/List_of_ski_areas_and_resorts_in_Japan","2026-07-13 | 2026-08-24 | 2026-08-26 | 2026-08-26","verified_operating","https://onze.jp/","2026-08-26","/sapporo/mountain/snow-cruise-onze",""
"Hokkaido","Sorachibuto","sorachibuto","unresolved","japan-ski-resorts-558 | skiresort-japan-directory","Sorachibuto | Sorachibuto","attached_assets/Japan_Ski_Resorts_558_1783900482697.xlsx | https://www.skiresort.com/en/ski-resort/sorachibuto/","2026-07-13 | 2026-08-24","unclear","","2026-08-26","",""
"Hokkaido","Sunagawa Shimin","sunagawashimin","unresolved","japan-ski-resorts-558 | skiresort-japan-directory","Sunagawa Shimin | Sunagawa Shimin","attached_assets/Japan_Ski_Resorts_558_1783900482697.xlsx | https://www.skiresort.com/en/ski-resort/sunagawa-shimin/","2026-07-13 | 2026-08-24","unclear","","2026-08-26","",""
"Hokkaido","Takino Snow World","takinosnowpark","unresolved","japan-ski-resorts-558 | skiresort-japan-directory | wikipedia-japan-specific | wikipedia-worldwide-japan","Takino Snowpark | Takino Snowpark | Takino Snow World | Takino Snow World","attached_assets/Japan_Ski_Resorts_558_1783900482697.xlsx | https://www.skiresort.com/en/ski-resort/takino-snowpark/ | https://en.wikipedia.org/wiki/List_of_ski_areas_and_resorts_in_Japan | https://en.wikipedia.org/wiki/List_of_ski_areas_and_resorts_in_Japan","2026-07-13 | 2026-08-24 | 2026-08-26 | 2026-08-26","verified_operating","https://takinopark.com/en/news/takinosnowworld/","2026-08-26","",""
"Hokkaido","Takinoue Sakuragaoka Ski Area","takinouechosakuragaoka","unresolved","japan-ski-resorts-558 | skiresort-japan-directory | wikipedia-japan-specific | wikipedia-worldwide-japan","Takinouecho Sakuragaoka | Takinouecho Sakuragaoka | Takinoue Town Sakuragaoka Ski Area | Takinoue Town Sakuragaoka Ski Area","attached_assets/Japan_Ski_Resorts_558_1783900482697.xlsx | https://www.skiresort.com/en/ski-resort/takinouecho-sakuragaoka/ | https://en.wikipedia.org/wiki/Takinoue,_Hokkaidō | https://en.wikipedia.org/wiki/Takinoue,_Hokkaidō","2026-07-13 | 2026-08-24 | 2026-08-26 | 2026-08-26","unclear","","2026-08-26","",""
"Hokkaido","Tannocho Mebius","tannochomebius","unresolved","japan-ski-resorts-558","Tannocho Mebius","attached_assets/Japan_Ski_Resorts_558_1783900482697.xlsx","2026-07-13","unclear","","2026-08-26","",""
"Hokkaido","Tenpoku","tenpoku","unresolved","japan-ski-resorts-558 | skiresort-japan-directory | wikipedia-japan-specific | wikipedia-worldwide-japan","Tenpoku | Tenpoku | Tenpoku Ski Area | Tenpoku Ski Area","attached_assets/Japan_Ski_Resorts_558_1783900482697.xlsx | https://www.skiresort.com/en/ski-resort/tenpoku/ | https://en.wikipedia.org/wiki/List_of_ski_areas_and_resorts_in_Japan | https://en.wikipedia.org/wiki/List_of_ski_areas_and_resorts_in_Japan","2026-07-13 | 2026-08-24 | 2026-08-26 | 2026-08-26","unclear","","2026-08-26","",""
"Hokkaido","Teshio Town Citizens Ski Area","teshiochomin","unresolved","japan-ski-resorts-558 | skiresort-japan-directory","Teshio Chomin | Teshio Chomin","attached_assets/Japan_Ski_Resorts_558_1783900482697.xlsx | https://www.skiresort.com/en/ski-resort/teshio-chomin/","2026-07-13 | 2026-08-24","verified_operating","https://www.teshiotown.hokkaido.jp/?page_id=636","2026-08-26","",""
"Hokkaido","Teshio Town Ski Area","teshiotownskiarea","unresolved","wikipedia-japan-specific | wikipedia-worldwide-japan","Teshio Town Ski Area | Teshio Town Ski Area","https://en.wikipedia.org/wiki/Teshio,_Hokkaidō | https://en.wikipedia.org/wiki/Teshio,_Hokkaidō","2026-08-26 | 2026-08-26","unresolved","","","",""
"Hokkaido","Tobetsucho Nakagoya","tobetsuchonakagoya","unresolved","japan-ski-resorts-558 | skiresort-japan-directory","Tobetsucho Nakagoya | Tobetsucho Nakagoya","attached_assets/Japan_Ski_Resorts_558_1783900482697.xlsx | https://www.skiresort.com/en/ski-resort/tobetsucho-nakagoya/","2026-07-13 | 2026-08-24","unclear","","2026-08-26","",""
"Hokkaido","Tokachi Sahoro Resort Ski Area","sahoro","published_directly","japan-ski-resorts-558 | skiresort-japan-directory | wikipedia-japan-specific | wikipedia-worldwide-japan","Sahoro | Sahoro | Sahoro Resort | Sahoro Resort","attached_assets/Japan_Ski_Resorts_558_1783900482697.xlsx | https://www.skiresort.com/en/ski-resort/sahoro/ | https://sahoro.co.jp/winter/ski?lang=en | https://sahoro.co.jp/winter/ski?lang=en","2026-07-13 | 2026-08-24 | 2026-08-26 | 2026-08-26","verified_operating","https://sahoro-resort.com/winter/ski","2026-08-26","/tomamu-sahoro/mountain/sahoro",""
"Hokkaido","Toma Choei","tomachoei","unresolved","japan-ski-resorts-558 | skiresort-japan-directory","Toma Choei | Toma Choei","attached_assets/Japan_Ski_Resorts_558_1783900482697.xlsx | https://www.skiresort.com/en/ski-resort/toma-choei/","2026-07-13 | 2026-08-24","unclear","","2026-08-26","",""
"Hokkaido","Tōma Town Ski Area","tomatownskiarea","unresolved","wikipedia-japan-specific | wikipedia-worldwide-japan","Tōma Town Ski Area | Tōma Town Ski Area","https://en.wikipedia.org/wiki/Tōma,_Hokkaidō | https://en.wikipedia.org/wiki/Tōma,_Hokkaidō","2026-08-26 | 2026-08-26","unresolved","","","",""
"Hokkaido","Toyotomi Onsen Choei","toyotomionsenchoei","unresolved","japan-ski-resorts-558 | skiresort-japan-directory","Toyotomi Onsen Choei | Toyotomi Onsen Choei","attached_assets/Japan_Ski_Resorts_558_1783900482697.xlsx | https://www.skiresort.com/en/ski-resort/toyotomi-onsen-choei/","2026-07-13 | 2026-08-24","unclear","","2026-08-26","",""
"Hokkaido","Toyotomi Town Toyotomi Onsen Ski Area","toyotomitowntoyotomionsenskiarea","unresolved","wikipedia-japan-specific | wikipedia-worldwide-japan","Toyotomi Town Toyotomi Onsen Ski Area | Toyotomi Town Toyotomi Onsen Ski Area","https://en.wikipedia.org/wiki/Toyotomi,_Hokkaidō | https://en.wikipedia.org/wiki/Toyotomi,_Hokkaidō","2026-08-26 | 2026-08-26","unresolved","","","",""
"Hokkaido","Tsubetsu","tsubetsu","unresolved","japan-ski-resorts-558 | skiresort-japan-directory","Tsubetsu | Tsubetsu","attached_assets/Japan_Ski_Resorts_558_1783900482697.xlsx | https://www.skiresort.com/en/ski-resort/tsubetsu/","2026-07-13 | 2026-08-24","unclear","","2026-08-26","",""
"Hokkaido","Tsukigata Town Ski Area","tsukigatatownskiarea","unresolved","wikipedia-japan-specific | wikipedia-worldwide-japan","Tsukigata Town Ski Area | Tsukigata Town Ski Area","https://en.wikipedia.org/wiki/Tsukigata,_Hokkaidō | https://en.wikipedia.org/wiki/Tsukigata,_Hokkaidō","2026-08-26 | 2026-08-26","unresolved","","","",""
"Hokkaido","Tsukigatacho Choei","tsukigatachochoei","unresolved","japan-ski-resorts-558 | skiresort-japan-directory","Tsukigatacho Choei | Tsukigatacho Choei","attached_assets/Japan_Ski_Resorts_558_1783900482697.xlsx | https://www.skiresort.com/en/ski-resort/tsukigatacho-choei/","2026-07-13 | 2026-08-24","unclear","","2026-08-26","",""
"Hokkaido","Wakamatsu Citizens Ski Area","kitamiwakamatsushimin","published_directly","japan-ski-resorts-558 | skiresort-japan-directory","Kitami Wakamatsu Shimin | Kitami Wakamatsu Shimin","attached_assets/Japan_Ski_Resorts_558_1783900482697.xlsx | https://www.skiresort.com/en/ski-resort/kitami-wakamatsu-shimin/","2026-07-13 | 2026-08-24","verified_operating","https://www.city.kitami.lg.jp/administration/news/detail.php?news=3127","2026-08-26","/hokkaido-regional/mountain/wakamatsu-citizens-ski-area",""
"Hokkaido","Wakkanai Komadori Ski Area","komadori","published_directly","japan-ski-resorts-558 | skiresort-japan-directory | wikipedia-japan-specific | wikipedia-worldwide-japan","Komadori | Komadori | Wakkanai City Komadori Ski Area | Wakkanai City Komadori Ski Area","attached_assets/Japan_Ski_Resorts_558_1783900482697.xlsx | https://www.skiresort.com/en/ski-resort/komadori/ | https://en.wikipedia.org/wiki/Wakkanai,_Hokkaidō | https://en.wikipedia.org/wiki/Wakkanai,_Hokkaidō","2026-07-13 | 2026-08-24 | 2026-08-26 | 2026-08-26","verified_operating","https://w-shinko.co.jp/komadoriski-topic/komadoriski-notice/9619/","2026-08-26","/niseko/mountain/wakkanai-komadori-ski-area",""
"Hokkaido","Wassamu Higashiyama Ski Area","wassamuhigashiyama","unresolved","japan-ski-resorts-558 | skiresort-japan-directory | wikipedia-japan-specific | wikipedia-worldwide-japan","Wassamu Higashiyama | Wassamu Higashiyama | Wassamu Higashiyama Ski Area | Wassamu Higashiyama Ski Area","attached_assets/Japan_Ski_Resorts_558_1783900482697.xlsx | https://www.skiresort.com/en/ski-resort/wassamu-higashiyama/ | https://www.snowjapan.com/japan-ski-resorts/hokkaido/wassamu/wassamu-higashiyama/location | https://www.snowjapan.com/japan-ski-resorts/hokkaido/wassamu/wassamu-higashiyama/location","2026-07-13 | 2026-08-24 | 2026-08-26 | 2026-08-26","verified_operating","https://www.town.wassamu.hokkaido.jp/school-board/facility/ski-resort/","2026-08-26","",""
"Hokkaido","Windsor Snow Village","windsorsnowvillage","unresolved","wikipedia-japan-specific | wikipedia-worldwide-japan","Windsor Snow Village | Windsor Snow Village","https://en.wikipedia.org/wiki/List_of_ski_areas_and_resorts_in_Japan | https://en.wikipedia.org/wiki/List_of_ski_areas_and_resorts_in_Japan","2026-08-26 | 2026-08-26","unresolved","","","",""
"Hokkaido","Yokotsudake Kokusai","yokotsudakekokusai","unresolved","japan-ski-resorts-558 | skiresort-japan-directory","Yokotsudake Kokusai | Yokotsudake Kokusai","attached_assets/Japan_Ski_Resorts_558_1783900482697.xlsx | https://www.skiresort.com/en/ski-resort/yokotsudake-kokusai/","2026-07-13 | 2026-08-24","unclear","","2026-08-26","",""
"Hokkaido","Yuni Chomin","yunichomin","unresolved","japan-ski-resorts-558 | skiresort-japan-directory","Yuni Chomin | Yuni Chomin","attached_assets/Japan_Ski_Resorts_558_1783900482697.xlsx | https://www.skiresort.com/en/ski-resort/yuni-chomin/","2026-07-13 | 2026-08-24","unclear","","2026-08-26","",""
"Hyogo","Banshu Tokura Ski Area","bansyutokura","published_directly","japan-ski-resorts-558 | skiresort-japan-directory | wikipedia-japan-specific | wikipedia-worldwide-japan","Bansyu Tokura | Bansyu Tokura | Banshū Tokura Ski Area | Banshū Tokura Ski Area","attached_assets/Japan_Ski_Resorts_558_1783900482697.xlsx | https://www.skiresort.com/en/ski-resort/bansyu-tokura/ | https://en.wikipedia.org/wiki/List_of_ski_areas_and_resorts_in_Japan | https://en.wikipedia.org/wiki/List_of_ski_areas_and_resorts_in_Japan","2026-07-13 | 2026-08-24 | 2026-08-26 | 2026-08-26","verified_operating","https://ooyaski.com/bantoku/2025/12/17/%e3%82%b9%e3%82%ad%e3%83%bc%e5%a0%b4%ef%bd%8f%ef%bd%90%ef%bd%85%ef%bd%8e%e3%83%bb%e5%bb%b6%e6%9c%9f%e3%81%ae%e3%81%8a%e7%9f%a5%e3%82%89%e3%81%9b%ef%bc%81%ef%bc%81/","2026-08-26","/hyogo-ski-areas/mountain/banshu-tokura-ski-area",""
"Hyogo","Chikusa Kogen Ski Area","chikusakogen","published_directly","japan-ski-resorts-558 | skiresort-japan-directory | wikipedia-japan-specific | wikipedia-worldwide-japan","Chikusa Kogen | Chikusa Kogen | Chikusa Kōgen Ski Area | Chikusa Kōgen Ski Area","attached_assets/Japan_Ski_Resorts_558_1783900482697.xlsx | https://www.skiresort.com/en/ski-resort/chikusa-kogen/ | https://en.wikipedia.org/wiki/List_of_ski_areas_and_resorts_in_Japan | https://en.wikipedia.org/wiki/List_of_ski_areas_and_resorts_in_Japan","2026-07-13 | 2026-08-24 | 2026-08-26 | 2026-08-26","verified_operating","https://www.chikusakogen.com/news/2026/03/30/4250/","2026-08-26","/hyogo-ski-areas/mountain/chikusa-kogen-ski-area",""
"Hyogo","Hachi Kōgen Ski Area","hachikogenskiarea","unresolved","wikipedia-japan-specific | wikipedia-worldwide-japan","Hachi Kōgen Ski Area | Hachi Kōgen Ski Area","https://en.wikipedia.org/wiki/List_of_ski_areas_and_resorts_in_Japan | https://en.wikipedia.org/wiki/List_of_ski_areas_and_resorts_in_Japan","2026-08-26 | 2026-08-26","unresolved","","","",""
"Hyogo","Hachikita Ski Area","hachikitaskiarea","unresolved","wikipedia-japan-specific | wikipedia-worldwide-japan","Hachikita Ski Area | Hachikita Ski Area","https://en.wikipedia.org/wiki/List_of_ski_areas_and_resorts_in_Japan | https://en.wikipedia.org/wiki/List_of_ski_areas_and_resorts_in_Japan","2026-08-26 | 2026-08-26","unresolved","","","",""
"Hyogo","Hachikogen/​Hachi Kita Kogen","hachikogenhachikitakogen","unresolved","japan-ski-resorts-558 | skiresort-japan-directory","Hachikogen/Hachi Kita Kogen | Hachikogen/​Hachi Kita Kogen","attached_assets/Japan_Ski_Resorts_558_1783900482697.xlsx | https://www.skiresort.com/en/ski-resort/hachikogen-hachi-kita-kogen/","2026-07-13 | 2026-08-24","unclear","","2026-08-26","",""
"Hyogo","Hyounosen Kokusai Ski Area","hyounosenkokusai","published_directly","japan-ski-resorts-558 | skiresort-japan-directory | wikipedia-japan-specific | wikipedia-worldwide-japan","Hyounosen Kokusai | Hyounosen Kokusai | Hyōnosen Kokusai Ski Area | Hyōnosen Kokusai Ski Area","attached_assets/Japan_Ski_Resorts_558_1783900482697.xlsx | https://www.skiresort.com/en/ski-resort/hyounosen-kokusai/ | https://en.wikipedia.org/wiki/List_of_ski_areas_and_resorts_in_Japan | https://en.wikipedia.org/wiki/List_of_ski_areas_and_resorts_in_Japan","2026-07-13 | 2026-08-24 | 2026-08-26 | 2026-08-26","verified_operating","https://www.hyounosen.jp/","2026-08-26","/hyogo-ski-areas/mountain/hyounosen-kokusai-ski-area",""
"Hyogo","Hyper Bowl Tohachi Ski Area","hyperbowltohachi","published_directly","japan-ski-resorts-558 | skiresort-japan-directory | wikipedia-japan-specific | wikipedia-worldwide-japan","Hyper Bowl Tohachi | Hyper Bowl Tohachi | Hyperbowl Tōhachi | Hyperbowl Tōhachi","attached_assets/Japan_Ski_Resorts_558_1783900482697.xlsx | https://www.skiresort.com/en/ski-resort/hyper-bowl-tohachi/ | https://en.wikipedia.org/wiki/List_of_ski_areas_and_resorts_in_Japan | https://en.wikipedia.org/wiki/List_of_ski_areas_and_resorts_in_Japan","2026-07-13 | 2026-08-24 | 2026-08-26 | 2026-08-26","verified_operating","https://tohachi.jp/news/2672","2026-08-26","/hyogo-ski-areas/mountain/hyper-bowl-tohachi-ski-area",""
"Hyogo","Kannabe Kōgen Ski Area","kannabekogenskiarea","unresolved","wikipedia-japan-specific | wikipedia-worldwide-japan","Kannabe Kōgen Ski Area | Kannabe Kōgen Ski Area","https://en.wikipedia.org/wiki/List_of_ski_areas_and_resorts_in_Japan | https://en.wikipedia.org/wiki/List_of_ski_areas_and_resorts_in_Japan","2026-08-26 | 2026-08-26","unresolved","","","",""
"Hyogo","Kijima Snowboard Resort – Wood Stage","kijimasnowboardresortwoodstage","out_of_scope","japan-ski-resorts-558","Kijima Snowboard Resort – Wood Stage","attached_assets/Japan_Ski_Resorts_558_1783900482697.xlsx","2026-07-13","unresolved","","","",""
"Hyogo","Manba Ski Area","manba","published_directly","japan-ski-resorts-558 | skiresort-japan-directory | wikipedia-japan-specific | wikipedia-worldwide-japan","Manba | Manba | Manba Ski Area | Manba Ski Area","attached_assets/Japan_Ski_Resorts_558_1783900482697.xlsx | https://www.skiresort.com/en/ski-resort/manba/ | https://en.wikipedia.org/wiki/List_of_ski_areas_and_resorts_in_Japan | https://en.wikipedia.org/wiki/List_of_ski_areas_and_resorts_in_Japan","2026-07-13 | 2026-08-24 | 2026-08-26 | 2026-08-26","verified_operating","https://www.manba-ski.jp/information/information.php","2026-08-26","/hyogo-ski-areas/mountain/manba-ski-area",""
"Hyogo","Mikata Snow Park","mikatasnowpark","unresolved","japan-ski-resorts-558 | skiresort-japan-directory | wikipedia-japan-specific | wikipedia-worldwide-japan","Mikata Snow Park | Mikata Snow Park (temporarily closed) | Mikata Snow Park | Mikata Snow Park","attached_assets/Japan_Ski_Resorts_558_1783900482697.xlsx | https://www.skiresort.com/en/ski-resort/mikata-snow-park/ | https://en.wikipedia.org/wiki/List_of_ski_areas_and_resorts_in_Japan | https://en.wikipedia.org/wiki/List_of_ski_areas_and_resorts_in_Japan","2026-07-13 | 2026-08-24 | 2026-08-26 | 2026-08-26","unresolved","","","",""
"Hyogo","Mineyama Kogen Resort White Peak","mineyamakogen","published_directly","japan-ski-resorts-558 | skiresort-japan-directory","Mineyama Kogen | Mineyama Kogen","attached_assets/Japan_Ski_Resorts_558_1783900482697.xlsx | https://www.skiresort.com/en/ski-resort/mineyama-kogen/","2026-07-13 | 2026-08-24","verified_operating","https://merharima.com/archives/505","2026-08-26","/hyogo-ski-areas/mountain/mineyama-kogen-resort-white-peak",""
"Hyogo","Mt. Rokkō Artificial Snow Area","mtrokkoartificialsnowarea","unresolved","wikipedia-japan-specific | wikipedia-worldwide-japan","Mt. Rokkō Artificial Snow Area | Mt. Rokkō Artificial Snow Area","https://en.wikipedia.org/wiki/Mount_Rokkō | https://en.wikipedia.org/wiki/Mount_Rokkō","2026-08-26 | 2026-08-26","unresolved","","","",""
"Hyogo","Nashiki Ski Area","nashikiskiarea","unresolved","wikipedia-japan-specific | wikipedia-worldwide-japan","Nashiki Ski Area | Nashiki Ski Area","https://en.wikipedia.org/wiki/List_of_ski_areas_and_resorts_in_Japan | https://en.wikipedia.org/wiki/List_of_ski_areas_and_resorts_in_Japan","2026-08-26 | 2026-08-26","unresolved","","","",""
"Hyogo","Ojiro Ski Area","ojiro","published_directly","japan-ski-resorts-558 | skiresort-japan-directory","Ojiro | Ojiro","attached_assets/Japan_Ski_Resorts_558_1783900482697.xlsx | https://www.skiresort.com/en/ski-resort/ojiro/","2026-07-13 | 2026-08-24","verified_operating","https://www.ojiro.or.jp/news/","2026-08-26","/hyogo-ski-areas/mountain/ojiro-ski-area",""
"Hyogo","Oku Kannabe Ski Area","okukannabe","published_directly","japan-ski-resorts-558 | skiresort-japan-directory | wikipedia-japan-specific | wikipedia-worldwide-japan","Oku Kannabe | Oku Kannabe | Oku Kannabe Ski Area | Oku Kannabe Ski Area","attached_assets/Japan_Ski_Resorts_558_1783900482697.xlsx | https://www.skiresort.com/en/ski-resort/oku-kannabe/ | https://en.wikipedia.org/wiki/List_of_ski_areas_and_resorts_in_Japan | https://en.wikipedia.org/wiki/List_of_ski_areas_and_resorts_in_Japan","2026-07-13 | 2026-08-24 | 2026-08-26 | 2026-08-26","verified_operating","https://okukan.com/2025-2026%e3%82%b7%e3%83%bc%e3%82%ba%e3%83%b3-%e5%96%b6%e6%a5%ad%e7%b5%82%e4%ba%86%e3%81%ae%e3%81%8a%e7%9f%a5%e3%82%89%e3%81%9b/","2026-08-26","/hyogo-ski-areas/mountain/oku-kannabe-ski-area",""
"Hyogo","Rokkosan Snow Park","mtrokkosnowpark","published_directly","japan-ski-resorts-558 | skiresort-japan-directory","Mt. Rokkō Snow Park | Mt. Rokkō Snow Park","attached_assets/Japan_Ski_Resorts_558_1783900482697.xlsx | https://www.skiresort.com/en/ski-resort/mt-rokkoo-snow-park/","2026-07-13 | 2026-08-24","verified_operating","https://www.rokkosan.com/ski/","2026-08-26","/hyogo-ski-areas/mountain/rokkosan-snow-park",""
"Hyogo","Shin Tokura Ski Area","shintokuraskiarea","unresolved","wikipedia-japan-specific | wikipedia-worldwide-japan","Shin Tokura Ski Area | Shin Tokura Ski Area","https://en.wikipedia.org/wiki/List_of_ski_areas_and_resorts_in_Japan | https://en.wikipedia.org/wiki/List_of_ski_areas_and_resorts_in_Japan","2026-08-26 | 2026-08-26","unresolved","","","",""
"Hyogo","Sky Valley Ski Area","skyvalley","published_directly","japan-ski-resorts-558 | skiresort-japan-directory | wikipedia-japan-specific | wikipedia-worldwide-japan","Sky Valley | Sky Valley | Sky Valley Ski Area | Sky Valley Ski Area","attached_assets/Japan_Ski_Resorts_558_1783900482697.xlsx | https://www.skiresort.com/en/ski-resort/sky-valley/ | https://en.wikipedia.org/wiki/List_of_ski_areas_and_resorts_in_Japan | https://en.wikipedia.org/wiki/List_of_ski_areas_and_resorts_in_Japan","2026-07-13 | 2026-08-24 | 2026-08-26 | 2026-08-26","verified_operating","https://skyvalley.jp/news/4658","2026-08-26","/hyogo-ski-areas/mountain/sky-valley-ski-area",""
"Hyogo","Snova Kobe Free-ku","snovakobefreeku","out_of_scope","japan-ski-resorts-558","Snova Kobe Free-ku","attached_assets/Japan_Ski_Resorts_558_1783900482697.xlsx","2026-07-13","unresolved","","","",""
"Hyogo","Snova Kobe Free-ku – Kobe (Snowpark Kobe) (indoor ski area)","snovakobefreekukobesnowparkkobe","unresolved","skiresort-japan-directory","Snova Kobe Free-ku – Kobe (Snowpark Kobe) (indoor ski area)","https://www.skiresort.com/en/ski-resort/snova-kobe-free-ku-kobe-snowpark-kobe/","2026-08-24","unresolved","","","",""
"Hyogo","Tajima Farm Park Ski Area","tajimabokujokoen","published_directly","japan-ski-resorts-558 | skiresort-japan-directory | wikipedia-japan-specific | wikipedia-worldwide-japan","Tajima Bokujo Koen | Tajima Bokujo Koen | Tajima Bokujō Kōen Ski Area | Tajima Bokujō Kōen Ski Area","attached_assets/Japan_Ski_Resorts_558_1783900482697.xlsx | https://www.skiresort.com/en/ski-resort/tajima-bokujo-koen/ | https://en.wikipedia.org/wiki/List_of_ski_areas_and_resorts_in_Japan | https://en.wikipedia.org/wiki/List_of_ski_areas_and_resorts_in_Japan","2026-07-13 | 2026-08-24 | 2026-08-26 | 2026-08-26","verified_operating","https://www.bokujyo.com/winter/information.html","2026-08-26","/hyogo-ski-areas/mountain/tajima-farm-park-ski-area",""
"Hyogo","Up Kannabe Ski Area","upkannabe","published_directly","japan-ski-resorts-558 | skiresort-japan-directory | wikipedia-japan-specific | wikipedia-worldwide-japan","UP Kannabe | UP Kannabe | Up Kannabe Ski Area | Up Kannabe Ski Area","attached_assets/Japan_Ski_Resorts_558_1783900482697.xlsx | https://www.skiresort.com/en/ski-resort/up-kannabe/ | https://en.wikipedia.org/wiki/List_of_ski_areas_and_resorts_in_Japan | https://en.wikipedia.org/wiki/List_of_ski_areas_and_resorts_in_Japan","2026-07-13 | 2026-08-24 | 2026-08-26 | 2026-08-26","verified_operating","https://www.kannabe.co.jp/topics/13527.html","2026-08-26","/hyogo-ski-areas/mountain/up-kannabe-ski-area",""
"Hyogo","Wakasu Kōgen Ōya Ski Area","wakasukogenoyaskiarea","unresolved","wikipedia-japan-specific | wikipedia-worldwide-japan","Wakasu Kōgen Ōya Ski Area | Wakasu Kōgen Ōya Ski Area","https://en.wikipedia.org/wiki/List_of_ski_areas_and_resorts_in_Japan | https://en.wikipedia.org/wiki/List_of_ski_areas_and_resorts_in_Japan","2026-08-26 | 2026-08-26","unresolved","","","",""
"Hyogo","Wakasugi Kogen Oya","wakasugikogenoya","unresolved","japan-ski-resorts-558 | skiresort-japan-directory","Wakasugi Kogen Oya | Wakasugi Kogen Oya","attached_assets/Japan_Ski_Resorts_558_1783900482697.xlsx | https://www.skiresort.com/en/ski-resort/wakasugi-kogen-oya/","2026-07-13 | 2026-08-24","unclear","","2026-08-26","",""
"Ibaraki","Kamui Ryūgasaki Snowboard Park (Indoor)","kamuiryugasakisnowboardpark","unresolved","wikipedia-japan-specific | wikipedia-worldwide-japan","Kamui Ryūgasaki Snowboard Park (Indoor) | Kamui Ryūgasaki Snowboard Park (Indoor)","https://en.wikipedia.org/wiki/List_of_ski_areas_and_resorts_in_Japan | https://en.wikipedia.org/wiki/List_of_ski_areas_and_resorts_in_Japan","2026-08-26 | 2026-08-26","unresolved","","","",""
"Ishikawa","Hakusan Chūgū Onsen Ski Area","hakusanchuguonsenskiarea","unresolved","wikipedia-japan-specific | wikipedia-worldwide-japan","Hakusan Chūgū Onsen Ski Area | Hakusan Chūgū Onsen Ski Area","https://en.wikipedia.org/wiki/List_of_ski_areas_and_resorts_in_Japan | https://en.wikipedia.org/wiki/List_of_ski_areas_and_resorts_in_Japan","2026-08-26 | 2026-08-26","unresolved","","","",""
"Ishikawa","Hakusan Ichirino Onsen Ski Resort","hakusanichirinoonsen","unresolved","japan-ski-resorts-558 | skiresort-japan-directory | wikipedia-japan-specific | wikipedia-worldwide-japan","Hakusan Ichirino Onsen | Hakusan Ichirino Onsen | Hakusan Ichirino Onsen Ski Area | Hakusan Ichirino Onsen Ski Area","attached_assets/Japan_Ski_Resorts_558_1783900482697.xlsx | https://www.skiresort.com/en/ski-resort/hakusan-ichirino-onsen/ | https://en.wikipedia.org/wiki/List_of_ski_areas_and_resorts_in_Japan | https://en.wikipedia.org/wiki/List_of_ski_areas_and_resorts_in_Japan","2026-07-13 | 2026-08-24 | 2026-08-26 | 2026-08-26","unclear","https://www.sam-hakusan-en.com/ichirino.html","2026-08-26","",""
"Ishikawa","Hakusan Seme Kōgen Ski Area","hakusansemekogenskiarea","unresolved","wikipedia-japan-specific | wikipedia-worldwide-japan","Hakusan Seme Kōgen Ski Area | Hakusan Seme Kōgen Ski Area","https://en.wikipedia.org/wiki/List_of_ski_areas_and_resorts_in_Japan | https://en.wikipedia.org/wiki/List_of_ski_areas_and_resorts_in_Japan","2026-08-26 | 2026-08-26","unresolved","","","",""
"Ishikawa","Hakusan Sena Kogen","hakusansenakogen","unresolved","japan-ski-resorts-558 | skiresort-japan-directory","Hakusan Sena Kogen | Hakusan Sena Kogen (temporarily closed)","attached_assets/Japan_Ski_Resorts_558_1783900482697.xlsx | https://www.skiresort.com/en/ski-resort/hakusan-sena-kogen/","2026-07-13 | 2026-08-24","unresolved","","","",""
"Ishikawa","Hakusan Seymour Ski Resort","kawachisenjoonsenkanazawaseymour","unresolved","japan-ski-resorts-558 | skiresort-japan-directory","Kawachisenjo Onsen Kanazawa Seymour | Kawachisenjo Onsen Kanazawa Seymour","attached_assets/Japan_Ski_Resorts_558_1783900482697.xlsx | https://www.skiresort.com/en/ski-resort/kawachisenjo-onsen-kanazawa-seymour/","2026-07-13 | 2026-08-24","unclear","https://www.sam-hakusan-en.com/","2026-08-26","",""
"Ishikawa","Hakusan Shiramine Onsen","hakusanshiramineonsen","unresolved","japan-ski-resorts-558 | skiresort-japan-directory | wikipedia-japan-specific | wikipedia-worldwide-japan","Hakusan Shiramine Onsen | Hakusan Shiramine Onsen | Hakusan Shiramine Onsen Ski Area | Hakusan Shiramine Onsen Ski Area","attached_assets/Japan_Ski_Resorts_558_1783900482697.xlsx | https://www.skiresort.com/en/ski-resort/hakusan-shiramine-onsen/ | https://en.wikipedia.org/wiki/List_of_ski_areas_and_resorts_in_Japan | https://en.wikipedia.org/wiki/List_of_ski_areas_and_resorts_in_Japan","2026-07-13 | 2026-08-24 | 2026-08-26 | 2026-08-26","unclear","","2026-08-26","",""
"Ishikawa","Iouzan Ski Resort","iohzankanazawa","published_directly","japan-ski-resorts-558 | skiresort-japan-directory","Iohzan – Kanazawa | Iohzan – Kanazawa","attached_assets/Japan_Ski_Resorts_558_1783900482697.xlsx | https://www.skiresort.com/en/ski-resort/iohzan-kanazawa/","2026-07-13 | 2026-08-24","verified_operating","https://www.kanazawa-sports.jp/use/search/546/","2026-08-26","/hokuriku/mountain/iouzan-ski-resort",""
"Ishikawa","Iōzen Ski Area","iozenskiarea","unresolved","wikipedia-japan-specific | wikipedia-worldwide-japan","Iōzen Ski Area | Iōzen Ski Area","https://en.wikipedia.org/wiki/List_of_ski_areas_and_resorts_in_Japan | https://en.wikipedia.org/wiki/List_of_ski_areas_and_resorts_in_Japan","2026-08-26 | 2026-08-26","unresolved","","","",""
"Ishikawa","Kanazawa Seymour Ski Area","kanazawaseymourskiarea","unresolved","wikipedia-japan-specific | wikipedia-worldwide-japan","Kanazawa Seymour Ski Area | Kanazawa Seymour Ski Area","https://en.wikipedia.org/wiki/List_of_ski_areas_and_resorts_in_Japan | https://en.wikipedia.org/wiki/List_of_ski_areas_and_resorts_in_Japan","2026-08-26 | 2026-08-26","unresolved","","","",""
"Ishikawa","Kurokawa Onsen Ski Area","kurokawaonsenskiarea","unresolved","wikipedia-japan-specific | wikipedia-worldwide-japan","Kurokawa Onsen Ski Area | Kurokawa Onsen Ski Area","https://en.wikipedia.org/wiki/List_of_ski_areas_and_resorts_in_Japan | https://en.wikipedia.org/wiki/List_of_ski_areas_and_resorts_in_Japan","2026-08-26 | 2026-08-26","unresolved","","","",""
"Ishikawa","Nanao Korosa","nanaokorosa","unresolved","japan-ski-resorts-558 | skiresort-japan-directory | wikipedia-japan-specific | wikipedia-worldwide-japan","Nanao Korosa | Nanao Korosa | Nanao Korosa Ski Area | Nanao Korosa Ski Area","attached_assets/Japan_Ski_Resorts_558_1783900482697.xlsx | https://www.skiresort.com/en/ski-resort/nanao-korosa/ | https://en.wikipedia.org/wiki/List_of_ski_areas_and_resorts_in_Japan | https://en.wikipedia.org/wiki/List_of_ski_areas_and_resorts_in_Japan","2026-07-13 | 2026-08-24 | 2026-08-26 | 2026-08-26","unclear","","2026-08-26","",""
"Ishikawa","Nishiyama Cross-Country Ski Area","nishiyamacrosscountryskiarea","unresolved","wikipedia-japan-specific | wikipedia-worldwide-japan","Nishiyama Cross-Country Ski Area | Nishiyama Cross-Country Ski Area","https://en.wikipedia.org/wiki/List_of_ski_areas_and_resorts_in_Japan | https://en.wikipedia.org/wiki/List_of_ski_areas_and_resorts_in_Japan","2026-08-26 | 2026-08-26","unresolved","","","",""
"Ishikawa","Okuradake Kogen Ski Resort","okuradakekogen","unresolved","japan-ski-resorts-558 | skiresort-japan-directory | wikipedia-japan-specific | wikipedia-worldwide-japan","Okuradake Kogen | Okuradake Kogen | Ōkuradake Kōgen Ski Area | Ōkuradake Kōgen Ski Area","attached_assets/Japan_Ski_Resorts_558_1783900482697.xlsx | https://www.skiresort.com/en/ski-resort/okuradake-kogen/ | https://en.wikipedia.org/wiki/List_of_ski_areas_and_resorts_in_Japan | https://en.wikipedia.org/wiki/List_of_ski_areas_and_resorts_in_Japan","2026-07-13 | 2026-08-24 | 2026-08-26 | 2026-08-26","verified_operating","https://komatsu-ccf.com/data_file/20251112070136178efile01.pdf","2026-08-26","",""
"Ishikawa","Shishiku Kōgen Ski Area","shishikukogenskiarea","unresolved","wikipedia-japan-specific | wikipedia-worldwide-japan","Shishiku Kōgen Ski Area | Shishiku Kōgen Ski Area","https://en.wikipedia.org/wiki/List_of_ski_areas_and_resorts_in_Japan | https://en.wikipedia.org/wiki/List_of_ski_areas_and_resorts_in_Japan","2026-08-26 | 2026-08-26","unresolved","","","",""
"Ishikawa","Sky Shishiku","skyshishiku","unresolved","japan-ski-resorts-558 | skiresort-japan-directory","Sky Shishiku | Sky Shishiku","attached_assets/Japan_Ski_Resorts_558_1783900482697.xlsx | https://www.skiresort.com/en/ski-resort/sky-shishiku/","2026-07-13 | 2026-08-24","unclear","","2026-08-26","",""
"Ishikawa","Torigoe Kogen Dainichi","torigoekogendainichi","unresolved","japan-ski-resorts-558 | skiresort-japan-directory | wikipedia-japan-specific | wikipedia-worldwide-japan","Torigoe Kogen Dainichi | Torigoe Kogen Dainichi | Torigoe Kōgen Dainichi Ski Area | Torigoe Kōgen Dainichi Ski Area","attached_assets/Japan_Ski_Resorts_558_1783900482697.xlsx | https://www.skiresort.com/en/ski-resort/torigoe-kogen-dainichi/ | https://en.wikipedia.org/wiki/List_of_ski_areas_and_resorts_in_Japan | https://en.wikipedia.org/wiki/List_of_ski_areas_and_resorts_in_Japan","2026-07-13 | 2026-08-24 | 2026-08-26 | 2026-08-26","unclear","","2026-08-26","",""
"Ishikawa","Wajima City Mitsui Ski Area","wajimacitymitsuiskiarea","unresolved","wikipedia-japan-specific | wikipedia-worldwide-japan","Wajima City Mitsui Ski Area | Wajima City Mitsui Ski Area","https://en.wikipedia.org/wiki/Wajima,_Ishikawa | https://en.wikipedia.org/wiki/Wajima,_Ishikawa","2026-08-26 | 2026-08-26","unresolved","","","",""
"Iwate","Akabane Ski Area","akabane","published_directly","japan-ski-resorts-558 | skiresort-japan-directory","Akabane | Akabane","attached_assets/Japan_Ski_Resorts_558_1783900482697.xlsx | https://www.skiresort.com/en/ski-resort/akabane/","2026-07-13 | 2026-08-24","verified_operating","https://tono-sks.com/akabane-snowpark/","2026-08-26","/iwate-regional/mountain/akabane-ski-area",""
"Iwate","Amihari Onsen Ski Area","amihari","published_directly","japan-ski-resorts-558 | skiresort-japan-directory | wikipedia-japan-specific | wikipedia-worldwide-japan","Amihari | Amihari | Amihari Onsen Ski Area | Amihari Onsen Ski Area","attached_assets/Japan_Ski_Resorts_558_1783900482697.xlsx | https://www.skiresort.com/en/ski-resort/amihari/ | https://en.wikipedia.org/wiki/List_of_ski_areas_and_resorts_in_Japan | https://en.wikipedia.org/wiki/List_of_ski_areas_and_resorts_in_Japan","2026-07-13 | 2026-08-24 | 2026-08-26 | 2026-08-26","verified_operating","https://qkamura.or.jp/iwate/ski/","2026-08-26","/iwate-regional/mountain/amihari-onsen-ski-area",""
"Iwate","Appi Kogen Ski Resort","appikogen","published_directly","japan-ski-resorts-558 | skiresort-japan-directory | wikipedia-japan-specific | wikipedia-worldwide-japan","Appi Kogen | Appi Kogen | Appi Kogen Ski Resort | Appi Kogen Ski Resort","attached_assets/Japan_Ski_Resorts_558_1783900482697.xlsx | https://www.skiresort.com/en/ski-resort/appi-kogen/ | https://en.wikipedia.org/wiki/Appi_Kogen_Ski_Resort | https://en.wikipedia.org/wiki/Appi_Kogen_Ski_Resort","2026-07-13 | 2026-08-24 | 2026-08-26 | 2026-08-26","verified_operating","https://www.appi.co.jp/snow-mountain-resort/ticket/seasonpass.php","2026-08-26","/appi-shizukuishi/mountain/appi",""
"Iwate","Esashi Shiei Koeji","esashishieikoeji","unresolved","japan-ski-resorts-558 | skiresort-japan-directory","Esashi Shiei Koeji | Esashi Shiei Koeji","attached_assets/Japan_Ski_Resorts_558_1783900482697.xlsx | https://www.skiresort.com/en/ski-resort/esashi-shiei-koeji/","2026-07-13 | 2026-08-24","unclear","","2026-08-26","",""
"Iwate","Geto Kogen Ski Resort","getokogen","published_directly","japan-ski-resorts-558 | skiresort-japan-directory | wikipedia-japan-specific | wikipedia-worldwide-japan","Geto Kogen | Geto Kogen | Getō Kōgen Ski Area | Getō Kōgen Ski Area","attached_assets/Japan_Ski_Resorts_558_1783900482697.xlsx | https://www.skiresort.com/en/ski-resort/geto-kogen/ | https://en.wikipedia.org/wiki/List_of_ski_areas_and_resorts_in_Japan | https://en.wikipedia.org/wiki/List_of_ski_areas_and_resorts_in_Japan","2026-07-13 | 2026-08-24 | 2026-08-26 | 2026-08-26","verified_operating","https://www.getokogen.com/winter_en/","2026-08-26","/iwate-regional/mountain/geto-kogen-ski-resort",""
"Iwate","Hachimantai Resort Panorama Ski Area","panoramaareahachimantai","published_directly","japan-ski-resorts-558 | skiresort-japan-directory","Panorama Area – Hachimantai | Panorama Area – Hachimantai","attached_assets/Japan_Ski_Resorts_558_1783900482697.xlsx | https://www.skiresort.com/en/ski-resort/panorama-area-hachimantai/","2026-07-13 | 2026-08-24","verified_operating","https://www.hachimantai.co.jp/winter/","2026-08-26","/hachimantai/mountain/hachimantai-panorama",""
"Iwate","Hachimantai Resort Shimokura Ski Area","shimokuraareahachimantai","published_directly","japan-ski-resorts-558 | skiresort-japan-directory","Shimokura Area – Hachimantai | Shimokura Area – Hachimantai","attached_assets/Japan_Ski_Resorts_558_1783900482697.xlsx | https://www.skiresort.com/en/ski-resort/shimokura-area-hachimantai/","2026-07-13 | 2026-08-24","verified_operating","https://www.hachimantai.co.jp/winter/","2026-08-26","/hachimantai/mountain/hachimantai-shimokura",""
"Iwate","Hachimantai Resort Ski Area","hachimantairesortskiarea","unresolved","wikipedia-japan-specific | wikipedia-worldwide-japan","Hachimantai Resort Ski Area | Hachimantai Resort Ski Area","https://en.wikipedia.org/wiki/List_of_ski_areas_and_resorts_in_Japan | https://en.wikipedia.org/wiki/List_of_ski_areas_and_resorts_in_Japan","2026-08-26 | 2026-08-26","unresolved","","","",""
"Iwate","Hachimantai Ski Area","hachimantaiskiarea","unresolved","wikipedia-japan-specific | wikipedia-worldwide-japan","Hachimantai Ski Area | Hachimantai Ski Area","https://en.wikipedia.org/wiki/List_of_ski_areas_and_resorts_in_Japan | https://en.wikipedia.org/wiki/List_of_ski_areas_and_resorts_in_Japan","2026-08-26 | 2026-08-26","unresolved","","","",""
"Iwate","Hayasaka Kōgen Snow Land","hayasakakogensnowland","unresolved","wikipedia-japan-specific | wikipedia-worldwide-japan","Hayasaka Kōgen Snow Land | Hayasaka Kōgen Snow Land","https://en.wikipedia.org/wiki/List_of_ski_areas_and_resorts_in_Japan | https://en.wikipedia.org/wiki/List_of_ski_areas_and_resorts_in_Japan","2026-08-26 | 2026-08-26","unresolved","","","",""
"Iwate","Himekayu Ski Area","himekayuskiarea","unresolved","wikipedia-japan-specific | wikipedia-worldwide-japan","Himekayu Ski Area | Himekayu Ski Area","https://en.wikipedia.org/wiki/List_of_ski_areas_and_resorts_in_Japan | https://en.wikipedia.org/wiki/List_of_ski_areas_and_resorts_in_Japan","2026-08-26 | 2026-08-26","unresolved","","","",""
"Iwate","Hiraniwa Kogen Ski Area","hiraniwakogen","published_directly","japan-ski-resorts-558 | skiresort-japan-directory","Hiraniwa Kogen | Hiraniwa Kogen","attached_assets/Japan_Ski_Resorts_558_1783900482697.xlsx | https://www.skiresort.com/en/ski-resort/hiraniwa-kogen/","2026-07-13 | 2026-08-24","verified_operating","https://hiraniwa.com/resort/ski/","2026-08-26","/iwate-regional/mountain/hiraniwa-kogen-ski-area",""
"Iwate","Iwate Kogen Snow Park","iwatekogen","published_directly","japan-ski-resorts-558 | skiresort-japan-directory | wikipedia-japan-specific | wikipedia-worldwide-japan","Iwate Kogen | Iwate Kogen | Iwate Kōgen Snowpark | Iwate Kōgen Snowpark","attached_assets/Japan_Ski_Resorts_558_1783900482697.xlsx | https://www.skiresort.com/en/ski-resort/iwate-kogen/ | https://en.wikipedia.org/wiki/List_of_ski_areas_and_resorts_in_Japan | https://en.wikipedia.org/wiki/List_of_ski_areas_and_resorts_in_Japan","2026-07-13 | 2026-08-24 | 2026-08-26 | 2026-08-26","verified_operating","https://iwatekogen.jp/","2026-08-26","/appi-shizukuishi/mountain/iwate-kogen-snow-park",""
"Iwate","Iwayama Park","iwayamapark","unresolved","japan-ski-resorts-558","Iwayama Park","attached_assets/Japan_Ski_Resorts_558_1783900482697.xlsx","2026-07-13","unclear","","2026-08-26","",""
"Iwate","Iwayama Park Land Ski Area","iwayamaparklandskiarea","unresolved","wikipedia-japan-specific | wikipedia-worldwide-japan","Iwayama Park Land Ski Area | Iwayama Park Land Ski Area","https://en.wikipedia.org/wiki/List_of_ski_areas_and_resorts_in_Japan | https://en.wikipedia.org/wiki/List_of_ski_areas_and_resorts_in_Japan","2026-08-26 | 2026-08-26","unresolved","","","",""
"Iwate","Kunimidaira Ski Resort","kunimidaira","unresolved","japan-ski-resorts-558 | skiresort-japan-directory | wikipedia-japan-specific | wikipedia-worldwide-japan","Kunimidaira | Kunimidaira | Kunimidaira Ski Area | Kunimidaira Ski Area","attached_assets/Japan_Ski_Resorts_558_1783900482697.xlsx | https://www.skiresort.com/en/ski-resort/kunimidaira/ | https://en.wikipedia.org/wiki/List_of_ski_areas_and_resorts_in_Japan | https://en.wikipedia.org/wiki/List_of_ski_areas_and_resorts_in_Japan","2026-07-13 | 2026-08-24 | 2026-08-26 | 2026-08-26","verified_operating","https://www.city.oshu.iwate.jp/kanko/osusume/1/2/707.html","2026-08-26","",""
"Iwate","Matsurube Snow Park","matsurubesnowpark","unresolved","wikipedia-japan-specific | wikipedia-worldwide-japan","Matsurube Snow Park | Matsurube Snow Park","https://en.wikipedia.org/wiki/List_of_ski_areas_and_resorts_in_Japan | https://en.wikipedia.org/wiki/List_of_ski_areas_and_resorts_in_Japan","2026-08-26 | 2026-08-26","unresolved","","","",""
"Iwate","Morioka Highland","moriokahighland","unresolved","japan-ski-resorts-558 | skiresort-japan-directory | wikipedia-japan-specific | wikipedia-worldwide-japan","Morioka Highland | Morioka Highland | Morioka Highland Ski Area | Morioka Highland Ski Area","attached_assets/Japan_Ski_Resorts_558_1783900482697.xlsx | https://www.skiresort.com/en/ski-resort/morioka-highland/ | https://en.wikipedia.org/wiki/List_of_ski_areas_and_resorts_in_Japan | https://en.wikipedia.org/wiki/List_of_ski_areas_and_resorts_in_Japan","2026-07-13 | 2026-08-24 | 2026-08-26 | 2026-08-26","unclear","","2026-08-26","",""
"Iwate","Namari Onsen Ski Area","namarionsen","published_directly","japan-ski-resorts-558 | skiresort-japan-directory","Namari Onsen | Namari Onsen","attached_assets/Japan_Ski_Resorts_558_1783900482697.xlsx | https://www.skiresort.com/en/ski-resort/namari-onsen/","2026-07-13 | 2026-08-24","verified_operating","https://www.city.hanamaki.iwate.jp/ski/index.html","2026-08-26","/iwate-regional/mountain/namari-onsen-ski-area",""
"Iwate","Nishiwaga Town Yuda Ski Area","nishiwagatownyudaskiarea","unresolved","wikipedia-japan-specific | wikipedia-worldwide-japan","Nishiwaga Town Yuda Ski Area | Nishiwaga Town Yuda Ski Area","https://en.wikipedia.org/wiki/List_of_ski_areas_and_resorts_in_Japan | https://en.wikipedia.org/wiki/List_of_ski_areas_and_resorts_in_Japan","2026-08-26 | 2026-08-26","unresolved","","","",""
"Iwate","Okunakayama Kogen Ski Area","okunakayamakogen","published_directly","japan-ski-resorts-558 | skiresort-japan-directory | wikipedia-japan-specific | wikipedia-worldwide-japan","Okunakayamakogen | Okunakayamakogen | Okunakayama Kōgen Ski Area | Okunakayama Kōgen Ski Area","attached_assets/Japan_Ski_Resorts_558_1783900482697.xlsx | https://www.skiresort.com/en/ski-resort/okunakayamakogen/ | https://en.wikipedia.org/wiki/List_of_ski_areas_and_resorts_in_Japan | https://en.wikipedia.org/wiki/List_of_ski_areas_and_resorts_in_Japan","2026-07-13 | 2026-08-24 | 2026-08-26 | 2026-08-26","verified_operating","https://www.okunakayamakogen.jp/winter-season/lift-status/","2026-08-26","/iwate-regional/mountain/okunakayama-kogen-ski-area",""
"Iwate","Ōshū City Koeji Ski Area","oshucitykoejiskiarea","unresolved","wikipedia-japan-specific | wikipedia-worldwide-japan","Ōshū City Koeji Ski Area | Ōshū City Koeji Ski Area","https://en.wikipedia.org/wiki/List_of_ski_areas_and_resorts_in_Japan | https://en.wikipedia.org/wiki/List_of_ski_areas_and_resorts_in_Japan","2026-08-26 | 2026-08-26","unresolved","","","",""
"Iwate","Shigarai Ski Area","nishinechoeishigarai","published_directly","japan-ski-resorts-558 | skiresort-japan-directory","Nishine Choeishigarai | Nishine Choeishigarai","attached_assets/Japan_Ski_Resorts_558_1783900482697.xlsx | https://www.skiresort.com/en/ski-resort/nishine-choeishigarai/","2026-07-13 | 2026-08-24","verified_operating","https://www.town.nishiwaga.lg.jp/kanko_bunka_sports/sports/1571.html","2026-08-26","/hachimantai/mountain/shigarai-ski-area",""
"Iwate","Shizukuishi Ski Resort","shizukuishi","published_directly","japan-ski-resorts-558 | skiresort-japan-directory | wikipedia-japan-specific | wikipedia-worldwide-japan","Shizukuishi | Shizukuishi | Shizukuishi Ski Area | Shizukuishi Ski Area","attached_assets/Japan_Ski_Resorts_558_1783900482697.xlsx | https://www.skiresort.com/en/ski-resort/shizukuishi/ | https://en.wikipedia.org/wiki/List_of_ski_areas_and_resorts_in_Japan | https://en.wikipedia.org/wiki/List_of_ski_areas_and_resorts_in_Japan","2026-07-13 | 2026-08-24 | 2026-08-26 | 2026-08-26","verified_operating","https://www.princehotels.co.jp/ski/shizukuishi/winter/","2026-08-26","/appi-shizukuishi/mountain/shizukuishi-resort",""
"Iwate","Sonei Kunohe","soneikunohe","closed","japan-ski-resorts-558 | skiresort-japan-directory","Sonei Kunohe | Sonei Kunohe","attached_assets/Japan_Ski_Resorts_558_1783900482697.xlsx | https://www.skiresort.com/en/ski-resort/sonei-kunohe/","2026-07-13 | 2026-08-24","temporarily_closed","https://www.iwate-ski.gr.jp/07_kunohe/index.html","2026-08-26","",""
"Iwate","Tayama","tayama","unresolved","japan-ski-resorts-558 | skiresort-japan-directory","Tayama | Tayama","attached_assets/Japan_Ski_Resorts_558_1783900482697.xlsx | https://www.skiresort.com/en/ski-resort/tayama/","2026-07-13 | 2026-08-24","unclear","","2026-08-26","",""
"Iwate","Tōno City Akahane Ski Area","tonocityakahaneskiarea","unresolved","wikipedia-japan-specific | wikipedia-worldwide-japan","Tōno City Akahane Ski Area | Tōno City Akahane Ski Area","https://en.wikipedia.org/wiki/List_of_ski_areas_and_resorts_in_Japan | https://en.wikipedia.org/wiki/List_of_ski_areas_and_resorts_in_Japan","2026-08-26 | 2026-08-26","unresolved","","","",""
"Iwate","Yuda Ski Area","choeiyuda","published_directly","japan-ski-resorts-558 | skiresort-japan-directory","Choei Yuda | Choei Yuda","attached_assets/Japan_Ski_Resorts_558_1783900482697.xlsx | https://www.skiresort.com/en/ski-resort/choei-yuda/","2026-07-13 | 2026-08-24","verified_operating","https://www.town.nishiwaga.lg.jp/kanko_bunka_sports/sports/1571.html","2026-08-26","/iwate-regional/mountain/yuda-ski-area",""
"Kagawa","Snow Park Unpenji","snowparkunpenji","unresolved","wikipedia-japan-specific | wikipedia-worldwide-japan","Snow Park Unpenji | Snow Park Unpenji","https://en.wikipedia.org/wiki/List_of_ski_areas_and_resorts_in_Japan | https://en.wikipedia.org/wiki/List_of_ski_areas_and_resorts_in_Japan","2026-08-26 | 2026-08-26","unresolved","","","",""
"Kanagawa","Snova Mizonokuchi (Indoor)","snovamizonokuchi","unresolved","wikipedia-japan-specific | wikipedia-worldwide-japan","Snova Mizonokuchi (Indoor) | Snova Mizonokuchi (Indoor)","https://en.wikipedia.org/wiki/List_of_ski_areas_and_resorts_in_Japan | https://en.wikipedia.org/wiki/List_of_ski_areas_and_resorts_in_Japan","2026-08-26 | 2026-08-26","unresolved","","","",""
"Kanagawa","Snova Shin-Yokohama","snovashinyokohama","out_of_scope","japan-ski-resorts-558 | wikipedia-japan-specific | wikipedia-worldwide-japan","Snova Shin-Yokohama | Snova Shinyokohama (Indoor) | Snova Shinyokohama (Indoor)","attached_assets/Japan_Ski_Resorts_558_1783900482697.xlsx | https://en.wikipedia.org/wiki/List_of_ski_areas_and_resorts_in_Japan | https://en.wikipedia.org/wiki/List_of_ski_areas_and_resorts_in_Japan","2026-07-13 | 2026-08-26 | 2026-08-26","unresolved","","","",""
"Kochi","Tengu Kogen","tengukogen","unresolved","japan-ski-resorts-558 | skiresort-japan-directory | wikipedia-japan-specific | wikipedia-worldwide-japan","Tengu Kogen | Tengu Kogen | Tengu Kōgen Ski Area | Tengu Kōgen Ski Area","attached_assets/Japan_Ski_Resorts_558_1783900482697.xlsx | https://www.skiresort.com/en/ski-resort/tengu-kogen/ | https://en.wikipedia.org/wiki/List_of_ski_areas_and_resorts_in_Japan | https://en.wikipedia.org/wiki/List_of_ski_areas_and_resorts_in_Japan","2026-07-13 | 2026-08-24 | 2026-08-26 | 2026-08-26","unclear","","2026-08-26","",""
"Kumamoto","Asosan","asosan","unresolved","japan-ski-resorts-558","Asosan","attached_assets/Japan_Ski_Resorts_558_1783900482697.xlsx","2026-07-13","unclear","","2026-08-26","",""
"Kyoto","Hirogawara","hirogawara","unresolved","japan-ski-resorts-558 | skiresort-japan-directory","Hirogawara | Hirogawara (temporarily closed)","attached_assets/Japan_Ski_Resorts_558_1783900482697.xlsx | https://www.skiresort.com/en/ski-resort/hirogawara/","2026-07-13 | 2026-08-24","unresolved","","","",""
"Kyoto","Kyōto Hirogawara Ski Area","kyotohirogawaraskiarea","unresolved","wikipedia-japan-specific | wikipedia-worldwide-japan","Kyōto Hirogawara Ski Area | Kyōto Hirogawara Ski Area","https://en.wikipedia.org/wiki/List_of_ski_areas_and_resorts_in_Japan | https://en.wikipedia.org/wiki/List_of_ski_areas_and_resorts_in_Japan","2026-08-26 | 2026-08-26","unresolved","","","",""
"Kyoto","Ōeyama Ski Area","oeyamaskiarea","unresolved","wikipedia-japan-specific | wikipedia-worldwide-japan","Ōeyama Ski Area | Ōeyama Ski Area","https://en.wikipedia.org/wiki/List_of_ski_areas_and_resorts_in_Japan | https://en.wikipedia.org/wiki/List_of_ski_areas_and_resorts_in_Japan","2026-08-26 | 2026-08-26","unresolved","","","",""
"Kyoto","Oheyama","oheyama","closed","japan-ski-resorts-558 | skiresort-japan-directory","Oheyama | Oheyama","attached_assets/Japan_Ski_Resorts_558_1783900482697.xlsx | https://www.skiresort.com/en/ski-resort/oheyama/","2026-07-13 | 2026-08-24","closed","https://www.city.miyazu.kyoto.jp/soshiki/9/11972.html","2026-08-26","",""
"Kyoto","Yasakacho Swiss Mura","yasakachoswissmura","unresolved","japan-ski-resorts-558 | skiresort-japan-directory","Yasakacho Swiss Mura | Yasakacho Swiss Mura (temporarily closed)","attached_assets/Japan_Ski_Resorts_558_1783900482697.xlsx | https://www.skiresort.com/en/ski-resort/yasakacho-swiss-mura/","2026-07-13 | 2026-08-24","unresolved","","","",""
"Kyoto","Yasakae Town Swiss Village Ski Area","yasakaetownswissvillageskiarea","unresolved","wikipedia-japan-specific | wikipedia-worldwide-japan","Yasakae Town Swiss Village Ski Area | Yasakae Town Swiss Village Ski Area","https://en.wikipedia.org/wiki/List_of_ski_areas_and_resorts_in_Japan | https://en.wikipedia.org/wiki/List_of_ski_areas_and_resorts_in_Japan","2026-08-26 | 2026-08-26","unresolved","","","",""
"Mie","Gozaisho Ski Area","gozaishoskiarea","unresolved","wikipedia-japan-specific | wikipedia-worldwide-japan","Gozaisho Ski Area | Gozaisho Ski Area","https://en.wikipedia.org/wiki/List_of_ski_areas_and_resorts_in_Japan | https://en.wikipedia.org/wiki/List_of_ski_areas_and_resorts_in_Japan","2026-08-26 | 2026-08-26","unresolved","","","",""
"Miyagi","Izumigatake Ski Resort","izumigadake","published_directly","japan-ski-resorts-558 | skiresort-japan-directory | wikipedia-japan-specific | wikipedia-worldwide-japan","Izumigadake | Izumigadake | Izumigatake Ski Area | Izumigatake Ski Area","attached_assets/Japan_Ski_Resorts_558_1783900482697.xlsx | https://www.skiresort.com/en/ski-resort/izumigadake/ | https://en.wikipedia.org/wiki/List_of_ski_areas_and_resorts_in_Japan | https://en.wikipedia.org/wiki/List_of_ski_areas_and_resorts_in_Japan","2026-07-13 | 2026-08-24 | 2026-08-26 | 2026-08-26","verified_operating","https://www.izumigatake.net/","2026-08-26","/miyagi-regional/mountain/izumigatake-ski-resort",""
"Miyagi","Miyagi Zao Eboshi Resort","zaoeboshi","published_directly","japan-ski-resorts-558 | skiresort-japan-directory | wikipedia-japan-specific | wikipedia-worldwide-japan","Zao Eboshi | Zao Eboshi | Miyagi Zaō Eboshi Ski Area | Miyagi Zaō Eboshi Ski Area","attached_assets/Japan_Ski_Resorts_558_1783900482697.xlsx | https://www.skiresort.com/en/ski-resort/zao-eboshi/ | https://en.wikipedia.org/wiki/Mount_Zaō | https://en.wikipedia.org/wiki/Mount_Zaō","2026-07-13 | 2026-08-24 | 2026-08-26 | 2026-08-26","verified_operating","https://eboshi.co.jp/winter/","2026-08-26","/miyagi-regional/mountain/miyagi-zao-eboshi-resort",""
"Miyagi","Miyagi Zao Shichikashuku Ski Resort","zaoshichigasyuku","published_directly","japan-ski-resorts-558 | skiresort-japan-directory | wikipedia-japan-specific | wikipedia-worldwide-japan","Zao Shichigasyuku | Zao Shichigasyuku | Miyagi Zaō Shichikashuku Ski Area | Miyagi Zaō Shichikashuku Ski Area","attached_assets/Japan_Ski_Resorts_558_1783900482697.xlsx | https://www.skiresort.com/en/ski-resort/zao-shichigasyuku/ | https://en.wikipedia.org/wiki/List_of_ski_areas_and_resorts_in_Japan | https://en.wikipedia.org/wiki/List_of_ski_areas_and_resorts_in_Japan","2026-07-13 | 2026-08-24 | 2026-08-26 | 2026-08-26","verified_operating","https://www.shichikashuku-ski.com/","2026-08-26","/miyagi-regional/mountain/miyagi-zao-shichikashuku-ski-resort",""
"Miyagi","Miyagi Zaō Shiraishi Ski Area","miyagizaoshiraishiskiarea","unresolved","wikipedia-japan-specific | wikipedia-worldwide-japan","Miyagi Zaō Shiraishi Ski Area | Miyagi Zaō Shiraishi Ski Area","https://en.wikipedia.org/wiki/List_of_ski_areas_and_resorts_in_Japan | https://en.wikipedia.org/wiki/List_of_ski_areas_and_resorts_in_Japan","2026-08-26 | 2026-08-26","unresolved","","","",""
"Miyagi","Miyagi Zao Shiroishi Ski Resort","zaoshiroishi","published_directly","japan-ski-resorts-558 | skiresort-japan-directory","Zao Shiroishi | Zao Shiroishi","attached_assets/Japan_Ski_Resorts_558_1783900482697.xlsx | https://www.skiresort.com/en/ski-resort/zao-shiroishi/","2026-07-13 | 2026-08-24","verified_operating","https://nposki.com/","2026-08-26","/miyagi-regional/mountain/miyagi-zao-shiroishi-ski-resort",""
"Miyagi","Miyagi Zao Sumikawa Snow Park","zaosumikawa","published_directly","japan-ski-resorts-558 | skiresort-japan-directory | wikipedia-japan-specific | wikipedia-worldwide-japan","Zao Sumikawa | Zao Sumikawa | Miyagi Zaō Sumikawa Snow Park Ski Area | Miyagi Zaō Sumikawa Snow Park Ski Area","attached_assets/Japan_Ski_Resorts_558_1783900482697.xlsx | https://www.skiresort.com/en/ski-resort/zao-sumikawa/ | https://en.wikipedia.org/wiki/List_of_ski_areas_and_resorts_in_Japan | https://en.wikipedia.org/wiki/List_of_ski_areas_and_resorts_in_Japan","2026-07-13 | 2026-08-24 | 2026-08-26 | 2026-08-26","verified_operating","https://www.zao-sumikawa.jp/","2026-08-26","/miyagi-regional/mountain/miyagi-zao-sumikawa-snow-park",""
"Miyagi","Onikoube Ski Resort","onikoube","published_directly","japan-ski-resorts-558 | skiresort-japan-directory","Onikoube | Onikoube","attached_assets/Japan_Ski_Resorts_558_1783900482697.xlsx | https://www.skiresort.com/en/ski-resort/onikoube/","2026-07-13 | 2026-08-24","verified_operating","https://www.onikoube.com/snow/","2026-08-26","/miyagi-regional/mountain/onikoube-ski-resort",""
"Miyagi","Resort Park Onikōbe Ski Area","resortparkonikobeskiarea","unresolved","wikipedia-japan-specific | wikipedia-worldwide-japan","Resort Park Onikōbe Ski Area | Resort Park Onikōbe Ski Area","https://en.wikipedia.org/wiki/List_of_ski_areas_and_resorts_in_Japan | https://en.wikipedia.org/wiki/List_of_ski_areas_and_resorts_in_Japan","2026-08-26 | 2026-08-26","unresolved","","","",""
"Miyagi","Spring Valley Izumi Kōgen Ski Area","springvalleyizumikogenskiarea","unresolved","wikipedia-japan-specific | wikipedia-worldwide-japan","Spring Valley Izumi Kōgen Ski Area | Spring Valley Izumi Kōgen Ski Area","https://en.wikipedia.org/wiki/List_of_ski_areas_and_resorts_in_Japan | https://en.wikipedia.org/wiki/List_of_ski_areas_and_resorts_in_Japan","2026-08-26 | 2026-08-26","unresolved","","","",""
"Miyagi","Spring Valley Sendai Izumi Ski Resort","springvalleysendaiizumi","published_directly","japan-ski-resorts-558 | skiresort-japan-directory","Spring Valley Sendai Izumi | Spring Valley Sendai Izumi","attached_assets/Japan_Ski_Resorts_558_1783900482697.xlsx | https://www.skiresort.com/en/ski-resort/spring-valley-sendai-izumi/","2026-07-13 | 2026-08-24","verified_operating","https://www.springvalley.co.jp/winter","2026-08-26","/miyagi-regional/mountain/spring-valley-sendai-izumi-ski-resort",""
"Miyagi","St. Mary","stmary","closed","japan-ski-resorts-558 | skiresort-japan-directory","St. Mary | St. Mary","attached_assets/Japan_Ski_Resorts_558_1783900482697.xlsx | https://www.skiresort.com/en/ski-resort/st-mary/","2026-07-13 | 2026-08-24","temporarily_closed","https://stmary-338.com/","2026-08-26","",""
"Miyagi","St. Mary Ski Resorts","stmaryskiresorts","unresolved","wikipedia-japan-specific | wikipedia-worldwide-japan","St. Mary Ski Resorts | St. Mary Ski Resorts","https://en.wikipedia.org/wiki/List_of_ski_areas_and_resorts_in_Japan | https://en.wikipedia.org/wiki/List_of_ski_areas_and_resorts_in_Japan","2026-08-26 | 2026-08-26","unresolved","","","",""
"Miyagi","Uenono Ski Resort","uenono","published_directly","japan-ski-resorts-558 | skiresort-japan-directory","Uenono | Uenono","attached_assets/Japan_Ski_Resorts_558_1783900482697.xlsx | https://www.skiresort.com/en/ski-resort/uenono/","2026-07-13 | 2026-08-24","verified_operating","https://uenono.com/","2026-08-26","/miyagi-regional/mountain/uenono-ski-resort",""
"Miyagi","Yakurai Family Ski Resort","yakurai","published_directly","japan-ski-resorts-558 | skiresort-japan-directory | wikipedia-japan-specific | wikipedia-worldwide-japan","Yakurai | Yakurai | Yakurai Family Ski Area | Yakurai Family Ski Area","attached_assets/Japan_Ski_Resorts_558_1783900482697.xlsx | https://www.skiresort.com/en/ski-resort/yakurai/ | https://en.wikipedia.org/wiki/List_of_ski_areas_and_resorts_in_Japan | https://en.wikipedia.org/wiki/List_of_ski_areas_and_resorts_in_Japan","2026-07-13 | 2026-08-24 | 2026-08-26 | 2026-08-26","verified_operating","https://yakurai-garden.com/ski/","2026-08-26","/miyagi-regional/mountain/yakurai-family-ski-resort",""
"Miyazaki","Gokase Highland Ski Area","gokasehighlandskiarea","unresolved","wikipedia-japan-specific | wikipedia-worldwide-japan","Gokase Highland Ski Area | Gokase Highland Ski Area","https://en.wikipedia.org/wiki/List_of_ski_areas_and_resorts_in_Japan | https://en.wikipedia.org/wiki/List_of_ski_areas_and_resorts_in_Japan","2026-08-26 | 2026-08-26","unresolved","","","",""
"Miyazaki","Gokase Highlands","gokasehighlands","closed","japan-ski-resorts-558 | skiresort-japan-directory","Gokase Highlands | Gokase Highlands","attached_assets/Japan_Ski_Resorts_558_1783900482697.xlsx | https://www.skiresort.com/en/ski-resort/gokase-highlands/","2026-07-13 | 2026-08-24","closed","https://www.town.gokase.miyazaki.jp/kakuka/kikaku/2274.html","2026-08-26","",""
"Miyazaki","Kujyu Shinrin Koen","kujyushinrinkoen","unresolved","skiresort-japan-directory","Kujyu Shinrin Koen","https://www.skiresort.com/en/ski-resort/kujyu-shinrin-koen/","2026-08-24","unresolved","","","",""
"Nagano","Araragi Kogen Ski Resort","araragikogen","closed","japan-ski-resorts-558 | skiresort-japan-directory | wikipedia-japan-specific | wikipedia-worldwide-japan","Araragi Kogen | Araragi Kogen | Araragi Kōgen Ski Area | Araragi Kōgen Ski Area","attached_assets/Japan_Ski_Resorts_558_1783900482697.xlsx | https://www.skiresort.com/en/ski-resort/araragi-kogen/ | https://en.wikipedia.org/wiki/List_of_ski_areas_and_resorts_in_Japan | https://en.wikipedia.org/wiki/List_of_ski_areas_and_resorts_in_Japan","2026-07-13 | 2026-08-24 | 2026-08-26 | 2026-08-26","temporarily_closed","http://www.araragi.co.jp/ski/index.html","2026-08-26","",""
"Nagano","Asahi Prime Ski Resort","asahiprime","published_directly","japan-ski-resorts-558 | skiresort-japan-directory | wikipedia-japan-specific | wikipedia-worldwide-japan","Asahi Prime | Asahi Prime | Asahi Prime Ski Area | Asahi Prime Ski Area","attached_assets/Japan_Ski_Resorts_558_1783900482697.xlsx | https://www.skiresort.com/en/ski-resort/asahi-prime/ | https://en.wikipedia.org/wiki/List_of_ski_areas_and_resorts_in_Japan | https://en.wikipedia.org/wiki/List_of_ski_areas_and_resorts_in_Japan","2026-07-13 | 2026-08-24 | 2026-08-26 | 2026-08-26","verified_operating","https://www.vill.asahi.nagano.jp/special/asahikankoNavi/kankoshisetsushokai/kankoshisetsu/690.html","2026-08-26","/nagano-regional/mountain/asahi-prime-ski-resort",""
"Nagano","Asama 2000 Park","asama2000park","unresolved","wikipedia-japan-specific | wikipedia-worldwide-japan","Asama 2000 Park | Asama 2000 Park","https://en.wikipedia.org/wiki/List_of_ski_areas_and_resorts_in_Japan | https://en.wikipedia.org/wiki/List_of_ski_areas_and_resorts_in_Japan","2026-08-26 | 2026-08-26","unresolved","","","",""
"Nagano","Banshogahara","banshogahara","unresolved","japan-ski-resorts-558 | skiresort-japan-directory | wikipedia-japan-specific | wikipedia-worldwide-japan","Banshogahara | Banshogahara | Banshogahara Ski Area | Banshogahara Ski Area","attached_assets/Japan_Ski_Resorts_558_1783900482697.xlsx | https://www.skiresort.com/en/ski-resort/banshogahara/ | https://en.wikipedia.org/wiki/List_of_ski_areas_and_resorts_in_Japan | https://en.wikipedia.org/wiki/List_of_ski_areas_and_resorts_in_Japan","2026-07-13 | 2026-08-24 | 2026-08-26 | 2026-08-26","unclear","","2026-08-26","",""
"Nagano","Blanche Takayama","blanchetakayama","unresolved","japan-ski-resorts-558 | skiresort-japan-directory | wikipedia-japan-specific | wikipedia-worldwide-japan","Blanche Takayama | Blanche Takayama | Blanche Takayama Ski Resort | Blanche Takayama Ski Resort","attached_assets/Japan_Ski_Resorts_558_1783900482697.xlsx | https://www.skiresort.com/en/ski-resort/blanche-takayama/ | https://en.wikipedia.org/wiki/List_of_ski_areas_and_resorts_in_Japan | https://en.wikipedia.org/wiki/List_of_ski_areas_and_resorts_in_Japan","2026-07-13 | 2026-08-24 | 2026-08-26 | 2026-08-26","unclear","","2026-08-26","",""
"Nagano","Chateraise Ski Resort Yatsugadake","chateraiseskiresortyatsugadake","unresolved","wikipedia-japan-specific | wikipedia-worldwide-japan","Chateraise Ski Resort Yatsugadake | Chateraise Ski Resort Yatsugadake","https://en.wikipedia.org/wiki/Chateraise | https://en.wikipedia.org/wiki/Chateraise","2026-08-26 | 2026-08-26","unresolved","","","",""
"Nagano","Chateraise Ski Valley Nobeyama","chateraiseresortyatsugatake","published_directly","japan-ski-resorts-558 | skiresort-japan-directory","Chateraise Resort – Yatsugatake | Chateraise Resort – Yatsugatake","attached_assets/Japan_Ski_Resorts_558_1783900482697.xlsx | https://www.skiresort.com/en/ski-resort/chateraise-resort-yatsugatake/","2026-07-13 | 2026-08-24","verified_operating","https://nobeyama.chateraiseski.jp/news/information/3814.html","2026-03-02","/nagano-regional/mountain/chateraise-ski-valley-nobeyama",""
"Nagano","Chūō-dō Ina Ski Resort","chuodoinaskiresort","unresolved","wikipedia-japan-specific | wikipedia-worldwide-japan","Chūō-dō Ina Ski Resort | Chūō-dō Ina Ski Resort","https://en.wikipedia.org/wiki/Chūō_Expressway | https://en.wikipedia.org/wiki/Chūō_Expressway","2026-08-26 | 2026-08-26","unresolved","","","",""
"Nagano","Davos Area","davosarea","unresolved","wikipedia-japan-specific | wikipedia-worldwide-japan","Davos Area | Davos Area","https://en.wikipedia.org/wiki/List_of_ski_areas_and_resorts_in_Japan | https://en.wikipedia.org/wiki/List_of_ski_areas_and_resorts_in_Japan","2026-08-26 | 2026-08-26","unresolved","","","",""
"Nagano","Davos/​Taro (Sugadaira Kogen)","davostarosugadairakogen","published_directly","japan-ski-resorts-558 | skiresort-japan-directory","Davos/Taro (Sugadaira Kogen) | Davos/​Taro (Sugadaira Kogen)","attached_assets/Japan_Ski_Resorts_558_1783900482697.xlsx | https://www.skiresort.com/en/ski-resort/davos-taro-sugadaira-kogen/","2026-07-13 | 2026-08-24","verified_operating","https://sugadaira-snowresort.com/wp2/wp-content/uploads/2025/09/hayawari0901.pdf","2026-08-26","/nagano-regional/mountain/davos-taro-sugadaira-kogen",""
"Nagano","Echo Valley","echovalley","unresolved","japan-ski-resorts-558 | skiresort-japan-directory | wikipedia-japan-specific | wikipedia-worldwide-japan","Echo Valley | Echo Valley (temporarily closed) | Echo Valley Ski Area | Echo Valley Ski Area","attached_assets/Japan_Ski_Resorts_558_1783900482697.xlsx | https://www.skiresort.com/en/ski-resort/echo-valley/ | https://en.wikipedia.org/wiki/List_of_ski_areas_and_resorts_in_Japan | https://en.wikipedia.org/wiki/List_of_ski_areas_and_resorts_in_Japan","2026-07-13 | 2026-08-24 | 2026-08-26 | 2026-08-26","unresolved","","","",""
"Nagano","Fujimi Kogen Ski Resort","fujimikogen","published_directly","japan-ski-resorts-558 | skiresort-japan-directory | wikipedia-japan-specific | wikipedia-worldwide-japan","Fujimi Kogen | Fujimi Kogen | Fujimi Kōgen Ski Area | Fujimi Kōgen Ski Area","attached_assets/Japan_Ski_Resorts_558_1783900482697.xlsx | https://www.skiresort.com/en/ski-resort/fujimi-kogen/ | https://en.wikipedia.org/wiki/List_of_ski_areas_and_resorts_in_Japan | https://en.wikipedia.org/wiki/List_of_ski_areas_and_resorts_in_Japan","2026-07-13 | 2026-08-24 | 2026-08-26 | 2026-08-26","verified_operating","https://fujimikogen-ski.jp/","2026-08-26","/nagano-regional/mountain/fujimi-kogen-ski-resort",""
"Nagano","Fujimi Panorama","fujimipanorama","unresolved","japan-ski-resorts-558 | skiresort-japan-directory | wikipedia-japan-specific | wikipedia-worldwide-japan","Fujimi Panorama | Fujimi Panorama | Fujimi Panorama Resort | Fujimi Panorama Resort","attached_assets/Japan_Ski_Resorts_558_1783900482697.xlsx | https://www.skiresort.com/en/ski-resort/fujimi-panorama/ | https://en.wikipedia.org/wiki/List_of_ski_areas_and_resorts_in_Japan | https://en.wikipedia.org/wiki/List_of_ski_areas_and_resorts_in_Japan","2026-07-13 | 2026-08-24 | 2026-08-26 | 2026-08-26","unclear","","2026-08-26","",""
"Nagano","Giant Resort","giantresort","published_directly","japan-ski-resorts-558 | skiresort-japan-directory | wikipedia-japan-specific | wikipedia-worldwide-japan","Giant Resort | Giant Resort | Giant Ski Area | Giant Ski Area","attached_assets/Japan_Ski_Resorts_558_1783900482697.xlsx | https://www.skiresort.com/en/ski-resort/giant-resort/ | https://en.wikipedia.org/wiki/List_of_ski_areas_and_resorts_in_Japan | https://en.wikipedia.org/wiki/List_of_ski_areas_and_resorts_in_Japan","2026-07-13 | 2026-08-24 | 2026-08-26 | 2026-08-26","verified_operating","https://shigakogen-ski.or.jp/winter/","2026-08-26","/yamanouchi/mountain/shiga-giant",""
"Nagano","Green Club","greenclub","unresolved","japan-ski-resorts-558","Green Club","attached_assets/Japan_Ski_Resorts_558_1783900482697.xlsx","2026-07-13","unclear","","2026-08-26","",""
"Nagano","Hakuba 47 Winter Sports Park","hakuba47wintersportspark","covered_by_alias","wikipedia-japan-specific | wikipedia-worldwide-japan","Hakuba 47 Winter Sports Park | Hakuba 47 Winter Sports Park","https://en.wikipedia.org/wiki/List_of_ski_areas_and_resorts_in_Japan | https://en.wikipedia.org/wiki/List_of_ski_areas_and_resorts_in_Japan","2026-08-26 | 2026-08-26","unresolved","","","/hakuba-valley/mountain/hakuba-47",""
"Nagano","Hakuba 47/​Goryu","hakuba47goryu","published_directly","japan-ski-resorts-558 | skiresort-japan-directory","Hakuba 47 – Goryu | Hakuba 47/​Goryu","attached_assets/Japan_Ski_Resorts_558_1783900482697.xlsx | https://www.skiresort.com/en/ski-resort/hakuba-47-goryu/","2026-07-13 | 2026-08-24","verified_operating","https://www.hakubaescal.com/winter-en/information/2025/12/16/slope-information-toomi-slope-and-alps-daira-slope-open-updated-december-16/","2026-08-26","/hakuba-valley/mountain/hakuba-47-goryu",""
"Nagano","Hakuba Cortina Kokusai Ski Area","hakubacortinakokusaiskiarea","unresolved","wikipedia-japan-specific | wikipedia-worldwide-japan","Hakuba Cortina Kokusai Ski Area | Hakuba Cortina Kokusai Ski Area","https://en.wikipedia.org/wiki/List_of_ski_areas_and_resorts_in_Japan | https://en.wikipedia.org/wiki/List_of_ski_areas_and_resorts_in_Japan","2026-08-26 | 2026-08-26","unresolved","","","",""
"Nagano","Hakuba Cortina Ski Resort","hakubacortina","published_directly","japan-ski-resorts-558 | skiresort-japan-directory","Hakuba Cortina | Hakuba Cortina","attached_assets/Japan_Ski_Resorts_558_1783900482697.xlsx | https://www.skiresort.com/en/ski-resort/hakuba-cortina/","2026-07-13 | 2026-08-24","verified_operating","https://www.hgp.co.jp/cortina/ski/event/event-605/","2026-07-01","/hakuba-valley/mountain/hakuba-cortina",""
"Nagano","Hakuba Goryu (Escal Plaza)","hakubagoryuskiresort","covered_by_alias","wikipedia-japan-specific | wikipedia-worldwide-japan","Hakuba Goryū Ski Resort | Hakuba Goryū Ski Resort","https://en.wikipedia.org/wiki/List_of_ski_areas_and_resorts_in_Japan | https://en.wikipedia.org/wiki/List_of_ski_areas_and_resorts_in_Japan","2026-08-26 | 2026-08-26","unresolved","","","/hakuba-valley/mountain/hakuba-goryu",""
"Nagano","Hakuba Happo-one Ski Resort","happoone","published_directly","japan-ski-resorts-558","Happo-One","attached_assets/Japan_Ski_Resorts_558_1783900482697.xlsx","2026-07-13","verified_operating","https://www.happo-one.jp/en/news/38187/","2026-04-17","/hakuba-valley/mountain/happo-one",""
"Nagano","Hakuba Happoone Winter Resort","hakubahappoonewinterresort","unresolved","wikipedia-japan-specific | wikipedia-worldwide-japan","Hakuba Happoone Winter Resort | Hakuba Happoone Winter Resort","https://en.wikipedia.org/wiki/Hakuba_Happoone_Winter_Resort | https://en.wikipedia.org/wiki/Hakuba_Happoone_Winter_Resort","2026-08-26 | 2026-08-26","unresolved","","","",""
"Nagano","Hakuba Highland Ski Area","hakubahighlandskiarea","unresolved","wikipedia-japan-specific | wikipedia-worldwide-japan","Hakuba Highland Ski Area | Hakuba Highland Ski Area","https://en.wikipedia.org/wiki/List_of_ski_areas_and_resorts_in_Japan | https://en.wikipedia.org/wiki/List_of_ski_areas_and_resorts_in_Japan","2026-08-26 | 2026-08-26","unresolved","","","",""
"Nagano","Hakuba Iwatake Mountain Resort","hakubaiwatakemountainresort","published_directly","japan-ski-resorts-558 | skiresort-japan-directory | wikipedia-japan-specific | wikipedia-worldwide-japan","Hakuba Iwatake Mountain Resort | Hakuba Iwatake Mountain Resort | Iwatake Ski Area | Iwatake Ski Area","attached_assets/Japan_Ski_Resorts_558_1783900482697.xlsx | https://www.skiresort.com/en/ski-resort/hakuba-iwatake-mountain-resort/ | https://en.wikipedia.org/wiki/List_of_ski_areas_and_resorts_in_Japan | https://en.wikipedia.org/wiki/List_of_ski_areas_and_resorts_in_Japan","2026-07-13 | 2026-08-24 | 2026-08-26 | 2026-08-26","unclear","","2026-08-26","/hakuba-valley/mountain/hakuba-iwatake",""
"Nagano","Hakuba Minekata Ski Area","hakubaminekataskiarea","unresolved","wikipedia-japan-specific | wikipedia-worldwide-japan","Hakuba Minekata Ski Area | Hakuba Minekata Ski Area","https://en.wikipedia.org/wiki/List_of_ski_areas_and_resorts_in_Japan | https://en.wikipedia.org/wiki/List_of_ski_areas_and_resorts_in_Japan","2026-08-26 | 2026-08-26","unresolved","","","",""
"Nagano","Hakuba Norikura","hakubanorikura","published_directly","japan-ski-resorts-558 | skiresort-japan-directory | wikipedia-japan-specific | wikipedia-worldwide-japan","Hakuba Norikura | Hakuba Norikura | Hakuba Norikura Onsen Ski Area | Hakuba Norikura Onsen Ski Area","attached_assets/Japan_Ski_Resorts_558_1783900482697.xlsx | https://www.skiresort.com/en/ski-resort/hakuba-norikura/ | https://en.wikipedia.org/wiki/List_of_ski_areas_and_resorts_in_Japan | https://en.wikipedia.org/wiki/List_of_ski_areas_and_resorts_in_Japan","2026-07-13 | 2026-08-24 | 2026-08-26 | 2026-08-26","verified_operating","https://www.hakunori.com/news_en/2646/","2026-08-26","/hakuba-valley/mountain/hakuba-norikura",""
"Nagano","Happo-One – Hakuba","happoonehakuba","unresolved","skiresort-japan-directory","Happo-One – Hakuba","https://www.skiresort.com/en/ski-resort/happo-one-hakuba/","2026-08-24","unresolved","","","",""
"Nagano","Hasuike / Maruike / Sun Valley area:","hasuikemaruikesunvalleyarea","unresolved","wikipedia-japan-specific | wikipedia-worldwide-japan","Hasuike / Maruike / Sun Valley area: | Hasuike / Maruike / Sun Valley area:","https://en.wikipedia.org/wiki/List_of_ski_areas_and_resorts_in_Japan | https://en.wikipedia.org/wiki/List_of_ski_areas_and_resorts_in_Japan","2026-08-26 | 2026-08-26","unresolved","","","",""
"Nagano","Hasuike Ski Area","hasuike","published_directly","japan-ski-resorts-558 | skiresort-japan-directory | wikipedia-japan-specific | wikipedia-worldwide-japan","Hasuike | Hasuike | Hasuike Ski Area | Hasuike Ski Area","attached_assets/Japan_Ski_Resorts_558_1783900482697.xlsx | https://www.skiresort.com/en/ski-resort/hasuike/ | https://en.wikipedia.org/wiki/List_of_ski_areas_and_resorts_in_Japan | https://en.wikipedia.org/wiki/List_of_ski_areas_and_resorts_in_Japan","2026-07-13 | 2026-08-24 | 2026-08-26 | 2026-08-26","verified_operating","https://shigakogen-ski.or.jp/winter/","2026-07-15","/yamanouchi/mountain/shiga-hasuike",""
"Nagano","Heavens Sonohara Snow World","sonoharaheavenssnowworld","unresolved","japan-ski-resorts-558 | skiresort-japan-directory | wikipedia-japan-specific | wikipedia-worldwide-japan","Sonohara Heavens Snow World | Sonohara Heavens Snow World | Heavens Sonohara Snow World | Heavens Sonohara Snow World","attached_assets/Japan_Ski_Resorts_558_1783900482697.xlsx | https://www.skiresort.com/en/ski-resort/sonohara-heavens-snow-world/ | https://en.wikipedia.org/wiki/List_of_ski_areas_and_resorts_in_Japan | https://en.wikipedia.org/wiki/List_of_ski_areas_and_resorts_in_Japan","2026-07-13 | 2026-08-24 | 2026-08-26 | 2026-08-26","verified_operating","https://heavens.resnow.jp/","2026-08-26","",""
"Nagano","Higashitateyama","higashitateyama","published_directly","japan-ski-resorts-558 | skiresort-japan-directory | wikipedia-japan-specific | wikipedia-worldwide-japan","Higashitateyama | Higashitateyama | Higashitateyama Ski Area | Higashitateyama Ski Area","attached_assets/Japan_Ski_Resorts_558_1783900482697.xlsx | https://www.skiresort.com/en/ski-resort/higashitateyama/ | https://en.wikipedia.org/wiki/List_of_ski_areas_and_resorts_in_Japan | https://en.wikipedia.org/wiki/List_of_ski_areas_and_resorts_in_Japan","2026-07-13 | 2026-08-24 | 2026-08-26 | 2026-08-26","verified_operating","https://shigakogen-ski.or.jp/winter/","2026-08-26","/yamanouchi/mountain/shiga-higashidateyama",""
"Nagano","Hijiri Kogen","hijirikogen","unresolved","japan-ski-resorts-558 | skiresort-japan-directory | wikipedia-japan-specific | wikipedia-worldwide-japan","Hijiri Kogen | Hijiri Kogen | Hijiri Kōgen Ski Area | Hijiri Kōgen Ski Area","attached_assets/Japan_Ski_Resorts_558_1783900482697.xlsx | https://www.skiresort.com/en/ski-resort/hijiri-kogen/ | https://en.wikipedia.org/wiki/List_of_ski_areas_and_resorts_in_Japan | https://en.wikipedia.org/wiki/List_of_ski_areas_and_resorts_in_Japan","2026-07-13 | 2026-08-24 | 2026-08-26 | 2026-08-26","unclear","","2026-08-26","",""
"Nagano","Hijiriyama Panorama","hijiriyamapanorama","unresolved","japan-ski-resorts-558 | skiresort-japan-directory | wikipedia-japan-specific | wikipedia-worldwide-japan","Hijiriyama Panorama | Hijiriyama Panorama | Hijiriyama Panorama Ski Area | Hijiriyama Panorama Ski Area","attached_assets/Japan_Ski_Resorts_558_1783900482697.xlsx | https://www.skiresort.com/en/ski-resort/hijiriyama-panorama/ | https://en.wikipedia.org/wiki/List_of_ski_areas_and_resorts_in_Japan | https://en.wikipedia.org/wiki/List_of_ski_areas_and_resorts_in_Japan","2026-07-13 | 2026-08-24 | 2026-08-26 | 2026-08-26","unclear","","2026-08-26","",""
"Nagano","Himekidaira","himekidaira","unresolved","japan-ski-resorts-558 | skiresort-japan-directory","Himekidaira | Himekidaira","attached_assets/Japan_Ski_Resorts_558_1783900482697.xlsx | https://www.skiresort.com/en/ski-resort/himekidaira/","2026-07-13 | 2026-08-24","unclear","","2026-08-26","",""
"Nagano","Hiraya Kōgen Akasaka Ski Area","hirayakogenakasakaskiarea","unresolved","wikipedia-japan-specific | wikipedia-worldwide-japan","Hiraya Kōgen Akasaka Ski Area | Hiraya Kōgen Akasaka Ski Area","https://en.wikipedia.org/wiki/List_of_ski_areas_and_resorts_in_Japan | https://en.wikipedia.org/wiki/List_of_ski_areas_and_resorts_in_Japan","2026-08-26 | 2026-08-26","unresolved","","","",""
"Nagano","Hiraya Kogen Ski Resort","hirayakogen","published_directly","japan-ski-resorts-558 | skiresort-japan-directory","Hiraya Kogen | Hiraya Kogen","attached_assets/Japan_Ski_Resorts_558_1783900482697.xlsx | https://www.skiresort.com/en/ski-resort/hiraya-kogen/","2026-07-13 | 2026-08-24","verified_operating","https://hiraya-kougen.com/","2026-08-26","/nagano-regional/mountain/hiraya-kogen-ski-resort",""
"Nagano","Hokuryuko","hokuryuko","unresolved","japan-ski-resorts-558 | skiresort-japan-directory","Hokuryuko | Hokuryuko","attached_assets/Japan_Ski_Resorts_558_1783900482697.xlsx | https://www.skiresort.com/en/ski-resort/hokuryuko/","2026-07-13 | 2026-08-24","unclear","","2026-08-26","",""
"Nagano","Hokuryūko Family Ski Area","hokuryukofamilyskiarea","unresolved","wikipedia-japan-specific | wikipedia-worldwide-japan","Hokuryūko Family Ski Area | Hokuryūko Family Ski Area","https://en.wikipedia.org/wiki/List_of_ski_areas_and_resorts_in_Japan | https://en.wikipedia.org/wiki/List_of_ski_areas_and_resorts_in_Japan","2026-08-26 | 2026-08-26","unresolved","","","",""
"Nagano","Hoppo Bunadaira Ski Area","hoppobunadaira","published_directly","japan-ski-resorts-558 | skiresort-japan-directory","Hoppo Bunadaira | Hoppo Bunadaira","attached_assets/Japan_Ski_Resorts_558_1783900482697.xlsx | https://www.skiresort.com/en/ski-resort/hoppo-bunadaira/","2026-07-13 | 2026-08-24","verified_operating","https://shigakogen-ski.or.jp/winter/","2026-07-15","/yamanouchi/mountain/shiga-hoppo-bunadaira",""
"Nagano","Ichinose Diamond","ichinosediamond","published_directly","japan-ski-resorts-558 | skiresort-japan-directory | wikipedia-japan-specific | wikipedia-worldwide-japan","Ichinose Diamond | Ichinose Diamond | Ichinose Diamond Ski Area | Ichinose Diamond Ski Area","attached_assets/Japan_Ski_Resorts_558_1783900482697.xlsx | https://www.skiresort.com/en/ski-resort/ichinose-diamond/ | https://en.wikipedia.org/wiki/List_of_ski_areas_and_resorts_in_Japan | https://en.wikipedia.org/wiki/List_of_ski_areas_and_resorts_in_Japan","2026-07-13 | 2026-08-24 | 2026-08-26 | 2026-08-26","verified_operating","https://shigakogen-ski.or.jp/winter/","2026-08-26","/yamanouchi/mountain/shiga-ichinose-diamond",""
"Nagano","Ichinose Family Resort","ichinosefamilyresort","published_directly","japan-ski-resorts-558 | skiresort-japan-directory | wikipedia-japan-specific | wikipedia-worldwide-japan","Ichinose Family Resort | Ichinose Family Resort | Ichinose Family Ski Area | Ichinose Family Ski Area","attached_assets/Japan_Ski_Resorts_558_1783900482697.xlsx | https://www.skiresort.com/en/ski-resort/ichinose-family-resort/ | https://en.wikipedia.org/wiki/List_of_ski_areas_and_resorts_in_Japan | https://en.wikipedia.org/wiki/List_of_ski_areas_and_resorts_in_Japan","2026-07-13 | 2026-08-24 | 2026-08-26 | 2026-08-26","verified_operating","https://shigakogen-ski.or.jp/winter/","2026-08-26","/yamanouchi/mountain/shiga-ichinose-family",""
"Nagano","Ichinose Yamanokami","ichinoseyamanokami","published_directly","japan-ski-resorts-558 | skiresort-japan-directory | wikipedia-japan-specific | wikipedia-worldwide-japan","Ichinose Yamanokami | Ichinose Yamanokami | Ichinose Yamanokami Ski Area | Ichinose Yamanokami Ski Area","attached_assets/Japan_Ski_Resorts_558_1783900482697.xlsx | https://www.skiresort.com/en/ski-resort/ichinose-yamanokami/ | https://en.wikipedia.org/wiki/List_of_ski_areas_and_resorts_in_Japan | https://en.wikipedia.org/wiki/List_of_ski_areas_and_resorts_in_Japan","2026-07-13 | 2026-08-24 | 2026-08-26 | 2026-08-26","verified_operating","https://shigakogen-ski.or.jp/winter/","2026-08-26","/yamanouchi/mountain/shiga-ichinose-yamanokami",""
"Nagano","Iiyama Kokusai","iiyamakokusai","unresolved","japan-ski-resorts-558","Iiyama Kokusai","attached_assets/Japan_Ski_Resorts_558_1783900482697.xlsx","2026-07-13","unclear","","2026-08-26","",""
"Nagano","Iizuna Resort","iizunaresort","unresolved","japan-ski-resorts-558 | skiresort-japan-directory | wikipedia-japan-specific | wikipedia-worldwide-japan","Iizuna Resort | Iizuna Resort | Iizuna Kogen Ski Area (Closed 2020) | Iizuna Resort Ski Area | Iizuna Kogen Ski Area (Closed 2020) | Iizuna Resort Ski Area","attached_assets/Japan_Ski_Resorts_558_1783900482697.xlsx | https://www.skiresort.com/en/ski-resort/iizuna-resort/ | https://en.wikipedia.org/wiki/Iizuna_Kogen_Ski_Area | https://en.wikipedia.org/wiki/List_of_ski_areas_and_resorts_in_Japan | https://en.wikipedia.org/wiki/Iizuna_Kogen_Ski_Area | https://en.wikipedia.org/wiki/List_of_ski_areas_and_resorts_in_Japan","2026-07-13 | 2026-08-24 | 2026-08-26 | 2026-08-26 | 2026-08-26 | 2026-08-26","unclear","","2026-08-26","",""
"Nagano","Ina Ski Resort","inaskiresort","unresolved","japan-ski-resorts-558 | skiresort-japan-directory","Ina Ski Resort | Ina Ski Resort","attached_assets/Japan_Ski_Resorts_558_1783900482697.xlsx | https://www.skiresort.com/en/ski-resort/ina-ski-resort/","2026-07-13 | 2026-08-24","unclear","","2026-08-26","",""
"Nagano","Jibuzaka Kogen Ski Resort","jibuzakakogen","published_directly","japan-ski-resorts-558 | skiresort-japan-directory | wikipedia-japan-specific | wikipedia-worldwide-japan","Jibuzaka Kogen | Jibuzaka Kogen | Jibuzaka Kōgen Ski Area | Jibuzaka Kōgen Ski Area","attached_assets/Japan_Ski_Resorts_558_1783900482697.xlsx | https://www.skiresort.com/en/ski-resort/jibuzaka-kogen/ | https://en.wikipedia.org/wiki/List_of_ski_areas_and_resorts_in_Japan | https://en.wikipedia.org/wiki/List_of_ski_areas_and_resorts_in_Japan","2026-07-13 | 2026-08-24 | 2026-08-26 | 2026-08-26","verified_operating","https://jibuzaka.co.jp/?p=7582","2026-08-26","/nagano-regional/mountain/jibuzaka-kogen-ski-resort",""
"Nagano","Jigatake Snow Resort","jiigatake","published_directly","japan-ski-resorts-558 | skiresort-japan-directory | wikipedia-japan-specific | wikipedia-worldwide-japan","Jiigatake | Jiigatake | Jiigatake Ski Area | Jiigatake Ski Area","attached_assets/Japan_Ski_Resorts_558_1783900482697.xlsx | https://www.skiresort.com/en/ski-resort/jiigatake/ | https://en.wikipedia.org/wiki/List_of_ski_areas_and_resorts_in_Japan | https://en.wikipedia.org/wiki/List_of_ski_areas_and_resorts_in_Japan","2026-07-13 | 2026-08-24 | 2026-08-26 | 2026-08-26","verified_operating","https://www.hakubavalley.com/info_en/6222/","2026-03-23","/hakuba-valley/mountain/jiigatake",""
"Nagano","Kaida Kogen Mia","kaidakogenmia","unresolved","japan-ski-resorts-558 | skiresort-japan-directory | wikipedia-japan-specific | wikipedia-worldwide-japan","Kaida Kogen Mia | Kaida Kogen Mia | Kaida Kōgen MIA Ski Resort | Kaida Kōgen MIA Ski Resort","attached_assets/Japan_Ski_Resorts_558_1783900482697.xlsx | https://www.skiresort.com/en/ski-resort/kaida-kogen-mia/ | https://en.wikipedia.org/wiki/List_of_ski_areas_and_resorts_in_Japan | https://en.wikipedia.org/wiki/List_of_ski_areas_and_resorts_in_Japan","2026-07-13 | 2026-08-24 | 2026-08-26 | 2026-08-26","unclear","","2026-08-26","",""
"Nagano","Karuizawa","karuizawa","unresolved","japan-ski-resorts-558 | skiresort-japan-directory","Karuizawa | Karuizawa","attached_assets/Japan_Ski_Resorts_558_1783900482697.xlsx | https://www.skiresort.com/en/ski-resort/karuizawa/","2026-07-13 | 2026-08-24","unclear","","2026-08-26","",""
"Nagano","Karuizawa Skate Center Snowboard Park","karuizawaskatecentersnowboardpark","unresolved","wikipedia-japan-specific | wikipedia-worldwide-japan","Karuizawa Skate Center Snowboard Park | Karuizawa Skate Center Snowboard Park","https://en.wikipedia.org/wiki/List_of_ski_areas_and_resorts_in_Japan | https://en.wikipedia.org/wiki/List_of_ski_areas_and_resorts_in_Japan","2026-08-26 | 2026-08-26","unresolved","","","",""
"Nagano","Kasadake Ski Area","kasadakeskiarea","unresolved","wikipedia-japan-specific | wikipedia-worldwide-japan","Kasadake Ski Area | Kasadake Ski Area","https://en.wikipedia.org/wiki/List_of_ski_areas_and_resorts_in_Japan | https://en.wikipedia.org/wiki/List_of_ski_areas_and_resorts_in_Japan","2026-08-26 | 2026-08-26","unresolved","","","",""
"Nagano","Kashimayari Snow Resort Family Park","sunalpinakashimayari","published_directly","japan-ski-resorts-558 | skiresort-japan-directory | wikipedia-japan-specific | wikipedia-worldwide-japan","Sun Alpina Kashimayari | Sun Alpina Kashimayari | Sun Alpina Kashimayari Ski Area | Sun Alpina Kashimayari Ski Area","attached_assets/Japan_Ski_Resorts_558_1783900482697.xlsx | https://www.skiresort.com/en/ski-resort/sun-alpina-kashimayari/ | https://en.wikipedia.org/wiki/List_of_ski_areas_and_resorts_in_Japan | https://en.wikipedia.org/wiki/List_of_ski_areas_and_resorts_in_Japan","2026-07-13 | 2026-08-24 | 2026-08-26 | 2026-08-26","verified_operating","https://www.hakubavalley.com/info_en/6222/","2026-03-23","/hakuba-valley/mountain/kashimayari",""
"Nagano","Kidoike Ski Area","kidoikeskiarea","unresolved","wikipedia-japan-specific | wikipedia-worldwide-japan","Kidoike Ski Area | Kidoike Ski Area","https://en.wikipedia.org/wiki/List_of_ski_areas_and_resorts_in_Japan | https://en.wikipedia.org/wiki/List_of_ski_areas_and_resorts_in_Japan","2026-08-26 | 2026-08-26","unresolved","","","",""
"Nagano","Kijimadaira (Mt. Kosha)","kijimadairamtkosha","published_directly","japan-ski-resorts-558 | skiresort-japan-directory | wikipedia-japan-specific | wikipedia-worldwide-japan","Kijimadaira (Mt. Kosha) | Kijimadaira (Mt. Kosha) | Kita Shinshū Kijimadaira Ski Area | Kita Shinshū Kijimadaira Ski Area","attached_assets/Japan_Ski_Resorts_558_1783900482697.xlsx | https://www.skiresort.com/en/ski-resort/kijimadaira-mt-kosha/ | https://en.wikipedia.org/wiki/List_of_ski_areas_and_resorts_in_Japan | https://en.wikipedia.org/wiki/List_of_ski_areas_and_resorts_in_Japan","2026-07-13 | 2026-08-24 | 2026-08-26 | 2026-08-26","unclear","","2026-08-26","/iiyama/mountain/kijimadaira",""
"Nagano","Kirigamine Ski Resort","kirigamine","published_directly","japan-ski-resorts-558 | skiresort-japan-directory | wikipedia-japan-specific | wikipedia-worldwide-japan","Kirigamine | Kirigamine | Kirigamine Ski Area | Kirigamine Ski Area","attached_assets/Japan_Ski_Resorts_558_1783900482697.xlsx | https://www.skiresort.com/en/ski-resort/kirigamine/ | https://en.wikipedia.org/wiki/List_of_ski_areas_and_resorts_in_Japan | https://en.wikipedia.org/wiki/List_of_ski_areas_and_resorts_in_Japan","2026-07-13 | 2026-08-24 | 2026-08-26 | 2026-08-26","verified_operating","https://www.city.suwa.lg.jp/uploaded/attachment/49186.pdf","2026-08-26","/nagano-regional/mountain/kirigamine-ski-resort",""
"Nagano","Kisofukushima","kisofukushima","published_directly","japan-ski-resorts-558 | skiresort-japan-directory | wikipedia-japan-specific | wikipedia-worldwide-japan","Kisofukushima | Kisofukushima | Kiso Fukushima Ski Area | Kiso Fukushima Ski Area","attached_assets/Japan_Ski_Resorts_558_1783900482697.xlsx | https://www.skiresort.com/en/ski-resort/kisofukushima/ | https://en.wikipedia.org/wiki/List_of_ski_areas_and_resorts_in_Japan | https://en.wikipedia.org/wiki/List_of_ski_areas_and_resorts_in_Japan","2026-07-13 | 2026-08-24 | 2026-08-26 | 2026-08-26","verified_operating","https://kisofukushima-ski.com/service/","2026-08-26","/nagano-regional/mountain/kisofukushima",""
"Nagano","Kisokoma Kogen Shinwa","kisokomakogenshinwa","unresolved","japan-ski-resorts-558","Kisokoma Kogen Shinwa","attached_assets/Japan_Ski_Resorts_558_1783900482697.xlsx","2026-07-13","unclear","","2026-08-26","",""
"Nagano","Kita Shiga Kōgen Yomase Onsen Ski Area","kitashigakogenyomaseonsenskiarea","unresolved","wikipedia-japan-specific | wikipedia-worldwide-japan","Kita Shiga Kōgen Yomase Onsen Ski Area | Kita Shiga Kōgen Yomase Onsen Ski Area","https://en.wikipedia.org/wiki/List_of_ski_areas_and_resorts_in_Japan | https://en.wikipedia.org/wiki/List_of_ski_areas_and_resorts_in_Japan","2026-08-26 | 2026-08-26","unresolved","","","",""
"Nagano","Kita Shiga Takai Fuji Ski Area","kitashigatakaifujiskiarea","unresolved","wikipedia-japan-specific | wikipedia-worldwide-japan","Kita Shiga Takai Fuji Ski Area | Kita Shiga Takai Fuji Ski Area","https://en.wikipedia.org/wiki/List_of_ski_areas_and_resorts_in_Japan | https://en.wikipedia.org/wiki/List_of_ski_areas_and_resorts_in_Japan","2026-08-26 | 2026-08-26","unresolved","","","",""
"Nagano","Kita-shiga Komaruyama","kitashigakogenkomaruyamaskiarea","covered_by_alias","wikipedia-japan-specific | wikipedia-worldwide-japan","Kita Shiga Kōgen Komaruyama Ski Area | Kita Shiga Kōgen Komaruyama Ski Area","https://en.wikipedia.org/wiki/List_of_ski_areas_and_resorts_in_Japan | https://en.wikipedia.org/wiki/List_of_ski_areas_and_resorts_in_Japan","2026-08-26 | 2026-08-26","unresolved","","","/yamanouchi/mountain/kita-shiga-komaruyama",""
"Nagano","Kitashiga Highlands","kitashigahighlands","unresolved","japan-ski-resorts-558 | skiresort-japan-directory","Kitashiga Highlands | Kitashiga Highlands","attached_assets/Japan_Ski_Resorts_558_1783900482697.xlsx | https://www.skiresort.com/en/ski-resort/kitashiga-highlands/","2026-07-13 | 2026-08-24","unclear","","2026-08-26","",""
"Nagano","Kitashiga Kogen Kumaruyama","kitashigakogenkumaruyama","unresolved","japan-ski-resorts-558 | skiresort-japan-directory","Kitashiga Kogen Kumaruyama | Kitashiga Kogen Kumaruyama","attached_assets/Japan_Ski_Resorts_558_1783900482697.xlsx | https://www.skiresort.com/en/ski-resort/kitashiga-kogen-kumaruyama/","2026-07-13 | 2026-08-24","unclear","","2026-08-26","",""
"Nagano","Kitashinshu Shinanodaira","kitashinshushinanodaira","unresolved","japan-ski-resorts-558","Kitashinshu Shinanodaira","attached_assets/Japan_Ski_Resorts_558_1783900482697.xlsx","2026-07-13","unclear","","2026-08-26","",""
"Nagano","Komagane Kogen Ski Resort","komaganekogen","published_directly","japan-ski-resorts-558 | skiresort-japan-directory | wikipedia-japan-specific | wikipedia-worldwide-japan","Komagane Kogen | Komagane Kogen | Komagane Kōgen Ski Area | Komagane Kōgen Ski Area","attached_assets/Japan_Ski_Resorts_558_1783900482697.xlsx | https://www.skiresort.com/en/ski-resort/komagane-kogen/ | https://en.wikipedia.org/wiki/List_of_ski_areas_and_resorts_in_Japan | https://en.wikipedia.org/wiki/List_of_ski_areas_and_resorts_in_Japan","2026-07-13 | 2026-08-24 | 2026-08-26 | 2026-08-26","verified_operating","https://komaganeski.com/","2026-08-26","/nagano-regional/mountain/komagane-kogen-ski-resort",""
"Nagano","Koumi Re-Ex Ski Valley","koumireexskivalley","unresolved","japan-ski-resorts-558 | skiresort-japan-directory","Koumi Re-Ex Ski Valley | Koumi Re-Ex Ski Valley","attached_assets/Japan_Ski_Resorts_558_1783900482697.xlsx | https://www.skiresort.com/en/ski-resort/koumi-re-ex-ski-valley/","2026-07-13 | 2026-08-24","unclear","","2026-08-26","",""
"Nagano","Koumi Ri-Ex Ski Valley","koumiriexskivalley","unresolved","wikipedia-japan-specific | wikipedia-worldwide-japan","Koumi Ri-Ex Ski Valley | Koumi Ri-Ex Ski Valley","https://en.wikipedia.org/wiki/List_of_ski_areas_and_resorts_in_Japan | https://en.wikipedia.org/wiki/List_of_ski_areas_and_resorts_in_Japan","2026-08-26 | 2026-08-26","unresolved","","","",""
"Nagano","Kumanoyu","kumanoyu","published_directly","japan-ski-resorts-558 | skiresort-japan-directory | wikipedia-japan-specific | wikipedia-worldwide-japan","Kumanoyu | Kumanoyu | Kumanoyu Ski Area | Kumanoyu Ski Area","attached_assets/Japan_Ski_Resorts_558_1783900482697.xlsx | https://www.skiresort.com/en/ski-resort/kumanoyu/ | https://en.wikipedia.org/wiki/List_of_ski_areas_and_resorts_in_Japan | https://en.wikipedia.org/wiki/List_of_ski_areas_and_resorts_in_Japan","2026-07-13 | 2026-08-24 | 2026-08-26 | 2026-08-26","verified_operating","https://shigakogen-ski.or.jp/winter/","2026-08-26","/yamanouchi/mountain/shiga-kumanoyu",""
"Nagano","Kumanoyu / Shibutōge / Yokoteyama area:","kumanoyushibutogeyokoteyamaarea","unresolved","wikipedia-japan-specific | wikipedia-worldwide-japan","Kumanoyu / Shibutōge / Yokoteyama area: | Kumanoyu / Shibutōge / Yokoteyama area:","https://en.wikipedia.org/wiki/List_of_ski_areas_and_resorts_in_Japan | https://en.wikipedia.org/wiki/List_of_ski_areas_and_resorts_in_Japan","2026-08-26 | 2026-08-26","unresolved","","","",""
"Nagano","Kurohime Kogen Snow Park","kurohimekogen","published_directly","japan-ski-resorts-558 | skiresort-japan-directory | wikipedia-japan-specific | wikipedia-worldwide-japan","Kurohime Kogen | Kurohime Kogen | Kurohime Kōgen Snow Park | Kurohime Kōgen Snow Park","attached_assets/Japan_Ski_Resorts_558_1783900482697.xlsx | https://www.skiresort.com/en/ski-resort/kurohime-kogen/ | https://en.wikipedia.org/wiki/List_of_ski_areas_and_resorts_in_Japan | https://en.wikipedia.org/wiki/List_of_ski_areas_and_resorts_in_Japan","2026-07-13 | 2026-08-24 | 2026-08-26 | 2026-08-26","verified_operating","https://www.town.shinano.lg.jp/docs/11832522.html","2026-08-26","/nagano-regional/mountain/kurohime-kogen-snow-park",""
"Nagano","Kurumayama Kogen","kurumayamakogen","unresolved","japan-ski-resorts-558 | skiresort-japan-directory | wikipedia-japan-specific | wikipedia-worldwide-japan","Kurumayama Kogen | Kurumayama Kogen | Kurumayama Kōgen Snow Resort | Kurumayama Kōgen Snow Resort","attached_assets/Japan_Ski_Resorts_558_1783900482697.xlsx | https://www.skiresort.com/en/ski-resort/kurumayama-kogen/ | https://en.wikipedia.org/wiki/List_of_ski_areas_and_resorts_in_Japan | https://en.wikipedia.org/wiki/List_of_ski_areas_and_resorts_in_Japan","2026-07-13 | 2026-08-24 | 2026-08-26 | 2026-08-26","unclear","","2026-08-26","",""
"Nagano","Madarao Kogen Ski Resort / Tangram Ski Circus","madaraotangram","published_directly","japan-ski-resorts-558 | skiresort-japan-directory","Madarao/Tangram | Madarao/​Tangram","attached_assets/Japan_Ski_Resorts_558_1783900482697.xlsx | https://www.skiresort.com/en/ski-resort/madarao-tangram/","2026-07-13 | 2026-08-24","verified_operating","https://www.madarao.jp/13958","2026-08-15","/iiyama/mountain/madarao-kogen-ski-resort-tangram-ski-circus",""
"Nagano","Madarao Kōgen Sympathique Ski Area (Closed 2018)","madaraokogensympathiqueskiarea","unresolved","wikipedia-japan-specific | wikipedia-worldwide-japan","Madarao Kōgen Sympathique Ski Area (Closed 2018) | Madarao Kōgen Sympathique Ski Area (Closed 2018)","https://en.wikipedia.org/wiki/List_of_ski_areas_and_resorts_in_Japan | https://en.wikipedia.org/wiki/List_of_ski_areas_and_resorts_in_Japan","2026-08-26 | 2026-08-26","unresolved","","","",""
"Nagano","Madarao Kōgen Toyota Ski Area (Closed 2015)","madaraokogentoyotaskiarea","unresolved","wikipedia-japan-specific | wikipedia-worldwide-japan","Madarao Kōgen Toyota Ski Area (Closed 2015) | Madarao Kōgen Toyota Ski Area (Closed 2015)","https://en.wikipedia.org/wiki/List_of_ski_areas_and_resorts_in_Japan | https://en.wikipedia.org/wiki/List_of_ski_areas_and_resorts_in_Japan","2026-08-26 | 2026-08-26","unresolved","","","",""
"Nagano","Madarao Mountain Resort","madaraokogenskiarea","covered_by_alias","wikipedia-japan-specific | wikipedia-worldwide-japan","Madarao Kōgen Ski Area | Madarao Kōgen Ski Area","https://en.wikipedia.org/wiki/List_of_ski_areas_and_resorts_in_Japan | https://en.wikipedia.org/wiki/List_of_ski_areas_and_resorts_in_Japan","2026-08-26 | 2026-08-26","unresolved","","","/iiyama/mountain/madarao",""
"Nagano","Maeyama","maeyama","unresolved","japan-ski-resorts-558 | skiresort-japan-directory | wikipedia-japan-specific | wikipedia-worldwide-japan","Maeyama | Maeyama | Maeyama Ski Area | Maeyama Ski Area","attached_assets/Japan_Ski_Resorts_558_1783900482697.xlsx | https://www.skiresort.com/en/ski-resort/maeyama/ | https://en.wikipedia.org/wiki/List_of_ski_areas_and_resorts_in_Japan | https://en.wikipedia.org/wiki/List_of_ski_areas_and_resorts_in_Japan","2026-07-13 | 2026-08-24 | 2026-08-26 | 2026-08-26","unclear","","2026-08-26","",""
"Nagano","Makinoiri Snow Park","makinoirisnowpark","unresolved","wikipedia-japan-specific | wikipedia-worldwide-japan","Makinoiri Snow Park | Makinoiri Snow Park","https://en.wikipedia.org/wiki/List_of_ski_areas_and_resorts_in_Japan | https://en.wikipedia.org/wiki/List_of_ski_areas_and_resorts_in_Japan","2026-08-26 | 2026-08-26","unresolved","","","",""
"Nagano","Maruike","maruike","published_directly","japan-ski-resorts-558 | skiresort-japan-directory | wikipedia-japan-specific | wikipedia-worldwide-japan","Maruike | Maruike | Maruike Ski Area | Maruike Ski Area","attached_assets/Japan_Ski_Resorts_558_1783900482697.xlsx | https://www.skiresort.com/en/ski-resort/maruike/ | https://en.wikipedia.org/wiki/List_of_ski_areas_and_resorts_in_Japan | https://en.wikipedia.org/wiki/List_of_ski_areas_and_resorts_in_Japan","2026-07-13 | 2026-08-24 | 2026-08-26 | 2026-08-26","verified_operating","https://shigakogen-ski.or.jp/winter/","2026-08-26","/yamanouchi/mountain/shiga-maruike",""
"Nagano","Minenohara Kōgen Ski Area","minenoharakogenskiarea","unresolved","wikipedia-japan-specific | wikipedia-worldwide-japan","Minenohara Kōgen Ski Area | Minenohara Kōgen Ski Area","https://en.wikipedia.org/wiki/List_of_ski_areas_and_resorts_in_Japan | https://en.wikipedia.org/wiki/List_of_ski_areas_and_resorts_in_Japan","2026-08-26 | 2026-08-26","unresolved","","","",""
"Nagano","Mt. Fuji – Hakone","mtfujihakone","unresolved","japan-ski-resorts-558 | skiresort-japan-directory","Mt. Fuji – Hakone | Mt. Fuji – Hakone","attached_assets/Japan_Ski_Resorts_558_1783900482697.xlsx | https://www.skiresort.com/en/ski-resort/mt-fuji-hakone/","2026-07-13 | 2026-08-24","unclear","","2026-08-26","",""
"Nagano","Nishitateyama Ski Area","nishitateyama","published_directly","japan-ski-resorts-558 | skiresort-japan-directory | wikipedia-japan-specific | wikipedia-worldwide-japan","Nishitateyama | Nishitateyama | Nishitateyama Ski Area | Nishitateyama Ski Area","attached_assets/Japan_Ski_Resorts_558_1783900482697.xlsx | https://www.skiresort.com/en/ski-resort/nishitateyama/ | https://en.wikipedia.org/wiki/List_of_ski_areas_and_resorts_in_Japan | https://en.wikipedia.org/wiki/List_of_ski_areas_and_resorts_in_Japan","2026-07-13 | 2026-08-24 | 2026-08-26 | 2026-08-26","verified_operating","https://shigakogen-ski.or.jp/winter/","2026-07-15","/yamanouchi/mountain/shiga-nishidateyama",""
"Nagano","Nobeyama","nobeyama","unresolved","japan-ski-resorts-558 | skiresort-japan-directory","Nobeyama | Nobeyama","attached_assets/Japan_Ski_Resorts_558_1783900482697.xlsx | https://www.skiresort.com/en/ski-resort/nobeyama/","2026-07-13 | 2026-08-24","unclear","","2026-08-26","",""
"Nagano","Nomugitoge Ski Resort","nomugipassnomugitoge","unresolved","japan-ski-resorts-558 | skiresort-japan-directory","Nomugi Pass – Nomugitoge | Nomugi Pass – Nomugitoge","attached_assets/Japan_Ski_Resorts_558_1783900482697.xlsx | https://www.skiresort.com/en/ski-resort/nomugi-pass-nomugitoge/","2026-07-13 | 2026-08-24","unclear","https://www.city.matsumoto.nagano.jp/uploaded/attachment/118212.pdf","2025-08-31","",""
"Nagano","Norikura Kogen","norikurakogen","unresolved","japan-ski-resorts-558 | skiresort-japan-directory","Norikura Kogen | Norikura","attached_assets/Japan_Ski_Resorts_558_1783900482697.xlsx | https://www.skiresort.com/en/ski-resort/norikura/","2026-07-13 | 2026-08-24","unclear","","2026-08-26","",""
"Nagano","Norikura Kōgen Igaya Ski Area","norikurakogenigayaskiarea","unresolved","wikipedia-japan-specific | wikipedia-worldwide-japan","Norikura Kōgen Igaya Ski Area | Norikura Kōgen Igaya Ski Area","https://en.wikipedia.org/wiki/List_of_ski_areas_and_resorts_in_Japan | https://en.wikipedia.org/wiki/List_of_ski_areas_and_resorts_in_Japan","2026-08-26 | 2026-08-26","unresolved","","","",""
"Nagano","Norikura Kōgen Snow + Spa Resort","norikurakogensnowsparesort","unresolved","wikipedia-japan-specific | wikipedia-worldwide-japan","Norikura Kōgen Snow + Spa Resort | Norikura Kōgen Snow + Spa Resort","https://en.wikipedia.org/wiki/List_of_ski_areas_and_resorts_in_Japan | https://en.wikipedia.org/wiki/List_of_ski_areas_and_resorts_in_Japan","2026-08-26 | 2026-08-26","unresolved","","","",""
"Nagano","Nozawa Onsen","nozawaonsen","published_directly","japan-ski-resorts-558 | skiresort-japan-directory | wikipedia-japan-specific | wikipedia-worldwide-japan","Nozawa Onsen | Nozawa Onsen | Nozawa Onsen Snow Resort | Nozawa Onsen Snow Resort","attached_assets/Japan_Ski_Resorts_558_1783900482697.xlsx | https://www.skiresort.com/en/ski-resort/nozawa-onsen/ | https://en.wikipedia.org/wiki/Nozawa_Onsen_Snow_Resort | https://en.wikipedia.org/wiki/Nozawa_Onsen_Snow_Resort","2026-07-13 | 2026-08-24 | 2026-08-26 | 2026-08-26","verified_operating","https://en.nozawaski.com/the-mountain/lift-ticket/season-ticket/","2026-08-26","/nozawa-onsen/mountain/nozawa-onsen",""
"Nagano","Obuse Quest","obusequest","out_of_scope","japan-ski-resorts-558 | skiresort-japan-directory","Obuse Quest | Obuse Quest (dry slopes)","attached_assets/Japan_Ski_Resorts_558_1783900482697.xlsx | https://www.skiresort.com/en/ski-resort/obuse-quest/","2026-07-13 | 2026-08-24","unresolved","","","",""
"Nagano","Okushiga Kogen","okushigakogen","published_directly","japan-ski-resorts-558 | skiresort-japan-directory | wikipedia-japan-specific | wikipedia-worldwide-japan","Okushiga Kogen | Okushiga Kogen | Okushiga Kōgen Ski Area | Okushiga Kōgen Ski Area","attached_assets/Japan_Ski_Resorts_558_1783900482697.xlsx | https://www.skiresort.com/en/ski-resort/okushiga-kogen/ | https://en.wikipedia.org/wiki/List_of_ski_areas_and_resorts_in_Japan | https://en.wikipedia.org/wiki/List_of_ski_areas_and_resorts_in_Japan","2026-07-13 | 2026-08-24 | 2026-08-26 | 2026-08-26","verified_operating","https://shigakogen-ski.or.jp/winter/","2026-08-26","/yamanouchi/mountain/shiga-okushiga-kogen",""
"Nagano","Okushiga Kōgen / Yakebitaiyama area:","okushigakogenyakebitaiyamaarea","unresolved","wikipedia-japan-specific | wikipedia-worldwide-japan","Okushiga Kōgen / Yakebitaiyama area: | Okushiga Kōgen / Yakebitaiyama area:","https://en.wikipedia.org/wiki/List_of_ski_areas_and_resorts_in_Japan | https://en.wikipedia.org/wiki/List_of_ski_areas_and_resorts_in_Japan","2026-08-26 | 2026-08-26","unresolved","","","",""
"Nagano","Omachi","omachi","unresolved","japan-ski-resorts-558 | skiresort-japan-directory | wikipedia-japan-specific | wikipedia-worldwide-japan","Omachi | Omachi | Ōmachi Ski Area | Ōmachi Ski Area","attached_assets/Japan_Ski_Resorts_558_1783900482697.xlsx | https://www.skiresort.com/en/ski-resort/omachi/ | https://en.wikipedia.org/wiki/List_of_ski_areas_and_resorts_in_Japan | https://en.wikipedia.org/wiki/List_of_ski_areas_and_resorts_in_Japan","2026-07-13 | 2026-08-24 | 2026-08-26 | 2026-08-26","unclear","","2026-08-26","",""
"Nagano","Ontake 2240","ontake2240","unresolved","wikipedia-japan-specific | wikipedia-worldwide-japan","Ontake 2240 | Ontake 2240","https://en.wikipedia.org/wiki/List_of_ski_areas_and_resorts_in_Japan | https://en.wikipedia.org/wiki/List_of_ski_areas_and_resorts_in_Japan","2026-08-26 | 2026-08-26","unresolved","","","",""
"Nagano","Ontake Ropeway Ski Area","ontakeropewayskiarea","unresolved","wikipedia-japan-specific | wikipedia-worldwide-japan","Ontake Ropeway Ski Area | Ontake Ropeway Ski Area","https://en.wikipedia.org/wiki/List_of_ski_areas_and_resorts_in_Japan | https://en.wikipedia.org/wiki/List_of_ski_areas_and_resorts_in_Japan","2026-08-26 | 2026-08-26","unresolved","","","",""
"Nagano","Ontake Ski Resort","ontake","published_directly","japan-ski-resorts-558 | skiresort-japan-directory","Ontake | Ontake","attached_assets/Japan_Ski_Resorts_558_1783900482697.xlsx | https://www.skiresort.com/en/ski-resort/ontake/","2026-07-13 | 2026-08-24","verified_operating","https://ontakeskijo.com/","2026-07-31","/nagano-regional/mountain/ontake-ski-resort",""
"Nagano","Pilatus Tateshina Snow Resort","pilatustateshina","published_directly","japan-ski-resorts-558 | skiresort-japan-directory | wikipedia-japan-specific | wikipedia-worldwide-japan","Pilatus Tateshina | Pilatus Tateshina | Pilatus Tateshina Ski Resort | Pilatus Tateshina Ski Resort","attached_assets/Japan_Ski_Resorts_558_1783900482697.xlsx | https://www.skiresort.com/en/ski-resort/pilatus-tateshina/ | https://en.wikipedia.org/wiki/List_of_ski_areas_and_resorts_in_Japan | https://en.wikipedia.org/wiki/List_of_ski_areas_and_resorts_in_Japan","2026-07-13 | 2026-08-24 | 2026-08-26 | 2026-08-26","verified_operating","https://www.pilatus.jp/","2026-08-26","/nagano-regional/mountain/pilatus-tateshina-snow-resort",""
"Nagano","Pine Beak (Sugadaira Kogen)","pinebeaksugadairakogen","published_directly","japan-ski-resorts-558 | skiresort-japan-directory","Pine Beak (Sugadaira Kogen) | Pine Beak (Sugadaira Kogen)","attached_assets/Japan_Ski_Resorts_558_1783900482697.xlsx | https://www.skiresort.com/en/ski-resort/pine-beak-sugadaira-kogen/","2026-07-13 | 2026-08-24","verified_operating","https://sugadaira-snowresort.com/wp2/wp-content/uploads/2025/09/hayawari0901.pdf","2025-09-01","/nagano-regional/mountain/pine-beak-sugadaira-kogen",""
"Nagano","Pine Beak Area","pinebeakarea","unresolved","wikipedia-japan-specific | wikipedia-worldwide-japan","Pine Beak Area | Pine Beak Area","https://en.wikipedia.org/wiki/List_of_ski_areas_and_resorts_in_Japan | https://en.wikipedia.org/wiki/List_of_ski_areas_and_resorts_in_Japan","2026-08-26 | 2026-08-26","unresolved","","","",""
"Nagano","Prince Snow Resort Karuizawa","princesnowresortkaruizawa","unresolved","wikipedia-japan-specific | wikipedia-worldwide-japan","Prince Snow Resort Karuizawa | Prince Snow Resort Karuizawa","https://en.wikipedia.org/wiki/List_of_ski_areas_and_resorts_in_Japan | https://en.wikipedia.org/wiki/List_of_ski_areas_and_resorts_in_Japan","2026-08-26 | 2026-08-26","unresolved","","","",""
"Nagano","Racing Camp Nobeyama","racingcampnobeyama","unresolved","wikipedia-japan-specific | wikipedia-worldwide-japan","Racing Camp Nobeyama | Racing Camp Nobeyama","https://en.wikipedia.org/wiki/List_of_ski_areas_and_resorts_in_Japan | https://en.wikipedia.org/wiki/List_of_ski_areas_and_resorts_in_Japan","2026-08-26 | 2026-08-26","unresolved","","","",""
"Nagano","Rewild Ninja Snow Highland","rewildninjasnowhighland","published_directly","japan-ski-resorts-558 | skiresort-japan-directory","Rewild Ninja Snow Highland | Rewild Ninja Snow Highland","attached_assets/Japan_Ski_Resorts_558_1783900482697.xlsx | https://www.skiresort.com/en/ski-resort/rewild-ninja-snow-highland/","2026-07-13 | 2026-08-24","verified_operating","https://rewild-ninja-snow-highland.com/","2025-11-01","/nagano-regional/mountain/rewild-ninja-snow-highland",""
"Nagano","Ryuoo Ski Park","ryuooskipark","published_directly","japan-ski-resorts-558 | skiresort-japan-directory | wikipedia-japan-specific | wikipedia-worldwide-japan","Ryuoo Ski Park | Ryuoo Ski Park | Ryuoo Ski Park | Ryuoo Ski Park","attached_assets/Japan_Ski_Resorts_558_1783900482697.xlsx | https://www.skiresort.com/en/ski-resort/ryuoo-ski-park/ | https://en.wikipedia.org/wiki/List_of_ski_areas_and_resorts_in_Japan | https://en.wikipedia.org/wiki/List_of_ski_areas_and_resorts_in_Japan","2026-07-13 | 2026-08-24 | 2026-08-26 | 2026-08-26","verified_operating","https://www.madarao.jp/13958","2026-08-15","/yamanouchi/mountain/ryuoo",""
"Nagano","Sakae Club Ski Resort","sakaeclub","published_directly","japan-ski-resorts-558 | skiresort-japan-directory | wikipedia-japan-specific | wikipedia-worldwide-japan","Sakae Club | Sakae Club | Sakae Club Ski Area | Sakae Club Ski Area","attached_assets/Japan_Ski_Resorts_558_1783900482697.xlsx | https://www.skiresort.com/en/ski-resort/sakae-club/ | https://en.wikipedia.org/wiki/List_of_ski_areas_and_resorts_in_Japan | https://en.wikipedia.org/wiki/List_of_ski_areas_and_resorts_in_Japan","2026-07-13 | 2026-08-24 | 2026-08-26 | 2026-08-26","verified_operating","https://sakaeclub.jp/2025/12/26/%e3%82%b9%e3%82%ad%e3%83%bc%e5%a0%b4%e3%81%ae%e3%82%aa%e3%83%bc%e3%83%97%e3%83%b3%e3%81%ab%e3%81%a4%e3%81%84%e3%81%a6/","2026-08-26","/nagano-regional/mountain/sakae-club-ski-resort",""
"Nagano","Saku Ski Garden Parada","sakuskigardenparada","unresolved","japan-ski-resorts-558 | skiresort-japan-directory | wikipedia-japan-specific | wikipedia-worldwide-japan","Saku Ski Garden Parada | Saku Ski Garden Parada | Saku Ski Garden Parada | Saku Ski Garden Parada","attached_assets/Japan_Ski_Resorts_558_1783900482697.xlsx | https://www.skiresort.com/en/ski-resort/saku-ski-garden-parada/ | https://en.wikipedia.org/wiki/List_of_ski_areas_and_resorts_in_Japan | https://en.wikipedia.org/wiki/List_of_ski_areas_and_resorts_in_Japan","2026-07-13 | 2026-08-24 | 2026-08-26 | 2026-08-26","unclear","","2026-08-26","",""
"Nagano","Senjojiki Ski Area","chuoalpssenjojiki","published_directly","japan-ski-resorts-558 | skiresort-japan-directory | wikipedia-japan-specific | wikipedia-worldwide-japan","Chuo Alps Senjojiki | Chuo Alps Senjojiki | Senjōjiki Ski Area | Senjōjiki Ski Area","attached_assets/Japan_Ski_Resorts_558_1783900482697.xlsx | https://www.skiresort.com/en/ski-resort/chuo-alps-senjojiki/ | https://en.wikipedia.org/wiki/List_of_ski_areas_and_resorts_in_Japan | https://en.wikipedia.org/wiki/List_of_ski_areas_and_resorts_in_Japan","2026-07-13 | 2026-08-24 | 2026-08-26 | 2026-08-26","verified_operating","https://www.chuo-alps.com/ski/","2026-08-26","/nagano-regional/mountain/senjojiki-ski-area",""
"Nagano","Shibutoge","shibutogeskiarea","covered_by_alias","wikipedia-japan-specific | wikipedia-worldwide-japan","Shibutōge Ski Area | Shibutōge Ski Area","https://en.wikipedia.org/wiki/List_of_ski_areas_and_resorts_in_Japan | https://en.wikipedia.org/wiki/List_of_ski_areas_and_resorts_in_Japan","2026-08-26 | 2026-08-26","unresolved","","","/yamanouchi/mountain/shiga-shibutoge",""
"Nagano","Shiga Kōgen Ski Resort","shigakogenskiresort","unresolved","wikipedia-japan-specific | wikipedia-worldwide-japan","Shiga Kōgen Ski Resort | Shiga Kōgen Ski Resort","https://en.wikipedia.org/wiki/Shiga_Kōgen | https://en.wikipedia.org/wiki/Shiga_Kōgen","2026-08-26 | 2026-08-26","unresolved","","","",""
"Nagano","Shigakogen Mountain Resort","shigakogenmountainresort","published_directly","japan-ski-resorts-558 | skiresort-japan-directory","Shigakogen Mountain Resort | Shigakogen Mountain Resort","attached_assets/Japan_Ski_Resorts_558_1783900482697.xlsx | https://www.skiresort.com/en/ski-resort/shigakogen-mountain-resort/","2026-07-13 | 2026-08-24","verified_operating","https://shigakogen-ski.or.jp/winter/","2026-08-26","/yamanouchi/mountain/shigakogen-mountain-resort",""
"Nagano","Shinanodaira","shinanodaira","unresolved","japan-ski-resorts-558 | skiresort-japan-directory","Shinanodaira | Shinanodaira","attached_assets/Japan_Ski_Resorts_558_1783900482697.xlsx | https://www.skiresort.com/en/ski-resort/shinanodaira/","2026-07-13 | 2026-08-24","unclear","","2026-08-26","",""
"Nagano","Shinshū Matsumoto Nomugitōge Ski Area","shinshumatsumotonomugitogeskiarea","unresolved","wikipedia-japan-specific | wikipedia-worldwide-japan","Shinshū Matsumoto Nomugitōge Ski Area | Shinshū Matsumoto Nomugitōge Ski Area","https://en.wikipedia.org/wiki/List_of_ski_areas_and_resorts_in_Japan | https://en.wikipedia.org/wiki/List_of_ski_areas_and_resorts_in_Japan","2026-08-26 | 2026-08-26","unresolved","","","",""
"Nagano","Shirakaba 2in1","shirakaba2in1","unresolved","japan-ski-resorts-558 | skiresort-japan-directory | wikipedia-japan-specific | wikipedia-worldwide-japan","Shirakaba 2in1 | Shirakaba 2in1 | Shirakaba 2 in 1 Ski Area | Shirakaba 2 in 1 Ski Area","attached_assets/Japan_Ski_Resorts_558_1783900482697.xlsx | https://www.skiresort.com/en/ski-resort/shirakaba-2in1/ | https://en.wikipedia.org/wiki/List_of_ski_areas_and_resorts_in_Japan | https://en.wikipedia.org/wiki/List_of_ski_areas_and_resorts_in_Japan","2026-07-13 | 2026-08-24 | 2026-08-26 | 2026-08-26","unclear","","2026-08-26","",""
"Nagano","Shirakaba Kogen Kokusai Ski Resort","shirakabakogen","published_directly","japan-ski-resorts-558 | skiresort-japan-directory | wikipedia-japan-specific | wikipedia-worldwide-japan","Shirakaba Kogen | Shirakaba Kogen | Shirakaba Kōgen Kokusai Ski Area | Shirakaba Resort Ski Area | Shirakaba Kōgen Kokusai Ski Area | Shirakaba Resort Ski Area","attached_assets/Japan_Ski_Resorts_558_1783900482697.xlsx | https://www.skiresort.com/en/ski-resort/shirakaba-kogen/ | https://en.wikipedia.org/wiki/List_of_ski_areas_and_resorts_in_Japan | https://en.wikipedia.org/wiki/List_of_ski_areas_and_resorts_in_Japan | https://en.wikipedia.org/wiki/List_of_ski_areas_and_resorts_in_Japan | https://en.wikipedia.org/wiki/List_of_ski_areas_and_resorts_in_Japan","2026-07-13 | 2026-08-24 | 2026-08-26 | 2026-08-26 | 2026-08-26 | 2026-08-26","verified_operating","https://shirakaba-ski.jp/","2026-08-26","/nagano-regional/mountain/shirakaba-kogen-kokusai-ski-resort",""
"Nagano","Shirakabako Royal Hill","shirakabakoroyalhill","unresolved","japan-ski-resorts-558 | skiresort-japan-directory | wikipedia-japan-specific | wikipedia-worldwide-japan","Shirakabako Royal Hill | Shirakabako Royal Hill | Shirakabako Royal Hill | Shirakabako Royal Hill","attached_assets/Japan_Ski_Resorts_558_1783900482697.xlsx | https://www.skiresort.com/en/ski-resort/shirakabako-royal-hill/ | https://en.wikipedia.org/wiki/List_of_ski_areas_and_resorts_in_Japan | https://en.wikipedia.org/wiki/List_of_ski_areas_and_resorts_in_Japan","2026-07-13 | 2026-08-24 | 2026-08-26 | 2026-08-26","unclear","","2026-08-26","",""
"Nagano","Snowboard World Heights","snowboardworldheights","unresolved","japan-ski-resorts-558 | skiresort-japan-directory | wikipedia-japan-specific | wikipedia-worldwide-japan","Snowboard World Heights | Snowboard World Heights | Snowboard World Heights | Snowboard World Heights","attached_assets/Japan_Ski_Resorts_558_1783900482697.xlsx | https://www.skiresort.com/en/ski-resort/snowboard-world-heights/ | https://en.wikipedia.org/wiki/List_of_ski_areas_and_resorts_in_Japan | https://en.wikipedia.org/wiki/List_of_ski_areas_and_resorts_in_Japan","2026-07-13 | 2026-08-24 | 2026-08-26 | 2026-08-26","unclear","","2026-08-26","",""
"Nagano","Sugadaira Kōgen Snow Resort","sugadairakogensnowresort","unresolved","wikipedia-japan-specific | wikipedia-worldwide-japan","Sugadaira Kōgen Snow Resort | Sugadaira Kōgen Snow Resort","https://en.wikipedia.org/wiki/List_of_ski_areas_and_resorts_in_Japan | https://en.wikipedia.org/wiki/List_of_ski_areas_and_resorts_in_Japan","2026-08-26 | 2026-08-26","unresolved","","","",""
"Nagano","Sun Alpina Aokiko Ski Area","sunalpinaaokikoskiarea","unresolved","wikipedia-japan-specific | wikipedia-worldwide-japan","Sun Alpina Aokiko Ski Area | Sun Alpina Aokiko Ski Area","https://en.wikipedia.org/wiki/List_of_ski_areas_and_resorts_in_Japan | https://en.wikipedia.org/wiki/List_of_ski_areas_and_resorts_in_Japan","2026-08-26 | 2026-08-26","unresolved","","","",""
"Nagano","Sun Alpina Hakuba Sanosaka Ski Resort","sunalpinahakubasanosakaskiresort","unresolved","wikipedia-japan-specific | wikipedia-worldwide-japan","Sun Alpina Hakuba Sanosaka Ski Resort | Sun Alpina Hakuba Sanosaka Ski Resort","https://en.wikipedia.org/wiki/List_of_ski_areas_and_resorts_in_Japan | https://en.wikipedia.org/wiki/List_of_ski_areas_and_resorts_in_Japan","2026-08-26 | 2026-08-26","unresolved","","","",""
"Nagano","Sun Valley Ski Area","sunvalleyresort","published_directly","japan-ski-resorts-558 | skiresort-japan-directory | wikipedia-japan-specific | wikipedia-worldwide-japan","Sun Valley Resort | Sun Valley Resort | Sun Valley Ski Area | Sun Valley Ski Area","attached_assets/Japan_Ski_Resorts_558_1783900482697.xlsx | https://www.skiresort.com/en/ski-resort/sun-valley-resort/ | https://en.wikipedia.org/wiki/List_of_ski_areas_and_resorts_in_Japan | https://en.wikipedia.org/wiki/List_of_ski_areas_and_resorts_in_Japan","2026-07-13 | 2026-08-24 | 2026-08-26 | 2026-08-26","verified_operating","https://shigakogen-ski.or.jp/winter/","2026-07-15","/yamanouchi/mountain/shiga-sun-valley",""
"Nagano","Takamagahara Mammoth","takamagaharamammoth","covered_by_multiple_pages","japan-ski-resorts-558 | skiresort-japan-directory | wikipedia-japan-specific | wikipedia-worldwide-japan","Takamagahara Mammoth | Takamagahara Mammoth | Higashitateyama / Ichinose / Takamagahara area: | Takamagahara Mammoth Ski Area | Higashitateyama / Ichinose / Takamagahara area: | Takamagahara Mammoth Ski Area","attached_assets/Japan_Ski_Resorts_558_1783900482697.xlsx | https://www.skiresort.com/en/ski-resort/takamagahara-mammoth/ | https://en.wikipedia.org/wiki/List_of_ski_areas_and_resorts_in_Japan | https://en.wikipedia.org/wiki/List_of_ski_areas_and_resorts_in_Japan | https://en.wikipedia.org/wiki/List_of_ski_areas_and_resorts_in_Japan | https://en.wikipedia.org/wiki/List_of_ski_areas_and_resorts_in_Japan","2026-07-13 | 2026-08-24 | 2026-08-26 | 2026-08-26 | 2026-08-26 | 2026-08-26","verified_operating","https://shigakogen-ski.or.jp/winter/","2026-08-26","/yamanouchi/mountain/shiga-takamagahara | /yamanouchi/mountain/takamagahara-mammoth","Legacy duplicate public routes for the same resort are preserved because existing public URLs must remain unchanged."
"Nagano","Tangram Ski Circus","tangramskicircus","covered_by_alias","wikipedia-japan-specific | wikipedia-worldwide-japan","Tangram Ski Circus | Tangram Ski Circus","https://en.wikipedia.org/wiki/List_of_ski_areas_and_resorts_in_Japan | https://en.wikipedia.org/wiki/List_of_ski_areas_and_resorts_in_Japan","2026-08-26 | 2026-08-26","unresolved","","","/iiyama/mountain/tangram",""
"Nagano","Tannenomori Okojo Ski Area","tannenomoriokojo","published_directly","japan-ski-resorts-558 | skiresort-japan-directory | wikipedia-japan-specific | wikipedia-worldwide-japan","Tannenomori Okojo | Tannenomori Okojo | Tanne no Mori Okojo Ski Area | Tanne no Mori Okojo Ski Area","attached_assets/Japan_Ski_Resorts_558_1783900482697.xlsx | https://www.skiresort.com/en/ski-resort/tannenomori-okojo/ | https://en.wikipedia.org/wiki/List_of_ski_areas_and_resorts_in_Japan | https://en.wikipedia.org/wiki/List_of_ski_areas_and_resorts_in_Japan","2026-07-13 | 2026-08-24 | 2026-08-26 | 2026-08-26","verified_operating","https://shigakogen-ski.or.jp/winter/","2026-07-15","/yamanouchi/mountain/shiga-tannenomori-okojo",""
"Nagano","Taro Area","taroarea","unresolved","wikipedia-japan-specific | wikipedia-worldwide-japan","Taro Area | Taro Area","https://en.wikipedia.org/wiki/List_of_ski_areas_and_resorts_in_Japan | https://en.wikipedia.org/wiki/List_of_ski_areas_and_resorts_in_Japan","2026-08-26 | 2026-08-26","unresolved","","","",""
"Nagano","Tateshina Tokyu Ski Resort","tateshinatokyu","published_directly","japan-ski-resorts-558 | skiresort-japan-directory | wikipedia-japan-specific | wikipedia-worldwide-japan","Tateshina Tokyu | Tateshina Tokyu | Tateshina Tōkyū Ski Resort | Tateshina Tōkyū Ski Resort","attached_assets/Japan_Ski_Resorts_558_1783900482697.xlsx | https://www.skiresort.com/en/ski-resort/tateshina-tokyu/ | https://en.wikipedia.org/wiki/List_of_ski_areas_and_resorts_in_Japan | https://en.wikipedia.org/wiki/List_of_ski_areas_and_resorts_in_Japan","2026-07-13 | 2026-08-24 | 2026-08-26 | 2026-08-26","verified_operating","https://www.tateshina-tokyu.com/ski/","2026-08-26","/nagano-regional/mountain/tateshina-tokyu-ski-resort",""
"Nagano","Terakoya Resort","terakoyaresort","published_directly","japan-ski-resorts-558 | skiresort-japan-directory | wikipedia-japan-specific | wikipedia-worldwide-japan","Terakoya Resort | Terakoya Resort | Terakoya Ski Area | Terakoya Ski Area","attached_assets/Japan_Ski_Resorts_558_1783900482697.xlsx | https://www.skiresort.com/en/ski-resort/terakoya-resort/ | https://en.wikipedia.org/wiki/List_of_ski_areas_and_resorts_in_Japan | https://en.wikipedia.org/wiki/List_of_ski_areas_and_resorts_in_Japan","2026-07-13 | 2026-08-24 | 2026-08-26 | 2026-08-26","verified_operating","https://shigakogen-ski.or.jp/winter/","2026-08-26","/yamanouchi/mountain/shiga-terakoya",""
"Nagano","The Kijima Snow Park","thekijimasnowparkmtkosha","published_directly","japan-ski-resorts-558 | skiresort-japan-directory","The Kijima Snow Park (Mt. Kosha) | The Kijima Snow Park (Mt. Kosha)","attached_assets/Japan_Ski_Resorts_558_1783900482697.xlsx | https://www.skiresort.com/en/ski-resort/the-kijima-snow-park-mt-kosha/","2026-07-13 | 2026-08-24","verified_operating","https://iiyama-makinoiri.snowpark.jp/snow/","2026-08-26","/iiyama/mountain/kijima-snow-park",""
"Nagano","Togakushi Ski Resort","togakushi","published_directly","japan-ski-resorts-558 | skiresort-japan-directory","Togakushi | Togakushi","attached_assets/Japan_Ski_Resorts_558_1783900482697.xlsx | https://www.skiresort.com/en/ski-resort/togakushi/","2026-07-13 | 2026-08-24","verified_operating","https://www.togakusi.com/ski/information/2026/course/","2026-08-26","/nagano-regional/mountain/togakushi-ski-resort",""
"Nagano","Togakushi Snow World","togakushisnowworld","unresolved","wikipedia-japan-specific | wikipedia-worldwide-japan","Togakushi Snow World | Togakushi Snow World","https://en.wikipedia.org/wiki/List_of_ski_areas_and_resorts_in_Japan | https://en.wikipedia.org/wiki/List_of_ski_areas_and_resorts_in_Japan","2026-08-26 | 2026-08-26","unresolved","","","",""
"Nagano","Togari Onsen Ski Resort","togarionsen","published_directly","japan-ski-resorts-558 | skiresort-japan-directory | wikipedia-japan-specific | wikipedia-worldwide-japan","Togari Onsen | Togari Onsen | Togari Onsen Ski Area | Togari Onsen Ski Area","attached_assets/Japan_Ski_Resorts_558_1783900482697.xlsx | https://www.skiresort.com/en/ski-resort/togari-onsen/ | https://en.wikipedia.org/wiki/List_of_ski_areas_and_resorts_in_Japan | https://en.wikipedia.org/wiki/List_of_ski_areas_and_resorts_in_Japan","2026-07-13 | 2026-08-24 | 2026-08-26 | 2026-08-26","verified_operating","https://togari.jp/winter/","2026-04-01","/iiyama/mountain/togari-onsen",""
"Nagano","Tsugaike Kogen","tsugaikekogen","published_directly","japan-ski-resorts-558 | skiresort-japan-directory | wikipedia-japan-specific | wikipedia-worldwide-japan","Tsugaike Kogen | Tsugaike Kogen | Tsugaike Kōgen Ski Area | Tsugaike Kōgen Ski Area","attached_assets/Japan_Ski_Resorts_558_1783900482697.xlsx | https://www.skiresort.com/en/ski-resort/tsugaike-kogen/ | https://en.wikipedia.org/wiki/List_of_ski_areas_and_resorts_in_Japan | https://en.wikipedia.org/wiki/List_of_ski_areas_and_resorts_in_Japan","2026-07-13 | 2026-08-24 | 2026-08-26 | 2026-08-26","unclear","","2026-08-26","/hakuba-valley/mountain/tsugaike-kogen",""
"Nagano","Utsukushinokuni","utsukushinokuni","unresolved","japan-ski-resorts-558 | skiresort-japan-directory","Utsukushinokuni | Utsukushinokuni","attached_assets/Japan_Ski_Resorts_558_1783900482697.xlsx | https://www.skiresort.com/en/ski-resort/utsukushinokuni/","2026-07-13 | 2026-08-24","unclear","","2026-08-26","",""
"Nagano","Wada Toge","wadatoge","unresolved","japan-ski-resorts-558 | skiresort-japan-directory","Wada Toge | Wada Toge","attached_assets/Japan_Ski_Resorts_558_1783900482697.xlsx | https://www.skiresort.com/en/ski-resort/wada-toge/","2026-07-13 | 2026-08-24","unclear","","2026-08-26","",""
"Nagano","White Resort HAKUBA SANOSAKA","sunalpinasanosaka","published_directly","japan-ski-resorts-558 | skiresort-japan-directory","Sun Alpina Sanosaka | Sun Alpina Sanosaka","attached_assets/Japan_Ski_Resorts_558_1783900482697.xlsx | https://www.skiresort.com/en/ski-resort/sun-alpina-sanosaka/","2026-07-13 | 2026-08-24","verified_operating","https://www.hakubavalley.com/info_en/6222/","2026-03-23","/hakuba-valley/mountain/hakuba-sanosaka",""
"Nagano","Yabuhara Kogen Ski Resort","yabuharakogen","published_directly","japan-ski-resorts-558 | skiresort-japan-directory | wikipedia-japan-specific | wikipedia-worldwide-japan","Yabuhara Kogen | Yabuhara Kogen | Yabuhara Kōgen Ski Area | Yabuhara Kōgen Ski Area","attached_assets/Japan_Ski_Resorts_558_1783900482697.xlsx | https://www.skiresort.com/en/ski-resort/yabuhara-kogen/ | https://en.wikipedia.org/wiki/List_of_ski_areas_and_resorts_in_Japan | https://en.wikipedia.org/wiki/List_of_ski_areas_and_resorts_in_Japan","2026-07-13 | 2026-08-24 | 2026-08-26 | 2026-08-26","verified_operating","https://www.yabuhara-kogen.jp/","2026-03-29","/nagano-regional/mountain/yabuhara-kogen-ski-resort",""
"Nagano","Yachiho Kogen Ski Resort","yachihokogen","published_directly","japan-ski-resorts-558 | skiresort-japan-directory | wikipedia-japan-specific | wikipedia-worldwide-japan","Yachiho Kogen | Yachiho Kogen | Yachiho Kōgen Ski Resort | Yachiho Kōgen Ski Resort","attached_assets/Japan_Ski_Resorts_558_1783900482697.xlsx | https://www.skiresort.com/en/ski-resort/yachiho-kogen/ | https://en.wikipedia.org/wiki/List_of_ski_areas_and_resorts_in_Japan | https://en.wikipedia.org/wiki/List_of_ski_areas_and_resorts_in_Japan","2026-07-13 | 2026-08-24 | 2026-08-26 | 2026-08-26","verified_operating","https://yachiho-kogen.com/ski/open.html","2026-08-26","/nagano-regional/mountain/yachiho-kogen-ski-resort",""
"Nagano","Yakebitaiyama","yakebitaiyama","published_directly","japan-ski-resorts-558 | skiresort-japan-directory","Yakebitaiyama | Yakebitaiyama","attached_assets/Japan_Ski_Resorts_558_1783900482697.xlsx | https://www.skiresort.com/en/ski-resort/yakebitaiyama/","2026-07-13 | 2026-08-24","verified_operating","https://shigakogen-ski.or.jp/winter/","2026-08-26","/yamanouchi/mountain/shiga-yakebitaiyama",""
"Nagano","Yakibitaiyama Ski Area","yakibitaiyamaskiarea","unresolved","wikipedia-japan-specific | wikipedia-worldwide-japan","Yakibitaiyama Ski Area | Yakibitaiyama Ski Area","https://en.wikipedia.org/wiki/List_of_ski_areas_and_resorts_in_Japan | https://en.wikipedia.org/wiki/List_of_ski_areas_and_resorts_in_Japan","2026-08-26 | 2026-08-26","unresolved","","","",""
"Nagano","Yamabiko (Mt. Kosha)","yamabikomtkosha","unresolved","japan-ski-resorts-558 | skiresort-japan-directory","Yamabiko (Mt. Kosha) | Yamabiko (Mt. Kosha) (temporarily closed)","attached_assets/Japan_Ski_Resorts_558_1783900482697.xlsx | https://www.skiresort.com/en/ski-resort/yamabiko-mt-kosha/","2026-07-13 | 2026-08-24","unresolved","","","",""
"Nagano","Yamaboku Wild Snow Park","yamabokuyamadabokujo","published_directly","japan-ski-resorts-558 | skiresort-japan-directory","Yamaboku – Yamada Bokujo | Yamaboku – Yamada Bokujo","attached_assets/Japan_Ski_Resorts_558_1783900482697.xlsx | https://www.skiresort.com/en/ski-resort/yamaboku-yamada-bokujo/","2026-07-13 | 2026-08-24","verified_operating","https://yamaboku.co.jp/post-8454/","2025-08-15","/nagano-regional/mountain/yamaboku-wild-snow-park",""
"Nagano","Yamada Bokujō Ski Area","yamadabokujoskiarea","unresolved","wikipedia-japan-specific | wikipedia-worldwide-japan","Yamada Bokujō Ski Area | Yamada Bokujō Ski Area","https://en.wikipedia.org/wiki/List_of_ski_areas_and_resorts_in_Japan | https://en.wikipedia.org/wiki/List_of_ski_areas_and_resorts_in_Japan","2026-08-26 | 2026-08-26","unresolved","","","",""
"Nagano","Yamada Onsen Chibikko","yamadaonsenchibikko","unresolved","japan-ski-resorts-558 | skiresort-japan-directory","Yamada Onsen Chibikko | Yamada Onsen Chibikko","attached_assets/Japan_Ski_Resorts_558_1783900482697.xlsx | https://www.skiresort.com/en/ski-resort/yamada-onsen-chibikko/","2026-07-13 | 2026-08-24","unclear","","2026-08-26","",""
"Nagano","Yamada Onsen Ski Area","yamadaonsenskiarea","unresolved","wikipedia-japan-specific | wikipedia-worldwide-japan","Yamada Onsen Ski Area | Yamada Onsen Ski Area","https://en.wikipedia.org/wiki/List_of_ski_areas_and_resorts_in_Japan | https://en.wikipedia.org/wiki/List_of_ski_areas_and_resorts_in_Japan","2026-08-26 | 2026-08-26","unresolved","","","",""
"Nagano","Yamanokaki","yamanokaki","unresolved","japan-ski-resorts-558 | skiresort-japan-directory","Yamanokaki | Yamanokaki","attached_assets/Japan_Ski_Resorts_558_1783900482697.xlsx | https://www.skiresort.com/en/ski-resort/yamanokaki/","2026-07-13 | 2026-08-24","unclear","","2026-08-26","",""
"Nagano","Yanaba Ski Area","yanabaskiarea","unresolved","wikipedia-japan-specific | wikipedia-worldwide-japan","Yanaba Ski Area | Yanaba Ski Area","https://en.wikipedia.org/wiki/List_of_ski_areas_and_resorts_in_Japan | https://en.wikipedia.org/wiki/List_of_ski_areas_and_resorts_in_Japan","2026-08-26 | 2026-08-26","unresolved","","","",""
"Nagano","Yanaba Snow Park – Hakuba","yanabasnowparkhakuba","unresolved","japan-ski-resorts-558 | skiresort-japan-directory","Yanaba Snow Park – Hakuba | Yanaba Snow Park – Hakuba (temporarily closed)","attached_assets/Japan_Ski_Resorts_558_1783900482697.xlsx | https://www.skiresort.com/en/ski-resort/yanaba-snow-park-hakuba/","2026-07-13 | 2026-08-24","unresolved","","","",""
"Nagano","Yatsugatake Shizenbunkaen – Guresuten","yatsugatakeshizenbunkaenguresuten","out_of_scope","japan-ski-resorts-558","Yatsugatake Shizenbunkaen – Guresuten","attached_assets/Japan_Ski_Resorts_558_1783900482697.xlsx","2026-07-13","unresolved","","","",""
"Nagano","Yatsugatake Shizenbunkaen – Guresuten Summer Ski Area (dry slopes)","yatsugatakeshizenbunkaenguresutensummerskiarea","unresolved","skiresort-japan-directory","Yatsugatake Shizenbunkaen – Guresuten Summer Ski Area (dry slopes)","https://www.skiresort.com/en/ski-resort/yatsugatake-shizenbunkaen-guresuten-summer-ski-area/","2026-08-24","unresolved","","","",""
"Nagano","Yokoteyama","yokoteyamaskiarea","covered_by_alias","wikipedia-japan-specific | wikipedia-worldwide-japan","Yokoteyama Ski Area | Yokoteyama Ski Area","https://en.wikipedia.org/wiki/List_of_ski_areas_and_resorts_in_Japan | https://en.wikipedia.org/wiki/List_of_ski_areas_and_resorts_in_Japan","2026-08-26 | 2026-08-26","unresolved","","","/yamanouchi/mountain/shiga-yokoteyama",""
"Nagano","Yokoteyama-Shibutoge","yokoteyamashibutoge","published_directly","japan-ski-resorts-558 | skiresort-japan-directory","Yokoteyama-Shibutoge | Yokoteyama-Shibutoge","attached_assets/Japan_Ski_Resorts_558_1783900482697.xlsx | https://www.skiresort.com/en/ski-resort/yokoteyama-shibutoge/","2026-07-13 | 2026-08-24","verified_operating","https://shigakogen-ski.or.jp/winter/","2026-08-26","/yamanouchi/mountain/yokoteyama-shibutoge",""
"Nagano","Yomase/​Takaifuji (Mt. Kosha)","yomasetakaifujimtkosha","covered_by_multiple_pages","japan-ski-resorts-558 | skiresort-japan-directory","Yomase/Takaifuji (Mt. Kosha) | Yomase/​Takaifuji (Mt. Kosha)","attached_assets/Japan_Ski_Resorts_558_1783900482697.xlsx | https://www.skiresort.com/en/ski-resort/yomase-takaifuji-mt-kosha/","2026-07-13 | 2026-08-24","unclear","","2026-08-26","/yamanouchi/mountain/yomase-onsen | /yamanouchi/mountain/xjam-takaifuji","One discovery identity intentionally reconciles to multiple operating-area pages."
"Nagano","Yunomaru","yunomaru","unresolved","japan-ski-resorts-558 | skiresort-japan-directory | wikipedia-japan-specific | wikipedia-worldwide-japan","Yunomaru | Yunomaru | Yunomaru Ski Area | Yunomaru Ski Area","attached_assets/Japan_Ski_Resorts_558_1783900482697.xlsx | https://www.skiresort.com/en/ski-resort/yunomaru/ | https://en.wikipedia.org/wiki/List_of_ski_areas_and_resorts_in_Japan | https://en.wikipedia.org/wiki/List_of_ski_areas_and_resorts_in_Japan","2026-07-13 | 2026-08-24 | 2026-08-26 | 2026-08-26","unclear","","2026-08-26","",""
"Nara","Dorogawa Ski Area","dorogawaskiarea","unresolved","wikipedia-japan-specific | wikipedia-worldwide-japan","Dorogawa Ski Area | Dorogawa Ski Area","https://en.wikipedia.org/wiki/List_of_ski_areas_and_resorts_in_Japan | https://en.wikipedia.org/wiki/List_of_ski_areas_and_resorts_in_Japan","2026-08-26 | 2026-08-26","unresolved","","","",""
"Nara","Myōjintaira Ski Area","myojintairaskiarea","unresolved","wikipedia-japan-specific | wikipedia-worldwide-japan","Myōjintaira Ski Area | Myōjintaira Ski Area","https://en.wikipedia.org/wiki/List_of_ski_areas_and_resorts_in_Japan | https://en.wikipedia.org/wiki/List_of_ski_areas_and_resorts_in_Japan","2026-08-26 | 2026-08-26","unresolved","","","",""
"Nara","Wasamatayama Ski Area","wasamatayamaskiarea","unresolved","wikipedia-japan-specific | wikipedia-worldwide-japan","Wasamatayama Ski Area | Wasamatayama Ski Area","https://en.wikipedia.org/wiki/List_of_ski_areas_and_resorts_in_Japan | https://en.wikipedia.org/wiki/List_of_ski_areas_and_resorts_in_Japan","2026-08-26 | 2026-08-26","unresolved","","","",""
"Niigata","(in Nagano)","innagano","unresolved","wikipedia-japan-specific | wikipedia-worldwide-japan","(in Nagano) | (in Nagano)","https://en.wikipedia.org/wiki/List_of_ski_areas_and_resorts_in_Japan | https://en.wikipedia.org/wiki/List_of_ski_areas_and_resorts_in_Japan","2026-08-26 | 2026-08-26","unresolved","","","",""
"Niigata","(in Niigata)","inniigata","unresolved","wikipedia-japan-specific | wikipedia-worldwide-japan","(in Niigata) | (in Niigata)","https://en.wikipedia.org/wiki/List_of_ski_areas_and_resorts_in_Japan | https://en.wikipedia.org/wiki/List_of_ski_areas_and_resorts_in_Japan","2026-08-26 | 2026-08-26","unresolved","","","",""
"Niigata","Akakura Kanko (Akakan)","akakurakankoresortskiarea","covered_by_alias","wikipedia-japan-specific | wikipedia-worldwide-japan","Akakura Kankō Resort Ski Area | Akakura Kankō Resort Ski Area","https://en.wikipedia.org/wiki/List_of_ski_areas_and_resorts_in_Japan | https://en.wikipedia.org/wiki/List_of_ski_areas_and_resorts_in_Japan","2026-08-26 | 2026-08-26","unresolved","","","/myoko/mountain/akakura-kanko",""
"Niigata","Akakura Onsen Ski Resort","myokoakakura","published_directly","japan-ski-resorts-558 | skiresort-japan-directory | wikipedia-japan-specific | wikipedia-worldwide-japan","Myoko Akakura | Myoko Akakura | Akakura Onsen Ski Area – The oldest ski resort in Japan, from 1937. | Akakura Onsen Ski Area – The oldest ski resort in Japan, from 1937.","attached_assets/Japan_Ski_Resorts_558_1783900482697.xlsx | https://www.skiresort.com/en/ski-resort/myoko-akakura/ | https://en.wikipedia.org/wiki/List_of_ski_areas_and_resorts_in_Japan | https://en.wikipedia.org/wiki/List_of_ski_areas_and_resorts_in_Japan","2026-07-13 | 2026-08-24 | 2026-08-26 | 2026-08-26","unclear","https://niigata-kankou.or.jp/ski","2026-08-26","/myoko/mountain/akakura-onsen",""
"Niigata","Apa Resort – Myoko Pine Valley","aparesortmyokopinevalley","unresolved","japan-ski-resorts-558 | skiresort-japan-directory | wikipedia-japan-specific | wikipedia-worldwide-japan","Apa Resort – Myoko Pine Valley | Apa Resort – Myoko Pine Valley | APA Resort Myōkō Pine Valley (Closed 2009) | APA Resort Myōkō Pine Valley (Closed 2009)","attached_assets/Japan_Ski_Resorts_558_1783900482697.xlsx | https://www.skiresort.com/en/ski-resort/apa-resort-myoko-pine-valley/ | https://en.wikipedia.org/wiki/List_of_ski_areas_and_resorts_in_Japan | https://en.wikipedia.org/wiki/List_of_ski_areas_and_resorts_in_Japan","2026-07-13 | 2026-08-24 | 2026-08-26 | 2026-08-26","unclear","","2026-08-26","",""
"Niigata","Arai Funaokayama Ski Area (closed)","araifunaokayamaskiarea","unresolved","wikipedia-japan-specific | wikipedia-worldwide-japan","Arai Funaokayama Ski Area (closed) | Arai Funaokayama Ski Area (closed)","https://en.wikipedia.org/wiki/List_of_ski_areas_and_resorts_in_Japan | https://en.wikipedia.org/wiki/List_of_ski_areas_and_resorts_in_Japan","2026-08-26 | 2026-08-26","unresolved","","","",""
"Niigata","Arai Mountain Resort","lottearairesort","published_directly","japan-ski-resorts-558 | skiresort-japan-directory","Lotte Arai Resort | Lotte Arai Resort","attached_assets/Japan_Ski_Resorts_558_1783900482697.xlsx | https://www.skiresort.com/en/ski-resort/lotte-arai-resort/","2026-07-13 | 2026-08-24","unclear","https://niigata-kankou.or.jp/ski","2026-08-26","/myoko/mountain/lotte-arai",""
"Niigata","Arai Mountain Resort & Spa (closed April 2006, re-opened Dec 2017)","araimountainresortspa","unresolved","wikipedia-japan-specific | wikipedia-worldwide-japan","Arai Mountain Resort & Spa (closed April 2006, re-opened Dec 2017) | Arai Mountain Resort & Spa (closed April 2006, re-opened Dec 2017)","https://en.wikipedia.org/wiki/List_of_ski_areas_and_resorts_in_Japan | https://en.wikipedia.org/wiki/List_of_ski_areas_and_resorts_in_Japan","2026-08-26 | 2026-08-26","unresolved","","","",""
"Niigata","Axiom Park","axiompark","unresolved","japan-ski-resorts-558 | wikipedia-japan-specific | wikipedia-worldwide-japan","Axiom Park | Axiom Ski Area | Axiom Ski Area","attached_assets/Japan_Ski_Resorts_558_1783900482697.xlsx | https://en.wikipedia.org/wiki/List_of_ski_areas_and_resorts_in_Japan | https://en.wikipedia.org/wiki/List_of_ski_areas_and_resorts_in_Japan","2026-07-13 | 2026-08-26 | 2026-08-26","unclear","","2026-08-26","",""
"Niigata","Budō Ski Area","budoskiarea","unresolved","wikipedia-japan-specific | wikipedia-worldwide-japan","Budō Ski Area | Budō Ski Area","https://en.wikipedia.org/wiki/List_of_ski_areas_and_resorts_in_Japan | https://en.wikipedia.org/wiki/List_of_ski_areas_and_resorts_in_Japan","2026-08-26 | 2026-08-26","unresolved","","","",""
"Niigata","Budoh Snow Resort","asahimurabudo","published_directly","japan-ski-resorts-558 | skiresort-japan-directory","Asahimura Budo | Asahimura Budo","attached_assets/Japan_Ski_Resorts_558_1783900482697.xlsx | https://www.skiresort.com/en/ski-resort/asahimura-budo/","2026-07-13 | 2026-08-24","verified_operating","http://www.city.murakami.niigata.jp/asahi/budoh/","2026-08-26","/niigata-regional/mountain/budoh-snow-resort",""
"Niigata","Centleisure Maiko Snow Resort","centleisuremaikosnowresort","unresolved","wikipedia-japan-specific | wikipedia-worldwide-japan","Centleisure Maiko Snow Resort | Centleisure Maiko Snow Resort","https://en.wikipedia.org/wiki/List_of_ski_areas_and_resorts_in_Japan | https://en.wikipedia.org/wiki/List_of_ski_areas_and_resorts_in_Japan","2026-08-26 | 2026-08-26","unresolved","","","",""
"Niigata","Charmant Hiuchi Ski Resort","charmanthiuchi","published_directly","japan-ski-resorts-558 | skiresort-japan-directory | wikipedia-japan-specific | wikipedia-worldwide-japan","Charmant Hiuchi | Charmant Hiuchi | Charmant Hiuchi Ski Resort | Charmant Hiuchi Ski Resort","attached_assets/Japan_Ski_Resorts_558_1783900482697.xlsx | https://www.skiresort.com/en/ski-resort/charmant-hiuchi/ | https://en.wikipedia.org/wiki/List_of_ski_areas_and_resorts_in_Japan | https://en.wikipedia.org/wiki/List_of_ski_areas_and_resorts_in_Japan","2026-07-13 | 2026-08-24 | 2026-08-26 | 2026-08-26","verified_operating","https://charmant-hiuchi.jp/","2026-08-26","/niigata-regional/mountain/charmant-hiuchi-ski-resort",""
"Niigata","Chateau Shiosawa Ski Area","chateaushiosawaskiarea","unresolved","wikipedia-japan-specific | wikipedia-worldwide-japan","Chateau Shiosawa Ski Area | Chateau Shiosawa Ski Area","https://en.wikipedia.org/wiki/List_of_ski_areas_and_resorts_in_Japan | https://en.wikipedia.org/wiki/List_of_ski_areas_and_resorts_in_Japan","2026-08-26 | 2026-08-26","unresolved","","","",""
"Niigata","Chateau Shiozawa","chateaushiozawa","unresolved","japan-ski-resorts-558 | skiresort-japan-directory","Chateau Shiozawa | Chateau Shiozawa","attached_assets/Japan_Ski_Resorts_558_1783900482697.xlsx | https://www.skiresort.com/en/ski-resort/chateau-shiozawa/","2026-07-13 | 2026-08-24","unclear","","2026-08-26","",""
"Niigata","Cupid Valley Ski Resort","cupidvalley","unresolved","japan-ski-resorts-558 | skiresort-japan-directory | wikipedia-japan-specific | wikipedia-worldwide-japan","Cupid Valley | Cupid Valley | Cupid Valley (New Owners 2020/21) | Cupid Valley (New Owners 2020/21)","attached_assets/Japan_Ski_Resorts_558_1783900482697.xlsx | https://www.skiresort.com/en/ski-resort/cupid-valley/ | https://en.wikipedia.org/wiki/List_of_ski_areas_and_resorts_in_Japan | https://en.wikipedia.org/wiki/List_of_ski_areas_and_resorts_in_Japan","2026-07-13 | 2026-08-24 | 2026-08-26 | 2026-08-26","unclear","https://niigata-kankou.or.jp/ski","2026-08-26","",""
"Niigata","First Ishiuchi Ski Area","firstishiuchiskiarea","unresolved","wikipedia-japan-specific | wikipedia-worldwide-japan","First Ishiuchi Ski Area | First Ishiuchi Ski Area","https://en.wikipedia.org/wiki/List_of_ski_areas_and_resorts_in_Japan | https://en.wikipedia.org/wiki/List_of_ski_areas_and_resorts_in_Japan","2026-08-26 | 2026-08-26","unresolved","","","",""
"Niigata","Fuyudorigoe Ski Garden","fuyudorigoeskigarden","unresolved","wikipedia-japan-specific | wikipedia-worldwide-japan","Fuyudorigoe Ski Garden | Fuyudorigoe Ski Garden","https://en.wikipedia.org/wiki/List_of_ski_areas_and_resorts_in_Japan | https://en.wikipedia.org/wiki/List_of_ski_areas_and_resorts_in_Japan","2026-08-26 | 2026-08-26","unresolved","","","",""
"Niigata","GALA Yuzawa Snow Resort","galayuzawasnowresort","published_directly","japan-ski-resorts-558 | wikipedia-japan-specific | wikipedia-worldwide-japan","GALA Yuzawa Snow Resort | Gala Yuzawa Snow Resort | Gala Yuzawa Snow Resort","attached_assets/Japan_Ski_Resorts_558_1783900482697.xlsx | https://en.wikipedia.org/wiki/List_of_ski_areas_and_resorts_in_Japan | https://en.wikipedia.org/wiki/List_of_ski_areas_and_resorts_in_Japan","2026-07-13 | 2026-08-26 | 2026-08-26","unclear","https://niigata-kankou.or.jp/ski","2026-08-26","/yuzawa/mountain/gala-yuzawa",""
"Niigata","Garuru Takayanagi Ski Area","garurutakayanagiskiarea","unresolved","wikipedia-japan-specific | wikipedia-worldwide-japan","Garuru Takayanagi Ski Area | Garuru Takayanagi Ski Area","https://en.wikipedia.org/wiki/List_of_ski_areas_and_resorts_in_Japan | https://en.wikipedia.org/wiki/List_of_ski_areas_and_resorts_in_Japan","2026-08-26 | 2026-08-26","unresolved","","","",""
"Niigata","Hakkaisanroku Ski Resort","hakkaisanroku","published_directly","japan-ski-resorts-558 | skiresort-japan-directory | wikipedia-japan-specific | wikipedia-worldwide-japan","Hakkaisanroku | Hakkaisanroku | Hakkai Sanroku Ski Area | Hakkai Sanroku Ski Area","attached_assets/Japan_Ski_Resorts_558_1783900482697.xlsx | https://www.skiresort.com/en/ski-resort/hakkaisanroku/ | https://en.wikipedia.org/wiki/List_of_ski_areas_and_resorts_in_Japan | https://en.wikipedia.org/wiki/List_of_ski_areas_and_resorts_in_Japan","2026-07-13 | 2026-08-24 | 2026-08-26 | 2026-08-26","verified_operating","https://hakkai36.com/info/2025-26%e3%82%b7%e3%83%bc%e3%82%ba%e3%83%b3%e5%96%b6%e6%a5%ad%e7%b5%82%e4%ba%86%e3%81%ae%e3%81%94%e6%a1%88%e5%86%85/","2026-08-26","/niigata-regional/mountain/hakkaisanroku-ski-resort",""
"Niigata","Ikenotaira Onsen Alpen Blick Ski Resort","ikenotairaonsen","published_directly","japan-ski-resorts-558 | skiresort-japan-directory | wikipedia-japan-specific | wikipedia-worldwide-japan","Ikenotaira Onsen | Ikenotaira Onsen | Ikenotaira Onsen Ski Area | Ikenotaira Onsen Ski Area","attached_assets/Japan_Ski_Resorts_558_1783900482697.xlsx | https://www.skiresort.com/en/ski-resort/ikenotaira-onsen/ | https://en.wikipedia.org/wiki/List_of_ski_areas_and_resorts_in_Japan | https://en.wikipedia.org/wiki/List_of_ski_areas_and_resorts_in_Japan","2026-07-13 | 2026-08-24 | 2026-08-26 | 2026-08-26","verified_operating","https://alpenblick-resort.com/ski/26-27-ticket-info","2026-08-26","/myoko/mountain/ikenotaira",""
"Niigata","Ipponsugi Snow Park","ipponsugi","published_directly","japan-ski-resorts-558 | skiresort-japan-directory | wikipedia-japan-specific | wikipedia-worldwide-japan","Ipponsugi | Ipponsugi | Ipponsugi Ski Area | Ipponsugi Ski Area","attached_assets/Japan_Ski_Resorts_558_1783900482697.xlsx | https://www.skiresort.com/en/ski-resort/ipponsugi/ | https://en.wikipedia.org/wiki/List_of_ski_areas_and_resorts_in_Japan | https://en.wikipedia.org/wiki/List_of_ski_areas_and_resorts_in_Japan","2026-07-13 | 2026-08-24 | 2026-08-26 | 2026-08-26","verified_operating","https://www.ipponsugi.net/","2026-08-26","/yuzawa/mountain/ipponsugi-snow-park",""
"Niigata","Ishiuchi Hanaoka","ishiuchihanaoka","unresolved","japan-ski-resorts-558 | skiresort-japan-directory | wikipedia-japan-specific | wikipedia-worldwide-japan","Ishiuchi Hanaoka | Ishiuchi Hanaoka (temporarily closed) | Ishiuchi Hanaoka Ski Area | Ishiuchi Hanaoka Ski Area","attached_assets/Japan_Ski_Resorts_558_1783900482697.xlsx | https://www.skiresort.com/en/ski-resort/ishiuchi-hanaoka/ | https://en.wikipedia.org/wiki/List_of_ski_areas_and_resorts_in_Japan | https://en.wikipedia.org/wiki/List_of_ski_areas_and_resorts_in_Japan","2026-07-13 | 2026-08-24 | 2026-08-26 | 2026-08-26","unresolved","","","",""
"Niigata","Ishiuchi Maruyama Ski Resort","ishiuchimaruyama","published_directly","japan-ski-resorts-558 | wikipedia-japan-specific | wikipedia-worldwide-japan","Ishiuchi Maruyama | Ishiuchi Maruyama Ski Area | Ishiuchi Maruyama Ski Area","attached_assets/Japan_Ski_Resorts_558_1783900482697.xlsx | https://en.wikipedia.org/wiki/List_of_ski_areas_and_resorts_in_Japan | https://en.wikipedia.org/wiki/List_of_ski_areas_and_resorts_in_Japan","2026-07-13 | 2026-08-26 | 2026-08-26","verified_operating","https://ishiuchi.or.jp/winter/","2026-08-26","/yuzawa/mountain/ishiuchi-maruyama",""
"Niigata","Itoigawa Seaside Valley Ski Areas","itoigawaseasidevalleyskiareas","unresolved","wikipedia-japan-specific | wikipedia-worldwide-japan","Itoigawa Seaside Valley Ski Areas | Itoigawa Seaside Valley Ski Areas","https://en.wikipedia.org/wiki/List_of_ski_areas_and_resorts_in_Japan | https://en.wikipedia.org/wiki/List_of_ski_areas_and_resorts_in_Japan","2026-08-26 | 2026-08-26","unresolved","","","",""
"Niigata","Itoigawa Seaside Valley Ski Resort","itoigawaseasidevalley","published_directly","japan-ski-resorts-558 | skiresort-japan-directory","Itoigawa Seaside Valley | Itoigawa Seaside Valley","attached_assets/Japan_Ski_Resorts_558_1783900482697.xlsx | https://www.skiresort.com/en/ski-resort/itoigawa-seaside-valley/","2026-07-13 | 2026-08-24","verified_operating","https://seasidevalley.com/","2026-08-26","/niigata-regional/mountain/itoigawa-seaside-valley-ski-resort",""
"Niigata","Itsukamachi","itsukamachi","unresolved","japan-ski-resorts-558 | skiresort-japan-directory | wikipedia-japan-specific | wikipedia-worldwide-japan","Itsukamachi | Itsukamachi | Itsukamachi Ski Area | Itsukamachi Ski Area","attached_assets/Japan_Ski_Resorts_558_1783900482697.xlsx | https://www.skiresort.com/en/ski-resort/itsukamachi/ | https://en.wikipedia.org/wiki/List_of_ski_areas_and_resorts_in_Japan | https://en.wikipedia.org/wiki/List_of_ski_areas_and_resorts_in_Japan","2026-07-13 | 2026-08-24 | 2026-08-26 | 2026-08-26","unclear","","2026-08-26","",""
"Niigata","Iwappara Ski Resort","iwappara","published_directly","japan-ski-resorts-558 | skiresort-japan-directory | wikipedia-japan-specific | wikipedia-worldwide-japan","Iwappara | Iwappara | Iwa-ppara Ski Area | Iwa-ppara Ski Area","attached_assets/Japan_Ski_Resorts_558_1783900482697.xlsx | https://www.skiresort.com/en/ski-resort/iwappara/ | https://en.wikipedia.org/wiki/List_of_ski_areas_and_resorts_in_Japan | https://en.wikipedia.org/wiki/List_of_ski_areas_and_resorts_in_Japan","2026-07-13 | 2026-08-24 | 2026-08-26 | 2026-08-26","unclear","https://niigata-kankou.or.jp/ski","2026-08-26","/yuzawa/mountain/iwappara",""
"Niigata","Joetsu Kokusai Ski Resort","joetsukokusai","unresolved","japan-ski-resorts-558 | skiresort-japan-directory | wikipedia-japan-specific | wikipedia-worldwide-japan","Joetsu Kokusai | Joetsu Kokusai | Jōetsu Kokusai Ski Resort | Jōetsu Kokusai Ski Resort","attached_assets/Japan_Ski_Resorts_558_1783900482697.xlsx | https://www.skiresort.com/en/ski-resort/joetsu-kokusai/ | https://en.wikipedia.org/wiki/List_of_ski_areas_and_resorts_in_Japan | https://en.wikipedia.org/wiki/List_of_ski_areas_and_resorts_in_Japan","2026-07-13 | 2026-08-24 | 2026-08-26 | 2026-08-26","unclear","https://niigata-kankou.or.jp/ski","2026-08-26","",""
"Niigata","Kagura Ski Resort","kaguramitsumatakaguratashiro","published_directly","japan-ski-resorts-558 | wikipedia-japan-specific | wikipedia-worldwide-japan","Kagura (Mitsumata / Kagura / Tashiro) | Kagura Ski Resort | Kagura Ski Resort","attached_assets/Japan_Ski_Resorts_558_1783900482697.xlsx | https://en.wikipedia.org/wiki/List_of_ski_areas_and_resorts_in_Japan | https://en.wikipedia.org/wiki/List_of_ski_areas_and_resorts_in_Japan","2026-07-13 | 2026-08-26 | 2026-08-26","verified_operating","https://www.princehotels.co.jp/ski/kagura/winter/","2026-08-26","/yuzawa/mountain/kagura",""
"Niigata","Kakumanji Ski Area","kakumanjiskiarea","unresolved","wikipedia-japan-specific | wikipedia-worldwide-japan","Kakumanji Ski Area | Kakumanji Ski Area","https://en.wikipedia.org/wiki/List_of_ski_areas_and_resorts_in_Japan | https://en.wikipedia.org/wiki/List_of_ski_areas_and_resorts_in_Japan","2026-08-26 | 2026-08-26","unresolved","","","",""
"Niigata","Kanai Town Taira Ski Area","kanaitowntairaskiarea","unresolved","wikipedia-japan-specific | wikipedia-worldwide-japan","Kanai Town Taira Ski Area | Kanai Town Taira Ski Area","https://en.wikipedia.org/wiki/List_of_ski_areas_and_resorts_in_Japan | https://en.wikipedia.org/wiki/List_of_ski_areas_and_resorts_in_Japan","2026-08-26 | 2026-08-26","unresolved","","","",""
"Niigata","Kanayasan","kanayasan","unresolved","japan-ski-resorts-558 | skiresort-japan-directory","Kanayasan | Kanayasan","attached_assets/Japan_Ski_Resorts_558_1783900482697.xlsx | https://www.skiresort.com/en/ski-resort/kanayasan/","2026-07-13 | 2026-08-24","unclear","","2026-08-26","",""
"Niigata","Kanayayama Ski Area","kanayayamaskiarea","unresolved","wikipedia-japan-specific | wikipedia-worldwide-japan","Kanayayama Ski Area | Kanayayama Ski Area","https://en.wikipedia.org/wiki/List_of_ski_areas_and_resorts_in_Japan | https://en.wikipedia.org/wiki/List_of_ski_areas_and_resorts_in_Japan","2026-08-26 | 2026-08-26","unresolved","","","",""
"Niigata","Kandatsu Snow Resort","pineridgeresortkandatsu","unresolved","japan-ski-resorts-558 | skiresort-japan-directory","Pine Ridge Resort – Kandatsu | Pine Ridge Resort – Kandatsu","attached_assets/Japan_Ski_Resorts_558_1783900482697.xlsx | https://www.skiresort.com/en/ski-resort/pine-ridge-resort-kandatsu/","2026-07-13 | 2026-08-24","unclear","https://niigata-kankou.or.jp/ski","2026-08-26","",""
"Niigata","Kanetsu Kokusai Ohara","kanetsukokusaiohara","unresolved","japan-ski-resorts-558 | wikipedia-japan-specific | wikipedia-worldwide-japan","Kanetsu Kokusai Ohara | Kan'etsu Kokusai Ōhara Ski Area | Kan'etsu Kokusai Ōhara Ski Area","attached_assets/Japan_Ski_Resorts_558_1783900482697.xlsx | https://en.wikipedia.org/wiki/List_of_ski_areas_and_resorts_in_Japan | https://en.wikipedia.org/wiki/List_of_ski_areas_and_resorts_in_Japan","2026-07-13 | 2026-08-26 | 2026-08-26","unclear","","2026-08-26","",""
"Niigata","Kawaguchi Ski Area","kawaguchiskiarea","unresolved","wikipedia-japan-specific | wikipedia-worldwide-japan","Kawaguchi Ski Area | Kawaguchi Ski Area","https://en.wikipedia.org/wiki/List_of_ski_areas_and_resorts_in_Japan | https://en.wikipedia.org/wiki/List_of_ski_areas_and_resorts_in_Japan","2026-08-26 | 2026-08-26","unresolved","","","",""
"Niigata","Kayama Captain Coast Ski Area","kayamacaptaincoastskiarea","unresolved","wikipedia-japan-specific | wikipedia-worldwide-japan","Kayama Captain Coast Ski Area | Kayama Captain Coast Ski Area","https://en.wikipedia.org/wiki/List_of_ski_areas_and_resorts_in_Japan | https://en.wikipedia.org/wiki/List_of_ski_areas_and_resorts_in_Japan","2026-08-26 | 2026-08-26","unresolved","","","",""
"Niigata","Kiyokawa Kōgen Ski Area","kiyokawakogenskiarea","unresolved","wikipedia-japan-specific | wikipedia-worldwide-japan","Kiyokawa Kōgen Ski Area | Kiyokawa Kōgen Ski Area","https://en.wikipedia.org/wiki/List_of_ski_areas_and_resorts_in_Japan | https://en.wikipedia.org/wiki/List_of_ski_areas_and_resorts_in_Japan","2026-08-26 | 2026-08-26","unresolved","","","",""
"Niigata","Koide Ski Resort","koide","unresolved","japan-ski-resorts-558 | skiresort-japan-directory | wikipedia-japan-specific | wikipedia-worldwide-japan","Koide | Koide | Koide Ski Area | Koide Ski Area","attached_assets/Japan_Ski_Resorts_558_1783900482697.xlsx | https://www.skiresort.com/en/ski-resort/koide/ | https://en.wikipedia.org/wiki/List_of_ski_areas_and_resorts_in_Japan | https://en.wikipedia.org/wiki/List_of_ski_areas_and_resorts_in_Japan","2026-07-13 | 2026-08-24 | 2026-08-26 | 2026-08-26","unclear","https://niigata-kankou.or.jp/ski","2026-08-26","",""
"Niigata","Kokusetsu Tainai Ski Area","kokusetsutainaiskiarea","unresolved","wikipedia-japan-specific | wikipedia-worldwide-japan","Kokusetsu Tainai Ski Area | Kokusetsu Tainai Ski Area","https://en.wikipedia.org/wiki/List_of_ski_areas_and_resorts_in_Japan | https://en.wikipedia.org/wiki/List_of_ski_areas_and_resorts_in_Japan","2026-08-26 | 2026-08-26","unresolved","","","",""
"Niigata","Koshi Kogen Ski Resort","koshikogen","published_directly","japan-ski-resorts-558 | skiresort-japan-directory | wikipedia-japan-specific | wikipedia-worldwide-japan","Koshi Kogen | Koshi Kogen | Koshi Kōgen Ski Area | Koshi Kōgen Ski Area","attached_assets/Japan_Ski_Resorts_558_1783900482697.xlsx | https://www.skiresort.com/en/ski-resort/koshi-kogen/ | https://en.wikipedia.org/wiki/List_of_ski_areas_and_resorts_in_Japan | https://en.wikipedia.org/wiki/List_of_ski_areas_and_resorts_in_Japan","2026-07-13 | 2026-08-24 | 2026-08-26 | 2026-08-26","verified_operating","http://koshikogen.com/","2026-08-26","/niigata-regional/mountain/koshi-kogen-ski-resort",""
"Niigata","Kurohime Kōgen Snow Park","kurohimekogensnowpark","unresolved","wikipedia-japan-specific | wikipedia-worldwide-japan","Kurohime Kōgen Snow Park | Kurohime Kōgen Snow Park","https://en.wikipedia.org/wiki/List_of_ski_areas_and_resorts_in_Japan | https://en.wikipedia.org/wiki/List_of_ski_areas_and_resorts_in_Japan","2026-08-26 | 2026-08-26","unresolved","","","",""
"Niigata","Kyukamura Myoko Runrun Ski Resort","kyukamuramyokoresort","published_directly","japan-ski-resorts-558 | skiresort-japan-directory","Kyukamura Myoko Resort | Kyukamura Myoko Resort","attached_assets/Japan_Ski_Resorts_558_1783900482697.xlsx | https://www.skiresort.com/en/ski-resort/kyukamura-myoko-resort/","2026-07-13 | 2026-08-24","verified_operating","https://qkamura.or.jp/myoukou/ski/","2026-08-26","/myoko/mountain/kyukamura-myoko-runrun-ski-resort",""
"Niigata","Kyukamura Ski Area","kyukamuraskiarea","unresolved","wikipedia-japan-specific | wikipedia-worldwide-japan","Kyukamura Ski Area | Kyukamura Ski Area","https://en.wikipedia.org/wiki/List_of_ski_areas_and_resorts_in_Japan | https://en.wikipedia.org/wiki/List_of_ski_areas_and_resorts_in_Japan","2026-08-26 | 2026-08-26","unresolved","","","",""
"Niigata","Ludens Yuzawa","ludensyuzawa","unresolved","japan-ski-resorts-558 | skiresort-japan-directory | wikipedia-japan-specific | wikipedia-worldwide-japan","Ludens Yuzawa | Ludens Yuzawa | Ludens Yuzawa Ski Resort | Ludens Yuzawa Ski Resort","attached_assets/Japan_Ski_Resorts_558_1783900482697.xlsx | https://www.skiresort.com/en/ski-resort/ludens-yuzawa/ | https://en.wikipedia.org/wiki/List_of_ski_areas_and_resorts_in_Japan | https://en.wikipedia.org/wiki/List_of_ski_areas_and_resorts_in_Japan","2026-07-13 | 2026-08-24 | 2026-08-26 | 2026-08-26","unclear","","2026-08-26","",""
"Niigata","Madarao Kōgen Ski Area","madaraokogenskiarea","unresolved","wikipedia-japan-specific | wikipedia-worldwide-japan","Madarao Kōgen Ski Area | Madarao Kōgen Ski Area","https://www.madarao.jp/en | https://www.madarao.jp/en","2026-08-26 | 2026-08-26","unresolved","","","",""
"Niigata","Madarao Kōgen Sympathique Ski Area (Closed 2018)","madaraokogensympathiqueskiarea","unresolved","wikipedia-japan-specific | wikipedia-worldwide-japan","Madarao Kōgen Sympathique Ski Area (Closed 2018) | Madarao Kōgen Sympathique Ski Area (Closed 2018)","https://en.wikipedia.org/wiki/List_of_ski_areas_and_resorts_in_Japan | https://en.wikipedia.org/wiki/List_of_ski_areas_and_resorts_in_Japan","2026-08-26 | 2026-08-26","unresolved","","","",""
"Niigata","Madarao Kōgen Toyota Ski Area (Closed 2015)","madaraokogentoyotaskiarea","unresolved","wikipedia-japan-specific | wikipedia-worldwide-japan","Madarao Kōgen Toyota Ski Area (Closed 2015) | Madarao Kōgen Toyota Ski Area (Closed 2015)","https://en.wikipedia.org/wiki/List_of_ski_areas_and_resorts_in_Japan | https://en.wikipedia.org/wiki/List_of_ski_areas_and_resorts_in_Japan","2026-08-26 | 2026-08-26","unresolved","","","",""
"Niigata","Maiko Snow Resort","maikosnowresort","published_directly","japan-ski-resorts-558 | skiresort-japan-directory","Maiko Snow Resort | Maiko Snow Resort","attached_assets/Japan_Ski_Resorts_558_1783900482697.xlsx | https://www.skiresort.com/en/ski-resort/maiko-snow-resort/","2026-07-13 | 2026-08-24","verified_operating","https://www.maiko-resort.com/winter/","2026-08-26","/niigata-regional/mountain/maiko-snow-resort",""
"Niigata","Matsudai Family Ski Resort","matsudai","published_directly","japan-ski-resorts-558 | skiresort-japan-directory","Matsudai | Matsudai","attached_assets/Japan_Ski_Resorts_558_1783900482697.xlsx | https://www.skiresort.com/en/ski-resort/matsudai/","2026-07-13 | 2026-08-24","verified_operating","https://ski.matsudai.jp/","2026-08-26","/niigata-regional/mountain/matsudai-family-ski-resort",""
"Niigata","Matsunoyama Onsen Ski Resort","matsunoyamaonsen","published_directly","japan-ski-resorts-558 | skiresort-japan-directory | wikipedia-japan-specific | wikipedia-worldwide-japan","Matsunoyama Onsen | Matsunoyama Onsen | Matsunoyama Onsen Ski Area | Matsunoyama Onsen Ski Area","attached_assets/Japan_Ski_Resorts_558_1783900482697.xlsx | https://www.skiresort.com/en/ski-resort/matsunoyama-onsen/ | https://en.wikipedia.org/wiki/List_of_ski_areas_and_resorts_in_Japan | https://en.wikipedia.org/wiki/List_of_ski_areas_and_resorts_in_Japan","2026-07-13 | 2026-08-24 | 2026-08-26 | 2026-08-26","verified_operating","https://www.matsunoyama-ski.com/index.php","2026-08-26","/niigata-regional/mountain/matsunoyama-onsen-ski-resort",""
"Niigata","Mikawa Onsen Ski Resort","mikawaonsen","unresolved","japan-ski-resorts-558 | skiresort-japan-directory | wikipedia-japan-specific | wikipedia-worldwide-japan","Mikawa Onsen | Mikawa Onsen | Mikawa Onsen Ski Area | Mikawa Onsen Ski Area","attached_assets/Japan_Ski_Resorts_558_1783900482697.xlsx | https://www.skiresort.com/en/ski-resort/mikawa-onsen/ | https://en.wikipedia.org/wiki/List_of_ski_areas_and_resorts_in_Japan | https://en.wikipedia.org/wiki/List_of_ski_areas_and_resorts_in_Japan","2026-07-13 | 2026-08-24 | 2026-08-26 | 2026-08-26","unclear","https://niigata-kankou.or.jp/ski","2026-08-26","",""
"Niigata","Mitsumata/​Kagura/​Tashiro (Mt. Naeba)","mitsumatakaguratashiromtnaeba","unresolved","skiresort-japan-directory","Mitsumata/​Kagura/​Tashiro (Mt. Naeba)","https://www.skiresort.com/en/ski-resort/mitsumata-kagura-tashiro-mt-naeba/","2026-08-24","unresolved","","","",""
"Niigata","Mt. Grand View Ski Area","mtgrandviewskiarea","unresolved","wikipedia-japan-specific | wikipedia-worldwide-japan","Mt. Grand View Ski Area | Mt. Grand View Ski Area","https://en.wikipedia.org/wiki/List_of_ski_areas_and_resorts_in_Japan | https://en.wikipedia.org/wiki/List_of_ski_areas_and_resorts_in_Japan","2026-08-26 | 2026-08-26","unresolved","","","",""
"Niigata","Muica Snow Resort","muica","unresolved","japan-ski-resorts-558 | skiresort-japan-directory","Muica | Muica","attached_assets/Japan_Ski_Resorts_558_1783900482697.xlsx | https://www.skiresort.com/en/ski-resort/muica/","2026-07-13 | 2026-08-24","unclear","https://niigata-kankou.or.jp/ski","2026-08-26","",""
"Niigata","Muikamachi Hakkaisan Ski Resort","muikamachihakkaisan","unresolved","japan-ski-resorts-558 | skiresort-japan-directory | wikipedia-japan-specific | wikipedia-worldwide-japan","Muikamachi Hakkaisan | Muikamachi Hakkaisan | Muikamachi Hakkaisan Ski Area | Muikamachi Hakkaisan Ski Area","attached_assets/Japan_Ski_Resorts_558_1783900482697.xlsx | https://www.skiresort.com/en/ski-resort/muikamachi-hakkaisan/ | https://en.wikipedia.org/wiki/List_of_ski_areas_and_resorts_in_Japan | https://en.wikipedia.org/wiki/List_of_ski_areas_and_resorts_in_Japan","2026-07-13 | 2026-08-24 | 2026-08-26 | 2026-08-26","unclear","https://niigata-kankou.or.jp/ski","2026-08-26","",""
"Niigata","Muikamachi Minami Ski Area","muikamachiminamiskiarea","unresolved","wikipedia-japan-specific | wikipedia-worldwide-japan","Muikamachi Minami Ski Area | Muikamachi Minami Ski Area","https://en.wikipedia.org/wiki/List_of_ski_areas_and_resorts_in_Japan | https://en.wikipedia.org/wiki/List_of_ski_areas_and_resorts_in_Japan","2026-08-26 | 2026-08-26","unresolved","","","",""
"Niigata","Myōkō Ski Park","myokoskipark","unresolved","wikipedia-japan-specific | wikipedia-worldwide-japan","Myōkō Ski Park | Myōkō Ski Park","https://en.wikipedia.org/wiki/List_of_ski_areas_and_resorts_in_Japan | https://en.wikipedia.org/wiki/List_of_ski_areas_and_resorts_in_Japan","2026-08-26 | 2026-08-26","unresolved","","","",""
"Niigata","Myoko Suginohara Ski Resort","myokosuginohara","published_directly","japan-ski-resorts-558 | skiresort-japan-directory | wikipedia-japan-specific | wikipedia-worldwide-japan","Myoko Suginohara | Myoko Suginohara | Suginohara Ski Area – Possesses the longest run in Japan (8.5 km) | Suginohara Ski Area – Possesses the longest run in Japan (8.5 km)","attached_assets/Japan_Ski_Resorts_558_1783900482697.xlsx | https://www.skiresort.com/en/ski-resort/myoko-suginohara/ | https://en.wikipedia.org/wiki/List_of_ski_areas_and_resorts_in_Japan | https://en.wikipedia.org/wiki/List_of_ski_areas_and_resorts_in_Japan","2026-07-13 | 2026-08-24 | 2026-08-26 | 2026-08-26","unclear","https://niigata-kankou.or.jp/ski","2026-08-26","/myoko/mountain/myoko-suginohara",""
"Niigata","Myōkōkogen Ski Resorts - includes ski areas in both Niigata and Nagano","myokokogenskiresortsincludesskiareasinbothniigataandnagano","unresolved","wikipedia-japan-specific | wikipedia-worldwide-japan","Myōkōkogen Ski Resorts - includes ski areas in both Niigata and Nagano | Myōkōkogen Ski Resorts - includes ski areas in both Niigata and Nagano","https://en.wikipedia.org/wiki/Myōkō,_Niigata | https://en.wikipedia.org/wiki/Myōkō,_Niigata","2026-08-26 | 2026-08-26","unresolved","","","",""
"Niigata","Naeba Ski Resort","naebamtnaeba","published_directly","japan-ski-resorts-558 | skiresort-japan-directory | wikipedia-japan-specific | wikipedia-worldwide-japan","Naeba (Mt. Naeba) | Naeba (Mt. Naeba) | Mt. Naeba | Mt. Naeba","attached_assets/Japan_Ski_Resorts_558_1783900482697.xlsx | https://www.skiresort.com/en/ski-resort/naeba-mt-naeba/ | https://en.wikipedia.org/wiki/Naeba | https://en.wikipedia.org/wiki/Naeba","2026-07-13 | 2026-08-24 | 2026-08-26 | 2026-08-26","verified_operating","https://www.princehotels.co.jp/ski/naeba/winter/","2026-08-26","/yuzawa/mountain/naeba",""
"Niigata","Naeba Ski Resort – With the longest aerial lift in Japan, .","naebaskiresortwiththelongestaerialliftinjapan","unresolved","wikipedia-japan-specific | wikipedia-worldwide-japan","Naeba Ski Resort – With the longest aerial lift in Japan, . | Naeba Ski Resort – With the longest aerial lift in Japan, .","https://en.wikipedia.org/wiki/Dragondola | https://en.wikipedia.org/wiki/Dragondola","2026-08-26 | 2026-08-26","unresolved","","","",""
"Niigata","Nagaoka City Ski Area","nagaokacityskiarea","unresolved","wikipedia-japan-specific | wikipedia-worldwide-japan","Nagaoka City Ski Area | Nagaoka City Ski Area","https://en.wikipedia.org/wiki/Nagaoka,_Niigata | https://en.wikipedia.org/wiki/Nagaoka,_Niigata","2026-08-26 | 2026-08-26","unresolved","","","",""
"Niigata","Nagaoka Country Club Ski Area","nagaokacountryclubskiarea","unresolved","wikipedia-japan-specific | wikipedia-worldwide-japan","Nagaoka Country Club Ski Area | Nagaoka Country Club Ski Area","https://en.wikipedia.org/wiki/List_of_ski_areas_and_resorts_in_Japan | https://en.wikipedia.org/wiki/List_of_ski_areas_and_resorts_in_Japan","2026-08-26 | 2026-08-26","unresolved","","","",""
"Niigata","Nagaoka Municipal Ski Area","nagaokashiei","published_directly","japan-ski-resorts-558 | skiresort-japan-directory","Nagaoka Shiei | Nagaoka Shiei","attached_assets/Japan_Ski_Resorts_558_1783900482697.xlsx | https://www.skiresort.com/en/ski-resort/nagaoka-shiei/","2026-07-13 | 2026-08-24","verified_operating","http://www.shiei-ski.com/ski/","2026-08-26","/niigata-regional/mountain/nagaoka-municipal-ski-area",""
"Niigata","Nakajō Katsura Ski Area","nakajokatsuraskiarea","unresolved","wikipedia-japan-specific | wikipedia-worldwide-japan","Nakajō Katsura Ski Area | Nakajō Katsura Ski Area","https://en.wikipedia.org/wiki/List_of_ski_areas_and_resorts_in_Japan | https://en.wikipedia.org/wiki/List_of_ski_areas_and_resorts_in_Japan","2026-08-26 | 2026-08-26","unresolved","","","",""
"Niigata","Nakajō Town Ski Area","nakajotownskiarea","unresolved","wikipedia-japan-specific | wikipedia-worldwide-japan","Nakajō Town Ski Area | Nakajō Town Ski Area","https://en.wikipedia.org/wiki/List_of_ski_areas_and_resorts_in_Japan | https://en.wikipedia.org/wiki/List_of_ski_areas_and_resorts_in_Japan","2026-08-26 | 2026-08-26","unresolved","","","",""
"Niigata","Nakamine Ski Area","nakamineskiarea","unresolved","wikipedia-japan-specific | wikipedia-worldwide-japan","Nakamine Ski Area | Nakamine Ski Area","https://en.wikipedia.org/wiki/List_of_ski_areas_and_resorts_in_Japan | https://en.wikipedia.org/wiki/List_of_ski_areas_and_resorts_in_Japan","2026-08-26 | 2026-08-26","unresolved","","","",""
"Niigata","Nakasato Kiyotsu","nakasatokiyotsu","unresolved","japan-ski-resorts-558 | skiresort-japan-directory | wikipedia-japan-specific | wikipedia-worldwide-japan","Nakasato Kiyotsu | Nakasato Kiyotsu (temporarily closed) | Nakasato Kiyotsu Ski Area | Nakasato Kiyotsu Ski Area","attached_assets/Japan_Ski_Resorts_558_1783900482697.xlsx | https://www.skiresort.com/en/ski-resort/nakasato-kiyotsu/ | https://en.wikipedia.org/wiki/List_of_ski_areas_and_resorts_in_Japan | https://en.wikipedia.org/wiki/List_of_ski_areas_and_resorts_in_Japan","2026-07-13 | 2026-08-24 | 2026-08-26 | 2026-08-26","unresolved","","","",""
"Niigata","Nakasato Snow Wood Ski Area","nakasatosnowwoodskiarea","unresolved","wikipedia-japan-specific | wikipedia-worldwide-japan","Nakasato Snow Wood Ski Area | Nakasato Snow Wood Ski Area","https://en.wikipedia.org/wiki/List_of_ski_areas_and_resorts_in_Japan | https://en.wikipedia.org/wiki/List_of_ski_areas_and_resorts_in_Japan","2026-08-26 | 2026-08-26","unresolved","","","",""
"Niigata","Nakazato Snow Wood Ski Resort","nakazatosnowwood","unresolved","japan-ski-resorts-558 | skiresort-japan-directory","Nakazato Snow Wood | Nakazato Snow Wood","attached_assets/Japan_Ski_Resorts_558_1783900482697.xlsx | https://www.skiresort.com/en/ski-resort/nakazato-snow-wood/","2026-07-13 | 2026-08-24","unclear","https://niigata-kankou.or.jp/ski","2026-08-26","",""
"Niigata","NASPA Ski Garden","naspaskigarden","unresolved","japan-ski-resorts-558 | skiresort-japan-directory | wikipedia-japan-specific | wikipedia-worldwide-japan","Naspa Ski Garden | Naspa Ski Garden | Naspa Ski Garden | Naspa Ski Garden","attached_assets/Japan_Ski_Resorts_558_1783900482697.xlsx | https://www.skiresort.com/en/ski-resort/naspa-ski-garden/ | https://en.wikipedia.org/wiki/List_of_ski_areas_and_resorts_in_Japan | https://en.wikipedia.org/wiki/List_of_ski_areas_and_resorts_in_Japan","2026-07-13 | 2026-08-24 | 2026-08-26 | 2026-08-26","unclear","https://niigata-kankou.or.jp/ski","2026-08-26","",""
"Niigata","National Park Resort Villages Myōkō Ski Area","nationalparkresortvillagesmyokoskiarea","unresolved","wikipedia-japan-specific | wikipedia-worldwide-japan","National Park Resort Villages Myōkō Ski Area | National Park Resort Villages Myōkō Ski Area","https://en.wikipedia.org/wiki/List_of_ski_areas_and_resorts_in_Japan | https://en.wikipedia.org/wiki/List_of_ski_areas_and_resorts_in_Japan","2026-08-26 | 2026-08-26","unresolved","","","",""
"Niigata","New Greenpia Tsunan Ski Resort","greenpiatsunan","unresolved","japan-ski-resorts-558 | skiresort-japan-directory | wikipedia-japan-specific | wikipedia-worldwide-japan","Greenpia Tsunan | Greenpia Tsunan | New Greenpia Tsunan Ski Area | New Greenpia Tsunan Ski Area","attached_assets/Japan_Ski_Resorts_558_1783900482697.xlsx | https://www.skiresort.com/en/ski-resort/greenpia-tsunan/ | https://en.wikipedia.org/wiki/List_of_ski_areas_and_resorts_in_Japan | https://en.wikipedia.org/wiki/List_of_ski_areas_and_resorts_in_Japan","2026-07-13 | 2026-08-24 | 2026-08-26 | 2026-08-26","unclear","https://niigata-kankou.or.jp/ski","2026-08-26","",""
"Niigata","Ninox Snow Park","ninohjisnowparkninox","unresolved","japan-ski-resorts-558 | skiresort-japan-directory | wikipedia-japan-specific | wikipedia-worldwide-japan","Ninohji Snow Park Ninox | Ninohji Snow Park Ninox | Ninohji Snow Park Ninox | Ninohji Snow Park Ninox","attached_assets/Japan_Ski_Resorts_558_1783900482697.xlsx | https://www.skiresort.com/en/ski-resort/ninohji-snow-park-ninox/ | https://en.wikipedia.org/wiki/List_of_ski_areas_and_resorts_in_Japan | https://en.wikipedia.org/wiki/List_of_ski_areas_and_resorts_in_Japan","2026-07-13 | 2026-08-24 | 2026-08-26 | 2026-08-26","unclear","https://niigata-kankou.or.jp/ski","2026-08-26","",""
"Niigata","Ojiya Ski Area","ojiyaskiarea","unresolved","wikipedia-japan-specific | wikipedia-worldwide-japan","Ojiya Ski Area | Ojiya Ski Area","https://en.wikipedia.org/wiki/List_of_ski_areas_and_resorts_in_Japan | https://en.wikipedia.org/wiki/List_of_ski_areas_and_resorts_in_Japan","2026-08-26 | 2026-08-26","unresolved","","","",""
"Niigata","Ojiya Yamamotoyama Kogen","ojiyayamamotoyamakogen","unresolved","japan-ski-resorts-558 | skiresort-japan-directory","Ojiya Yamamotoyama Kogen | Ojiya Yamamotoyama Kogen","attached_assets/Japan_Ski_Resorts_558_1783900482697.xlsx | https://www.skiresort.com/en/ski-resort/ojiya-yamamotoyama-kogen/","2026-07-13 | 2026-08-24","unclear","","2026-08-26","",""
"Niigata","Okutadami Maruyama Ski Resort","okutadamimaruyama","published_directly","japan-ski-resorts-558 | skiresort-japan-directory | wikipedia-japan-specific | wikipedia-worldwide-japan","Okutadami Maruyama | Okutadami Maruyama | Oku Tadami Maruyama Ski Area | Oku Tadami Maruyama Ski Area","attached_assets/Japan_Ski_Resorts_558_1783900482697.xlsx | https://www.skiresort.com/en/ski-resort/okutadami-maruyama/ | https://en.wikipedia.org/wiki/List_of_ski_areas_and_resorts_in_Japan | https://en.wikipedia.org/wiki/List_of_ski_areas_and_resorts_in_Japan","2026-07-13 | 2026-08-24 | 2026-08-26 | 2026-08-26","verified_operating","https://www.okutadami.co.jp/ski/","2026-08-26","/niigata-regional/mountain/okutadami-maruyama-ski-resort",""
"Niigata","Oyu Onsen","oyuonsen","unresolved","japan-ski-resorts-558 | skiresort-japan-directory | wikipedia-japan-specific | wikipedia-worldwide-japan","Oyu Onsen | Oyu Onsen | Ōyu Onsen Ski Area | Ōyu Onsen Ski Area","attached_assets/Japan_Ski_Resorts_558_1783900482697.xlsx | https://www.skiresort.com/en/ski-resort/oyu-onsen/ | https://en.wikipedia.org/wiki/List_of_ski_areas_and_resorts_in_Japan | https://en.wikipedia.org/wiki/List_of_ski_areas_and_resorts_in_Japan","2026-07-13 | 2026-08-24 | 2026-08-26 | 2026-08-26","unclear","","2026-08-26","",""
"Niigata","Panorama Park Ski Area (Closed 1996)","panoramaparkskiarea","unresolved","wikipedia-japan-specific | wikipedia-worldwide-japan","Panorama Park Ski Area (Closed 1996) | Panorama Park Ski Area (Closed 1996)","https://en.wikipedia.org/wiki/List_of_ski_areas_and_resorts_in_Japan | https://en.wikipedia.org/wiki/List_of_ski_areas_and_resorts_in_Japan","2026-08-26 | 2026-08-26","unresolved","","","",""
"Niigata","Pine Ridge Resorts Kandatsu Ski Area","pineridgeresortskandatsuskiarea","unresolved","wikipedia-japan-specific | wikipedia-worldwide-japan","Pine Ridge Resorts Kandatsu Ski Area | Pine Ridge Resorts Kandatsu Ski Area","https://en.wikipedia.org/wiki/List_of_ski_areas_and_resorts_in_Japan | https://en.wikipedia.org/wiki/List_of_ski_areas_and_resorts_in_Japan","2026-08-26 | 2026-08-26","unresolved","","","",""
"Niigata","Seki Onsen Ski Resort","sekionsen","published_directly","japan-ski-resorts-558 | skiresort-japan-directory | wikipedia-japan-specific | wikipedia-worldwide-japan","Seki Onsen | Seki Onsen | Seki Onsen Ski Area | Seki Onsen Ski Area","attached_assets/Japan_Ski_Resorts_558_1783900482697.xlsx | https://www.skiresort.com/en/ski-resort/seki-onsen/ | https://en.wikipedia.org/wiki/List_of_ski_areas_and_resorts_in_Japan | https://en.wikipedia.org/wiki/List_of_ski_areas_and_resorts_in_Japan","2026-07-13 | 2026-08-24 | 2026-08-26 | 2026-08-26","unclear","https://niigata-kankou.or.jp/ski","2026-08-26","/myoko/mountain/seki-onsen",""
"Niigata","Sportscom Urasa Kokusai Ski Area","sportscomurasakokusaiskiarea","unresolved","wikipedia-japan-specific | wikipedia-worldwide-japan","Sportscom Urasa Kokusai Ski Area | Sportscom Urasa Kokusai Ski Area","https://en.wikipedia.org/wiki/List_of_ski_areas_and_resorts_in_Japan | https://en.wikipedia.org/wiki/List_of_ski_areas_and_resorts_in_Japan","2026-08-26 | 2026-08-26","unresolved","","","",""
"Niigata","Sugihara Ski Area","sugiharaskiarea","unresolved","wikipedia-japan-specific | wikipedia-worldwide-japan","Sugihara Ski Area | Sugihara Ski Area","https://en.wikipedia.org/wiki/List_of_ski_areas_and_resorts_in_Japan | https://en.wikipedia.org/wiki/List_of_ski_areas_and_resorts_in_Japan","2026-08-26 | 2026-08-26","unresolved","","","",""
"Niigata","Suhara Ski Resort","suhara","published_directly","japan-ski-resorts-558 | skiresort-japan-directory","Suhara | Suhara","attached_assets/Japan_Ski_Resorts_558_1783900482697.xlsx | https://www.skiresort.com/en/ski-resort/suhara/","2026-07-13 | 2026-08-24","verified_operating","https://www.suhara-ski.com/2026/03/8963.html","2026-08-26","/niigata-regional/mountain/suhara-ski-resort",""
"Niigata","Tainai Ski Resort","tainai","unresolved","japan-ski-resorts-558 | skiresort-japan-directory | wikipedia-japan-specific | wikipedia-worldwide-japan","Tainai | Tainai | Tainai Ski Area (Closed 2020) | Tainai Ski Area (Closed 2020)","attached_assets/Japan_Ski_Resorts_558_1783900482697.xlsx | https://www.skiresort.com/en/ski-resort/tainai/ | https://en.wikipedia.org/wiki/List_of_ski_areas_and_resorts_in_Japan | https://en.wikipedia.org/wiki/List_of_ski_areas_and_resorts_in_Japan","2026-07-13 | 2026-08-24 | 2026-08-26 | 2026-08-26","unclear","https://niigata-kankou.or.jp/ski","2026-08-26","",""
"Niigata","Tangram Ski Circus","tangramskicircus","unresolved","wikipedia-japan-specific | wikipedia-worldwide-japan","Tangram Ski Circus | Tangram Ski Circus","https://en.wikipedia.org/wiki/List_of_ski_areas_and_resorts_in_Japan | https://en.wikipedia.org/wiki/List_of_ski_areas_and_resorts_in_Japan","2026-08-26 | 2026-08-26","unresolved","","","",""
"Niigata","Tochio Family Resort","tochiofamilyresort","unresolved","japan-ski-resorts-558 | skiresort-japan-directory | wikipedia-japan-specific | wikipedia-worldwide-japan","Tochio Family Resort | Tochio Family Resort | Tochio Family Ski Area | Tochio Family Ski Area","attached_assets/Japan_Ski_Resorts_558_1783900482697.xlsx | https://www.skiresort.com/en/ski-resort/tochio-family-resort/ | https://en.wikipedia.org/wiki/List_of_ski_areas_and_resorts_in_Japan | https://en.wikipedia.org/wiki/List_of_ski_areas_and_resorts_in_Japan","2026-07-13 | 2026-08-24 | 2026-08-26 | 2026-08-26","unclear","","2026-08-26","",""
"Niigata","Tōkamachi City Matsudai Family Ski Area","tokamachicitymatsudaifamilyskiarea","unresolved","wikipedia-japan-specific | wikipedia-worldwide-japan","Tōkamachi City Matsudai Family Ski Area | Tōkamachi City Matsudai Family Ski Area","https://en.wikipedia.org/wiki/Tōkamachi,_Niigata | https://en.wikipedia.org/wiki/Tōkamachi,_Niigata","2026-08-26 | 2026-08-26","unresolved","","","",""
"Niigata","Tōkamachi City Ski Area","tokamachicityskiarea","unresolved","wikipedia-japan-specific | wikipedia-worldwide-japan","Tōkamachi City Ski Area | Tōkamachi City Ski Area","https://en.wikipedia.org/wiki/List_of_ski_areas_and_resorts_in_Japan | https://en.wikipedia.org/wiki/List_of_ski_areas_and_resorts_in_Japan","2026-08-26 | 2026-08-26","unresolved","","","",""
"Niigata","Tsubame Onsen Ski Area (shut down)","tsubameonsenskiarea","unresolved","wikipedia-japan-specific | wikipedia-worldwide-japan","Tsubame Onsen Ski Area (shut down) | Tsubame Onsen Ski Area (shut down)","https://en.wikipedia.org/wiki/List_of_ski_areas_and_resorts_in_Japan | https://en.wikipedia.org/wiki/List_of_ski_areas_and_resorts_in_Japan","2026-08-26 | 2026-08-26","unresolved","","","",""
"Niigata","Tsuchitaru","tsuchitaru","unresolved","japan-ski-resorts-558 | skiresort-japan-directory","Tsuchitaru | Tsuchitaru (temporarily closed)","attached_assets/Japan_Ski_Resorts_558_1783900482697.xlsx | https://www.skiresort.com/en/ski-resort/tsuchitaru/","2026-07-13 | 2026-08-24","unresolved","","","",""
"Niigata","Tsunan","tsunan","unresolved","japan-ski-resorts-558 | skiresort-japan-directory | wikipedia-japan-specific | wikipedia-worldwide-japan","Tsunan | Tsunan | Mountain Park Tsunan Ski Area | Mountain Park Tsunan Ski Area","attached_assets/Japan_Ski_Resorts_558_1783900482697.xlsx | https://www.skiresort.com/en/ski-resort/tsunan/ | https://en.wikipedia.org/wiki/List_of_ski_areas_and_resorts_in_Japan | https://en.wikipedia.org/wiki/List_of_ski_areas_and_resorts_in_Japan","2026-07-13 | 2026-08-24 | 2026-08-26 | 2026-08-26","unclear","","2026-08-26","",""
"Niigata","Tsunogami","tsunogami","unresolved","japan-ski-resorts-558 | skiresort-japan-directory | wikipedia-japan-specific | wikipedia-worldwide-japan","Tsunogami | Tsunogami | Tsunogami Ski Area | Tsunogami Ski Area","attached_assets/Japan_Ski_Resorts_558_1783900482697.xlsx | https://www.skiresort.com/en/ski-resort/tsunogami/ | https://en.wikipedia.org/wiki/List_of_ski_areas_and_resorts_in_Japan | https://en.wikipedia.org/wiki/List_of_ski_areas_and_resorts_in_Japan","2026-07-13 | 2026-08-24 | 2026-08-26 | 2026-08-26","unclear","","2026-08-26","",""
"Niigata","Ugawa Ski Area","ugawaskiarea","unresolved","wikipedia-japan-specific | wikipedia-worldwide-japan","Ugawa Ski Area | Ugawa Ski Area","https://en.wikipedia.org/wiki/List_of_ski_areas_and_resorts_in_Japan | https://en.wikipedia.org/wiki/List_of_ski_areas_and_resorts_in_Japan","2026-08-26 | 2026-08-26","unresolved","","","",""
"Niigata","Uonuma City Ōhara Ski Area","uonumacityoharaskiarea","unresolved","wikipedia-japan-specific | wikipedia-worldwide-japan","Uonuma City Ōhara Ski Area | Uonuma City Ōhara Ski Area","https://en.wikipedia.org/wiki/Uonuma,_Niigata | https://en.wikipedia.org/wiki/Uonuma,_Niigata","2026-08-26 | 2026-08-26","unresolved","","","",""
"Niigata","Urasa Kokusai","urasakokusai","unresolved","japan-ski-resorts-558 | skiresort-japan-directory","Urasa Kokusai | Urasa Kokusai","attached_assets/Japan_Ski_Resorts_558_1783900482697.xlsx | https://www.skiresort.com/en/ski-resort/urasa-kokusai/","2026-07-13 | 2026-08-24","unclear","","2026-08-26","",""
"Niigata","Urasa Ski Area","urasaskiarea","unresolved","wikipedia-japan-specific | wikipedia-worldwide-japan","Urasa Ski Area | Urasa Ski Area","https://en.wikipedia.org/wiki/List_of_ski_areas_and_resorts_in_Japan | https://en.wikipedia.org/wiki/List_of_ski_areas_and_resorts_in_Japan","2026-08-26 | 2026-08-26","unresolved","","","",""
"Niigata","Wakabuna Kōgen Ski Area","wakabunakogenskiarea","unresolved","wikipedia-japan-specific | wikipedia-worldwide-japan","Wakabuna Kōgen Ski Area | Wakabuna Kōgen Ski Area","https://en.wikipedia.org/wiki/List_of_ski_areas_and_resorts_in_Japan | https://en.wikipedia.org/wiki/List_of_ski_areas_and_resorts_in_Japan","2026-08-26 | 2026-08-26","unresolved","","","",""
"Niigata","Wonder Valley Sado Ski Area","wondervalleysadoskiarea","unresolved","wikipedia-japan-specific | wikipedia-worldwide-japan","Wonder Valley Sado Ski Area | Wonder Valley Sado Ski Area","https://en.wikipedia.org/wiki/List_of_ski_areas_and_resorts_in_Japan | https://en.wikipedia.org/wiki/List_of_ski_areas_and_resorts_in_Japan","2026-08-26 | 2026-08-26","unresolved","","","",""
"Niigata","Yakeyama Onsen","yakeyamaonsen","unresolved","japan-ski-resorts-558 | skiresort-japan-directory | wikipedia-japan-specific | wikipedia-worldwide-japan","Yakeyama Onsen | Yakeyama Onsen | Yakeyama Onsen Ski Area | Yakeyama Onsen Ski Area","attached_assets/Japan_Ski_Resorts_558_1783900482697.xlsx | https://www.skiresort.com/en/ski-resort/yakeyama-onsen/ | https://en.wikipedia.org/wiki/List_of_ski_areas_and_resorts_in_Japan | https://en.wikipedia.org/wiki/List_of_ski_areas_and_resorts_in_Japan","2026-07-13 | 2026-08-24 | 2026-08-26 | 2026-08-26","unclear","","2026-08-26","",""
"Niigata","Yakushi Ski Resort","yunotaniyakushi","published_directly","japan-ski-resorts-558 | skiresort-japan-directory | wikipedia-japan-specific | wikipedia-worldwide-japan","Yunotani Yakushi | Yunotani Yakushi | Yakushi Ski Area | Yakushi Ski Area","attached_assets/Japan_Ski_Resorts_558_1783900482697.xlsx | https://www.skiresort.com/en/ski-resort/yunotani-yakushi/ | https://en.wikipedia.org/wiki/List_of_ski_areas_and_resorts_in_Japan | https://en.wikipedia.org/wiki/List_of_ski_areas_and_resorts_in_Japan","2026-07-13 | 2026-08-24 | 2026-08-26 | 2026-08-26","verified_operating","https://yakushi-ski.com/","2026-08-26","/niigata-regional/mountain/yakushi-ski-resort",""
"Niigata","Yasuda Chomin","yasudachomin","unresolved","japan-ski-resorts-558 | skiresort-japan-directory","Yasuda Chomin | Yasuda Chomin","attached_assets/Japan_Ski_Resorts_558_1783900482697.xlsx | https://www.skiresort.com/en/ski-resort/yasuda-chomin/","2026-07-13 | 2026-08-24","unclear","","2026-08-26","",""
"Niigata","Yasuda Town Ski Area","yasudatownskiarea","unresolved","wikipedia-japan-specific | wikipedia-worldwide-japan","Yasuda Town Ski Area | Yasuda Town Ski Area","https://en.wikipedia.org/wiki/List_of_ski_areas_and_resorts_in_Japan | https://en.wikipedia.org/wiki/List_of_ski_areas_and_resorts_in_Japan","2026-08-26 | 2026-08-26","unresolved","","","",""
"Niigata","Yoshikawa Rokkakuyama Ski Area","yoshikawarokkakuyamaskiarea","unresolved","wikipedia-japan-specific | wikipedia-worldwide-japan","Yoshikawa Rokkakuyama Ski Area | Yoshikawa Rokkakuyama Ski Area","https://en.wikipedia.org/wiki/List_of_ski_areas_and_resorts_in_Japan | https://en.wikipedia.org/wiki/List_of_ski_areas_and_resorts_in_Japan","2026-08-26 | 2026-08-26","unresolved","","","",""
"Niigata","Yūkyūzan Ski Area","yukyuzanskiarea","unresolved","wikipedia-japan-specific | wikipedia-worldwide-japan","Yūkyūzan Ski Area | Yūkyūzan Ski Area","https://en.wikipedia.org/wiki/List_of_ski_areas_and_resorts_in_Japan | https://en.wikipedia.org/wiki/List_of_ski_areas_and_resorts_in_Japan","2026-08-26 | 2026-08-26","unresolved","","","",""
"Niigata","Yuzawa Kogen","yuzawakogengalayuzawaishiuchimaruyama","covered_by_multiple_pages","skiresort-japan-directory","Yuzawa Kogen/​Gala Yuzawa/​​Ishiuchi Maruyama","https://www.skiresort.com/en/ski-resort/yuzawa-kogen-gala-yuzawa-ishiuchi-maruyama/","2026-08-24","unresolved","","","/yuzawa/mountain/yuzawa-kogen | /yuzawa/mountain/gala-yuzawa | /yuzawa/mountain/ishiuchi-maruyama","One discovery identity intentionally reconciles to multiple operating-area pages."
"Niigata","Yuzawa Kogen Ski Resort","yuzawakogen","published_directly","japan-ski-resorts-558 | wikipedia-japan-specific | wikipedia-worldwide-japan","Yuzawa Kogen | Yuzawa Kōgen Ski Area | Yuzawa Kōgen Ski Area","attached_assets/Japan_Ski_Resorts_558_1783900482697.xlsx | https://snow.tohokukanko.jp/en/resorts/detail_yuzawa-kogen.html | https://snow.tohokukanko.jp/en/resorts/detail_yuzawa-kogen.html","2026-07-13 | 2026-08-26 | 2026-08-26","unclear","https://niigata-kankou.or.jp/ski","2026-08-26","/yuzawa/mountain/yuzawa-kogen",""
"Niigata","Yuzawa Nakazato Snow Resort","yuzawanakazato","unresolved","japan-ski-resorts-558 | skiresort-japan-directory | wikipedia-japan-specific | wikipedia-worldwide-japan","Yuzawa Nakazato | Yuzawa Nakazato | Yuzawa Nakazato Ski Area | Yuzawa Nakazato Ski Area","attached_assets/Japan_Ski_Resorts_558_1783900482697.xlsx | https://www.skiresort.com/en/ski-resort/yuzawa-nakazato/ | https://en.wikipedia.org/wiki/List_of_ski_areas_and_resorts_in_Japan | https://en.wikipedia.org/wiki/List_of_ski_areas_and_resorts_in_Japan","2026-07-13 | 2026-08-24 | 2026-08-26 | 2026-08-26","unclear","https://niigata-kankou.or.jp/ski","2026-08-26","",""
"Niigata","Yuzawa Park Ski Resort","yuzawapark","published_directly","japan-ski-resorts-558 | skiresort-japan-directory | wikipedia-japan-specific | wikipedia-worldwide-japan","Yuzawa Park | Yuzawa Park | Yuzawa Park Ski Area | Yuzawa Park Ski Area","attached_assets/Japan_Ski_Resorts_558_1783900482697.xlsx | https://www.skiresort.com/en/ski-resort/yuzawa-park/ | https://en.wikipedia.org/wiki/List_of_ski_areas_and_resorts_in_Japan | https://en.wikipedia.org/wiki/List_of_ski_areas_and_resorts_in_Japan","2026-07-13 | 2026-08-24 | 2026-08-26 | 2026-08-26","verified_operating","https://www.park-resort.com/ski/","2026-08-26","/yuzawa/mountain/yuzawa-park-ski-resort",""
"Oita","Kujū Shinrin Kōen Ski Area","kujushinrinkoenskiarea","unresolved","wikipedia-japan-specific | wikipedia-worldwide-japan","Kujū Shinrin Kōen Ski Area | Kujū Shinrin Kōen Ski Area","https://en.wikipedia.org/wiki/List_of_ski_areas_and_resorts_in_Japan | https://en.wikipedia.org/wiki/List_of_ski_areas_and_resorts_in_Japan","2026-08-26 | 2026-08-26","unresolved","","","",""
"Oita","Kujyumachi","kujyumachi","unresolved","japan-ski-resorts-558","Kujyumachi","attached_assets/Japan_Ski_Resorts_558_1783900482697.xlsx","2026-07-13","unclear","","2026-08-26","",""
"Okayama","Chiya Ski Area","chiyaskiarea","unresolved","wikipedia-japan-specific | wikipedia-worldwide-japan","Chiya Ski Area | Chiya Ski Area","https://en.wikipedia.org/wiki/List_of_ski_areas_and_resorts_in_Japan | https://en.wikipedia.org/wiki/List_of_ski_areas_and_resorts_in_Japan","2026-08-26 | 2026-08-26","unresolved","","","",""
"Okayama","Hiruzen Bear Valley","hiruzenbearvalley","unresolved","japan-ski-resorts-558 | skiresort-japan-directory | wikipedia-japan-specific | wikipedia-worldwide-japan","Hiruzen Bear Valley | Hiruzen Bear Valley | Hiruzen Bear Valley Ski Area | Hiruzen Bear Valley Ski Area","attached_assets/Japan_Ski_Resorts_558_1783900482697.xlsx | https://www.skiresort.com/en/ski-resort/hiruzen-bear-valley/ | https://en.wikipedia.org/wiki/List_of_ski_areas_and_resorts_in_Japan | https://en.wikipedia.org/wiki/List_of_ski_areas_and_resorts_in_Japan","2026-07-13 | 2026-08-24 | 2026-08-26 | 2026-08-26","unclear","","2026-08-26","",""
"Okayama","Ibuki no Sato Ski Area","ibukinosato","published_directly","japan-ski-resorts-558 | skiresort-japan-directory | wikipedia-japan-specific | wikipedia-worldwide-japan","Ibuki no Sato | Ibuki no Sato | Ibuki no Sato Ski Area | Ibuki no Sato Ski Area","attached_assets/Japan_Ski_Resorts_558_1783900482697.xlsx | https://www.skiresort.com/en/ski-resort/ibuki-no-sato/ | https://en.wikipedia.org/wiki/List_of_ski_areas_and_resorts_in_Japan | https://en.wikipedia.org/wiki/List_of_ski_areas_and_resorts_in_Japan","2026-07-13 | 2026-08-24 | 2026-08-26 | 2026-08-26","verified_operating","https://www.ibukinosato.co.jp/post/2025-26%E3%82%A6%E3%82%A4%E3%83%B3%E3%82%BF%E3%83%BC%E3%82%B7%E3%83%BC%E3%82%BA%E3%83%B3%E5%96%B6%E6%A5%AD%E7%B5%82%E4%BA%86%E3%81%AE%E3%81%8A%E7%9F%A5%E3%82%89%E3%81%9B","2026-08-26","/chugoku-ski-areas/mountain/ibuki-no-sato-ski-area",""
"Okayama","Kamihiruzen","kamihiruzen","unresolved","japan-ski-resorts-558 | skiresort-japan-directory","Kamihiruzen | Kamihiruzen","attached_assets/Japan_Ski_Resorts_558_1783900482697.xlsx | https://www.skiresort.com/en/ski-resort/kamihiruzen/","2026-07-13 | 2026-08-24","unclear","","2026-08-26","",""
"Okayama","Ogaya","ogaya","unresolved","japan-ski-resorts-558 | skiresort-japan-directory","Ogaya | Ogaya","attached_assets/Japan_Ski_Resorts_558_1783900482697.xlsx | https://www.skiresort.com/en/ski-resort/ogaya/","2026-07-13 | 2026-08-24","unclear","","2026-08-26","",""
"Okayama","Onbara Kogen","onbarakogen","unresolved","japan-ski-resorts-558 | skiresort-japan-directory | wikipedia-japan-specific | wikipedia-worldwide-japan","Onbara Kogen | Onbara Kogen | Onbara Kōgen Ski Area | Onbara Kōgen Ski Area","attached_assets/Japan_Ski_Resorts_558_1783900482697.xlsx | https://www.skiresort.com/en/ski-resort/onbara-kogen/ | https://en.wikipedia.org/wiki/List_of_ski_areas_and_resorts_in_Japan | https://en.wikipedia.org/wiki/List_of_ski_areas_and_resorts_in_Japan","2026-07-13 | 2026-08-24 | 2026-08-26 | 2026-08-26","unclear","","2026-08-26","",""
"Okayama","Shingo Daiichi","shingodaiichi","unresolved","japan-ski-resorts-558 | skiresort-japan-directory","Shingo Daiichi | Shingo Daiichi","attached_assets/Japan_Ski_Resorts_558_1783900482697.xlsx | https://www.skiresort.com/en/ski-resort/shingo-daiichi/","2026-07-13 | 2026-08-24","unclear","","2026-08-26","",""
"Okayama","Tsuguro Kogen","tsugurokogen","unresolved","japan-ski-resorts-558 | skiresort-japan-directory","Tsuguro Kogen | Tsuguro Kogen (temporarily closed)","attached_assets/Japan_Ski_Resorts_558_1783900482697.xlsx | https://www.skiresort.com/en/ski-resort/tsuguro-kogen/","2026-07-13 | 2026-08-24","unresolved","","","",""
"Saga","Tenzan Ski Resort","tenzanskiresort","unresolved","wikipedia-japan-specific | wikipedia-worldwide-japan","Tenzan Ski Resort | Tenzan Ski Resort","https://en.wikipedia.org/wiki/List_of_ski_areas_and_resorts_in_Japan | https://en.wikipedia.org/wiki/List_of_ski_areas_and_resorts_in_Japan","2026-08-26 | 2026-08-26","unresolved","","","",""
"Saitama","Saitama Snow Park","saitamasnowpark","out_of_scope","japan-ski-resorts-558 | skiresort-japan-directory","Saitama Snow Park | Saitama Snow Park (indoor ski area)","attached_assets/Japan_Ski_Resorts_558_1783900482697.xlsx | https://www.skiresort.com/en/ski-resort/saitama-snow-park/","2026-07-13 | 2026-08-24","unresolved","","","",""
"Saitama","Sayama","sayama","out_of_scope","japan-ski-resorts-558 | skiresort-japan-directory | wikipedia-japan-specific | wikipedia-worldwide-japan","Sayama | Sayama (indoor ski area) | Sayama Ski Resort (indoor skiing facilities only) | Sayama Ski Resort (indoor skiing facilities only)","attached_assets/Japan_Ski_Resorts_558_1783900482697.xlsx | https://www.skiresort.com/en/ski-resort/sayama/ | https://en.wikipedia.org/wiki/Indoor_skiing | https://en.wikipedia.org/wiki/Indoor_skiing","2026-07-13 | 2026-08-24 | 2026-08-26 | 2026-08-26","unresolved","","","",""
"Shiga","Akagoyama Ski Area","akagoyamaskiarea","unresolved","wikipedia-japan-specific | wikipedia-worldwide-japan","Akagoyama Ski Area | Akagoyama Ski Area","https://en.wikipedia.org/wiki/List_of_ski_areas_and_resorts_in_Japan | https://en.wikipedia.org/wiki/List_of_ski_areas_and_resorts_in_Japan","2026-08-26 | 2026-08-26","unresolved","","","",""
"Shiga","Akoyama Ski Ground Snow Pal","akoyama","published_directly","japan-ski-resorts-558 | skiresort-japan-directory","Akoyama | Akoyama","attached_assets/Japan_Ski_Resorts_558_1783900482697.xlsx | https://www.skiresort.com/en/ski-resort/akoyama/","2026-07-13 | 2026-08-24","verified_operating","https://woodypal.jp/facility/%E8%B5%A4%E5%AD%90%E5%B1%B1%E3%82%B9%E3%82%AD%E3%83%BC%E5%A0%B4-%E3%82%B9%E3%83%8E%E3%83%BC%E3%83%91%E3%83%AB/","2026-08-26","/shiga-ski-areas/mountain/akoyama-ski-ground-snow-pal",""
"Shiga","Berg Yogo","bergyogo","unresolved","wikipedia-japan-specific | wikipedia-worldwide-japan","Berg Yogo | Berg Yogo","https://en.wikipedia.org/wiki/List_of_ski_areas_and_resorts_in_Japan | https://en.wikipedia.org/wiki/List_of_ski_areas_and_resorts_in_Japan","2026-08-26 | 2026-08-26","unresolved","","","",""
"Shiga","Beruku Yogo","berukuyogo","unresolved","japan-ski-resorts-558 | skiresort-japan-directory","Beruku Yogo | Beruku Yogo (temporarily closed)","attached_assets/Japan_Ski_Resorts_558_1783900482697.xlsx | https://www.skiresort.com/en/ski-resort/beruku-yogo/","2026-07-13 | 2026-08-24","unresolved","","","",""
"Shiga","Biwako Hakodateyama Ski Area","hakodateyama","published_directly","japan-ski-resorts-558 | skiresort-japan-directory | wikipedia-japan-specific | wikipedia-worldwide-japan","Hakodateyama | Hakodateyama | Hakodateyama Ski Area | Hakodateyama Ski Area","attached_assets/Japan_Ski_Resorts_558_1783900482697.xlsx | https://www.skiresort.com/en/ski-resort/hakodateyama/ | https://en.wikipedia.org/wiki/List_of_ski_areas_and_resorts_in_Japan | https://en.wikipedia.org/wiki/List_of_ski_areas_and_resorts_in_Japan","2026-07-13 | 2026-08-24 | 2026-08-26 | 2026-08-26","verified_operating","https://www.hakodateyama.com/winter/information/","2026-08-26","/shiga-ski-areas/mountain/biwako-hakodateyama-ski-area",""
"Shiga","Biwako Valley","biwakovalley","published_directly","japan-ski-resorts-558 | skiresort-japan-directory | wikipedia-japan-specific | wikipedia-worldwide-japan","Biwako Valley | Biwako Valley | Biwako Valley | Biwako Valley","attached_assets/Japan_Ski_Resorts_558_1783900482697.xlsx | https://www.skiresort.com/en/ski-resort/biwako-valley/ | https://en.wikipedia.org/wiki/List_of_ski_areas_and_resorts_in_Japan | https://en.wikipedia.org/wiki/List_of_ski_areas_and_resorts_in_Japan","2026-07-13 | 2026-08-24 | 2026-08-26 | 2026-08-26","verified_operating","https://www.biwako-valley.com/topics/41980","2026-08-26","/shiga-ski-areas/mountain/biwako-valley",""
"Shiga","Grand Snow Okuibuki","okuibuki","published_directly","japan-ski-resorts-558 | skiresort-japan-directory | wikipedia-japan-specific | wikipedia-worldwide-japan","Okuibuki | Okuibuki | Oku Ibuki Ski Area | Oku Ibuki Ski Area","attached_assets/Japan_Ski_Resorts_558_1783900482697.xlsx | https://www.skiresort.com/en/ski-resort/okuibuki/ | https://en.wikipedia.org/wiki/List_of_ski_areas_and_resorts_in_Japan | https://en.wikipedia.org/wiki/List_of_ski_areas_and_resorts_in_Japan","2026-07-13 | 2026-08-24 | 2026-08-26 | 2026-08-26","verified_operating","https://www.okuibuki.co.jp/","2026-08-26","/shiga-ski-areas/mountain/grand-snow-okuibuki",""
"Shiga","Hirasan","hirasan","closed","japan-ski-resorts-558","Hirasan","attached_assets/Japan_Ski_Resorts_558_1783900482697.xlsx","2026-07-13","closed","https://www.city.otsu.lg.jp/material/files/group/16/otunorekisi.pdf","2026-08-26","",""
"Shiga","Ibukiyama","ibukiyama","closed","japan-ski-resorts-558 | wikipedia-japan-specific | wikipedia-worldwide-japan","Ibukiyama | Ibukiyama Ski Area | Ibukiyama Ski Area","attached_assets/Japan_Ski_Resorts_558_1783900482697.xlsx | https://en.wikipedia.org/wiki/List_of_ski_areas_and_resorts_in_Japan | https://en.wikipedia.org/wiki/List_of_ski_areas_and_resorts_in_Japan","2026-07-13 | 2026-08-26 | 2026-08-26","closed","https://www.city.maibara.lg.jp/material/files/group/5/15714269.pdf","2026-08-26","",""
"Shiga","Kutsuki Ski Area","kutsuki","published_directly","japan-ski-resorts-558 | skiresort-japan-directory","Kutsuki | Kutsuki","attached_assets/Japan_Ski_Resorts_558_1783900482697.xlsx | https://www.skiresort.com/en/ski-resort/kutsuki/","2026-07-13 | 2026-08-24","verified_operating","https://kutsuki-snowpark.com/","2026-08-26","/shiga-ski-areas/mountain/kutsuki-ski-area",""
"Shiga","Makino Kogen Family Ski Area","makinokogen","published_directly","japan-ski-resorts-558 | skiresort-japan-directory | wikipedia-japan-specific | wikipedia-worldwide-japan","Makino Kogen | Makino Kogen | Makino Kōgen Ski Area | Makino Kōgen Ski Area","attached_assets/Japan_Ski_Resorts_558_1783900482697.xlsx | https://www.skiresort.com/en/ski-resort/makino-kogen/ | https://en.wikipedia.org/wiki/List_of_ski_areas_and_resorts_in_Japan | https://en.wikipedia.org/wiki/List_of_ski_areas_and_resorts_in_Japan","2026-07-13 | 2026-08-24 | 2026-08-26 | 2026-08-26","verified_operating","https://makinokougen.co.jp/pages/275/","2026-08-26","/shiga-ski-areas/mountain/makino-kogen-family-ski-area",""
"Shiga","Ohana Resort","kunizakai","published_directly","japan-ski-resorts-558 | skiresort-japan-directory | wikipedia-japan-specific | wikipedia-worldwide-japan","Kunizakai | Kunizakai | Kunizakai Ski Area | Kunizakai Ski Area","attached_assets/Japan_Ski_Resorts_558_1783900482697.xlsx | https://www.skiresort.com/en/ski-resort/kunizakai/ | https://en.wikipedia.org/wiki/List_of_ski_areas_and_resorts_in_Japan | https://en.wikipedia.org/wiki/List_of_ski_areas_and_resorts_in_Japan","2026-07-13 | 2026-08-24 | 2026-08-26 | 2026-08-26","verified_operating","https://ohana-shiga.com/","2026-08-26","/shiga-ski-areas/mountain/ohana-resort",""
"Shiga","Yogo Kogen Resort Yap","yogokogen","published_directly","japan-ski-resorts-558 | skiresort-japan-directory | wikipedia-japan-specific | wikipedia-worldwide-japan","Yogo Kogen | Yogo Kogen | Yogo Kōgen Ski Area | Yogo Kōgen Ski Area","attached_assets/Japan_Ski_Resorts_558_1783900482697.xlsx | https://www.skiresort.com/en/ski-resort/yogo-kogen/ | https://en.wikipedia.org/wiki/List_of_ski_areas_and_resorts_in_Japan | https://en.wikipedia.org/wiki/List_of_ski_areas_and_resorts_in_Japan","2026-07-13 | 2026-08-24 | 2026-08-26 | 2026-08-26","verified_operating","http://yogo45.co.jp/","2026-08-26","/shiga-ski-areas/mountain/yogo-kogen-resort-yap",""
"Shimane","Akana Ski Area","akanaskiarea","unresolved","wikipedia-japan-specific | wikipedia-worldwide-japan","Akana Ski Area | Akana Ski Area","https://en.wikipedia.org/wiki/List_of_ski_areas_and_resorts_in_Japan | https://en.wikipedia.org/wiki/List_of_ski_areas_and_resorts_in_Japan","2026-08-26 | 2026-08-26","unresolved","","","",""
"Shimane","Asahi Tengusuton","asahitengusuton","unresolved","wikipedia-japan-specific | wikipedia-worldwide-japan","Asahi Tengusuton | Asahi Tengusuton","https://en.wikipedia.org/wiki/List_of_ski_areas_and_resorts_in_Japan | https://en.wikipedia.org/wiki/List_of_ski_areas_and_resorts_in_Japan","2026-08-26 | 2026-08-26","unresolved","","","",""
"Shimane","Goenzan","goenzan","unresolved","japan-ski-resorts-558","Goenzan","attached_assets/Japan_Ski_Resorts_558_1783900482697.xlsx","2026-07-13","unclear","","2026-08-26","",""
"Shimane","Kotobiki Forest Park Ski Area","kotobikiforestpark","published_directly","japan-ski-resorts-558 | skiresort-japan-directory | wikipedia-japan-specific | wikipedia-worldwide-japan","Kotobiki Forest Park | Kotobiki Forest Park | Kotobiki Forest Park | Kotobiki Forest Park","attached_assets/Japan_Ski_Resorts_558_1783900482697.xlsx | https://www.skiresort.com/en/ski-resort/kotobiki-forest-park/ | https://en.wikipedia.org/wiki/List_of_ski_areas_and_resorts_in_Japan | https://en.wikipedia.org/wiki/List_of_ski_areas_and_resorts_in_Japan","2026-07-13 | 2026-08-24 | 2026-08-26 | 2026-08-26","verified_operating","https://ski.kotobiki.co.jp/condition/","2026-08-26","/chugoku-ski-areas/mountain/kotobiki-forest-park-ski-area",""
"Shimane","Miinohara","miinohara","unresolved","japan-ski-resorts-558 | skiresort-japan-directory | wikipedia-japan-specific | wikipedia-worldwide-japan","Miinohara | Miinohara | Miinohara Ski Area | Miinohara Ski Area","attached_assets/Japan_Ski_Resorts_558_1783900482697.xlsx | https://www.skiresort.com/en/ski-resort/miinohara/ | https://en.wikipedia.org/wiki/List_of_ski_areas_and_resorts_in_Japan | https://en.wikipedia.org/wiki/List_of_ski_areas_and_resorts_in_Japan","2026-07-13 | 2026-08-24 | 2026-08-26 | 2026-08-26","unclear","https://www.kankou-shimane.com/destination/20468","2026-08-26","",""
"Shimane","Mizuho Highland","mizuhohighland","published_directly","japan-ski-resorts-558 | skiresort-japan-directory | wikipedia-japan-specific | wikipedia-worldwide-japan","Mizuho Highland | Mizuho Highland | Mizuho Highland | Mizuho Highland","attached_assets/Japan_Ski_Resorts_558_1783900482697.xlsx | https://www.skiresort.com/en/ski-resort/mizuho-highland/ | https://en.wikipedia.org/wiki/List_of_ski_areas_and_resorts_in_Japan | https://en.wikipedia.org/wiki/List_of_ski_areas_and_resorts_in_Japan","2026-07-13 | 2026-08-24 | 2026-08-26 | 2026-08-26","verified_operating","https://www.mizuhohighland.com/news/detail?id=4941","2026-08-26","/chugoku-ski-areas/mountain/mizuho-highland",""
"Shimane","Sanbe Onsen","sanbeonsen","unresolved","japan-ski-resorts-558 | skiresort-japan-directory | wikipedia-japan-specific | wikipedia-worldwide-japan","Sanbe Onsen | Sanbe Onsen | Sanbe Onsen Ski Area | Sanbe Onsen Ski Area","attached_assets/Japan_Ski_Resorts_558_1783900482697.xlsx | https://www.skiresort.com/en/ski-resort/sanbe-onsen/ | https://en.wikipedia.org/wiki/List_of_ski_areas_and_resorts_in_Japan | https://en.wikipedia.org/wiki/List_of_ski_areas_and_resorts_in_Japan","2026-07-13 | 2026-08-24 | 2026-08-26 | 2026-08-26","unclear","","2026-08-26","",""
"Shizuoka","Ōkubo Grass Ski Area","okubograssskiarea","unresolved","wikipedia-japan-specific | wikipedia-worldwide-japan","Ōkubo Grass Ski Area | Ōkubo Grass Ski Area","https://en.wikipedia.org/wiki/List_of_ski_areas_and_resorts_in_Japan | https://en.wikipedia.org/wiki/List_of_ski_areas_and_resorts_in_Japan","2026-08-26 | 2026-08-26","unresolved","","","",""
"Shizuoka","Riverwell Ikawa Ski Area","shizuokashiriverwellikawa","published_directly","japan-ski-resorts-558 | skiresort-japan-directory | wikipedia-japan-specific | wikipedia-worldwide-japan","Shizuokashi Riverwell Ikawa | Shizuokashi Riverwell Ikawa | River Well Ikawa Ski Area | River Well Ikawa Ski Area","attached_assets/Japan_Ski_Resorts_558_1783900482697.xlsx | https://www.skiresort.com/en/ski-resort/shizuokashi-riverwell-ikawa/ | https://en.wikipedia.org/wiki/List_of_ski_areas_and_resorts_in_Japan | https://en.wikipedia.org/wiki/List_of_ski_areas_and_resorts_in_Japan","2026-07-13 | 2026-08-24 | 2026-08-26 | 2026-08-26","verified_operating","https://www.city.shizuoka.lg.jp/okushizuoka/s013796.html","2026-08-26","/fuji-ski-areas/mountain/riverwell-ikawa-ski-area",""
"Shizuoka","Snow Park Yeti","yetiresort","published_directly","japan-ski-resorts-558 | skiresort-japan-directory | wikipedia-japan-specific | wikipedia-worldwide-japan","Yeti Resort | Yeti Resort | Snow Town Yeti | Snow Town Yeti","attached_assets/Japan_Ski_Resorts_558_1783900482697.xlsx | https://www.skiresort.com/en/ski-resort/yeti-resort/ | https://en.wikipedia.org/wiki/List_of_ski_areas_and_resorts_in_Japan | https://en.wikipedia.org/wiki/List_of_ski_areas_and_resorts_in_Japan","2026-07-13 | 2026-08-24 | 2026-08-26 | 2026-08-26","verified_operating","https://www.yeti-resort.com/en/","2026-08-26","/fuji-ski-areas/mountain/snow-park-yeti",""
"Tochigi","Edelweiss Ski Resort","edelweiss","published_directly","japan-ski-resorts-558 | skiresort-japan-directory | wikipedia-japan-specific | wikipedia-worldwide-japan","Edelweiss | Edelweiss | Edelweiss Ski Resort | Edelweiss Ski Resort","attached_assets/Japan_Ski_Resorts_558_1783900482697.xlsx | https://www.skiresort.com/en/ski-resort/edelweiss/ | https://en.wikipedia.org/wiki/List_of_ski_areas_and_resorts_in_Japan | https://en.wikipedia.org/wiki/List_of_ski_areas_and_resorts_in_Japan","2026-07-13 | 2026-08-24 | 2026-08-26 | 2026-08-26","verified_operating","https://edelsnow.com/","2026-08-26","/tochigi-ski-areas/mountain/edelweiss-ski-resort",""
"Tochigi","Hunter Mountain Shiobara","huntermountainshiobara","published_directly","japan-ski-resorts-558 | skiresort-japan-directory | wikipedia-japan-specific | wikipedia-worldwide-japan","Hunter Mountain Shiobara | Hunter Mountain Shiobara | Hunter Mt. Shiobara | Hunter Mt. Shiobara","attached_assets/Japan_Ski_Resorts_558_1783900482697.xlsx | https://www.skiresort.com/en/ski-resort/hunter-mountain-shiobara/ | https://en.wikipedia.org/wiki/List_of_ski_areas_and_resorts_in_Japan | https://en.wikipedia.org/wiki/List_of_ski_areas_and_resorts_in_Japan","2026-07-13 | 2026-08-24 | 2026-08-26 | 2026-08-26","verified_operating","https://www.hunter.co.jp/winter/","2026-08-26","/tochigi-ski-areas/mountain/hunter-mountain-shiobara",""
"Tochigi","Kirifuri Kogen Lift (former Kirifuri Kogen Ski Area)","nikkokirifurikogen","closed","japan-ski-resorts-558 | skiresort-japan-directory | wikipedia-japan-specific | wikipedia-worldwide-japan","Nikko Kirifuri Kogen | Nikko Kirifuri Kogen | Nikkō Kirifuri Kōgen Ski Area | Nikkō Kirifuri Kōgen Ski Area","attached_assets/Japan_Ski_Resorts_558_1783900482697.xlsx | https://www.skiresort.com/en/ski-resort/nikko-kirifuri-kogen/ | https://en.wikipedia.org/wiki/List_of_ski_areas_and_resorts_in_Japan | https://en.wikipedia.org/wiki/List_of_ski_areas_and_resorts_in_Japan","2026-07-13 | 2026-08-24 | 2026-08-26 | 2026-08-26","closed","https://www.city.nikko.lg.jp/soshiki/6/1025/4/405.html","2026-08-26","",""
"Tochigi","Kōtoku Cross-Country Ski Area","kotokucrosscountryskiarea","unresolved","wikipedia-japan-specific | wikipedia-worldwide-japan","Kōtoku Cross-Country Ski Area | Kōtoku Cross-Country Ski Area","https://en.wikipedia.org/wiki/List_of_ski_areas_and_resorts_in_Japan | https://en.wikipedia.org/wiki/List_of_ski_areas_and_resorts_in_Japan","2026-08-26 | 2026-08-26","unresolved","","","",""
"Tochigi","Mount Jeans Nasu","mountjeansnasu","closed","japan-ski-resorts-558 | skiresort-japan-directory","Mount Jeans Nasu | Mount Jeans Nasu","attached_assets/Japan_Ski_Resorts_558_1783900482697.xlsx | https://www.skiresort.com/en/ski-resort/mount-jeans-nasu/","2026-07-13 | 2026-08-24","closed","https://www.mtjeans.com/","2026-08-26","",""
"Tochigi","Mt. Jeans Ski Resort Nasu","mtjeansskiresortnasu","unresolved","wikipedia-japan-specific | wikipedia-worldwide-japan","Mt. Jeans Ski Resort Nasu | Mt. Jeans Ski Resort Nasu","https://en.wikipedia.org/wiki/List_of_ski_areas_and_resorts_in_Japan | https://en.wikipedia.org/wiki/List_of_ski_areas_and_resorts_in_Japan","2026-08-26 | 2026-08-26","unresolved","","","",""
"Tochigi","Nasu Onsen","nasuonsen","closed","japan-ski-resorts-558 | skiresort-japan-directory","Nasu Onsen | Nasu Onsen","attached_assets/Japan_Ski_Resorts_558_1783900482697.xlsx | https://www.skiresort.com/en/ski-resort/nasu-onsen/","2026-07-13 | 2026-08-24","closed","https://www.town.nasu.lg.jp/manage/contents/upload/62a00bcad0f9c.pdf","2026-08-26","",""
"Tochigi","Nasu Onsen Family Ski Area","nasuonsenfamilyskiarea","unresolved","wikipedia-japan-specific | wikipedia-worldwide-japan","Nasu Onsen Family Ski Area | Nasu Onsen Family Ski Area","https://en.wikipedia.org/wiki/List_of_ski_areas_and_resorts_in_Japan | https://en.wikipedia.org/wiki/List_of_ski_areas_and_resorts_in_Japan","2026-08-26 | 2026-08-26","unresolved","","","",""
"Tochigi","Nikko Shobugahama","nikkoshobugahama","unresolved","japan-ski-resorts-558 | skiresort-japan-directory | wikipedia-japan-specific | wikipedia-worldwide-japan","Nikko Shobugahama | Nikko Shobugahama | Nikkō Shōbugahama Ski Area | Nikkō Shōbugahama Ski Area","attached_assets/Japan_Ski_Resorts_558_1783900482697.xlsx | https://www.skiresort.com/en/ski-resort/nikko-shobugahama/ | https://en.wikipedia.org/wiki/List_of_ski_areas_and_resorts_in_Japan | https://en.wikipedia.org/wiki/List_of_ski_areas_and_resorts_in_Japan","2026-07-13 | 2026-08-24 | 2026-08-26 | 2026-08-26","unclear","","2026-08-26","",""
"Tochigi","Nikko Yumoto Onsen Ski Area","nikkoyumoto","unresolved","japan-ski-resorts-558 | skiresort-japan-directory | wikipedia-japan-specific | wikipedia-worldwide-japan","Nikko Yumoto | Nikko Yumoto | Nikkō Yumoto Ski Area | Nikkō Yumoto Ski Area","attached_assets/Japan_Ski_Resorts_558_1783900482697.xlsx | https://www.skiresort.com/en/ski-resort/nikko-yumoto/ | https://en.wikipedia.org/wiki/List_of_ski_areas_and_resorts_in_Japan | https://en.wikipedia.org/wiki/List_of_ski_areas_and_resorts_in_Japan","2026-07-13 | 2026-08-24 | 2026-08-26 | 2026-08-26","verified_operating","https://www.tochigiji.or.jp/spot/s5827/","2026-08-26","",""
"Tochigi","Snova Ashikaga – Tochigi","snovaashikagatochigi","out_of_scope","japan-ski-resorts-558 | skiresort-japan-directory","Snova Ashikaga – Tochigi | Snova Ashikaga – Tochigi (indoor ski area)","attached_assets/Japan_Ski_Resorts_558_1783900482697.xlsx | https://www.skiresort.com/en/ski-resort/snova-ashikaga-tochigi/","2026-07-13 | 2026-08-24","unresolved","","","",""
"Tochigi","Yunishigawa Onsen","yunishigawaonsen","unresolved","japan-ski-resorts-558","Yunishigawa Onsen","attached_assets/Japan_Ski_Resorts_558_1783900482697.xlsx","2026-07-13","unclear","","2026-08-26","",""
"Tokushima","Ikawa Ski Area Kainayama","ikawakainayama","published_directly","japan-ski-resorts-558 | skiresort-japan-directory | wikipedia-japan-specific | wikipedia-worldwide-japan","Ikawa Kainayama | Ikawa Kainayama | Ikawa Ski Area Kainayama | Ikawa Ski Area Kainayama","attached_assets/Japan_Ski_Resorts_558_1783900482697.xlsx | https://www.skiresort.com/en/ski-resort/ikawa-kainayama/ | https://en.wikipedia.org/wiki/List_of_ski_areas_and_resorts_in_Japan | https://en.wikipedia.org/wiki/List_of_ski_areas_and_resorts_in_Japan","2026-07-13 | 2026-08-24 | 2026-08-26 | 2026-08-26","verified_operating","http://www.ikawaski.jp/","2026-08-26","/shikoku-kyushu-ski-areas/mountain/ikawa-ski-area-kainayama",""
"Tokushima","Kenzan Ski Area","kenzanskiarea","unresolved","wikipedia-japan-specific | wikipedia-worldwide-japan","Kenzan Ski Area | Kenzan Ski Area","https://en.wikipedia.org/wiki/List_of_ski_areas_and_resorts_in_Japan | https://en.wikipedia.org/wiki/List_of_ski_areas_and_resorts_in_Japan","2026-08-26 | 2026-08-26","unresolved","","","",""
"Tottori","Daisen – Masumizu Kogen","daisenmasumizukogen","unresolved","japan-ski-resorts-558 | skiresort-japan-directory","Daisen – Masumizu Kogen | Daisen – Masumizu Kogen","attached_assets/Japan_Ski_Resorts_558_1783900482697.xlsx | https://www.skiresort.com/en/ski-resort/daisen-masumizu-kogen/","2026-07-13 | 2026-08-24","unclear","","2026-08-26","",""
"Tottori","Daisen Kokusai Ski Area","daisenkokusaiskiarea","unresolved","wikipedia-japan-specific | wikipedia-worldwide-japan","Daisen Kokusai Ski Area | Daisen Kokusai Ski Area","https://en.wikipedia.org/wiki/List_of_ski_areas_and_resorts_in_Japan | https://en.wikipedia.org/wiki/List_of_ski_areas_and_resorts_in_Japan","2026-08-26 | 2026-08-26","unresolved","","","",""
"Tottori","Daisen Ski Area","daisenskiarea","unresolved","wikipedia-japan-specific | wikipedia-worldwide-japan","Daisen Ski Area | Daisen Ski Area","https://en.wikipedia.org/wiki/Daisen_(mountain) | https://en.wikipedia.org/wiki/Daisen_(mountain)","2026-08-26 | 2026-08-26","unresolved","","","",""
"Tottori","Daisen White Resort","daisenwhiteresort","published_directly","japan-ski-resorts-558","Daisen White Resort","attached_assets/Japan_Ski_Resorts_558_1783900482697.xlsx","2026-07-13","verified_operating","https://x-project.group/daisen-white-resort/","2026-08-26","/daisen/mountain/daisen-white-resort",""
"Tottori","Daisen White Resort – Kokusai/​Uenohara/​Nakanohara/​Gouenzan","daisenwhiteresortkokusaiuenoharanakanoharagouenzan","unresolved","skiresort-japan-directory","Daisen White Resort – Kokusai/​Uenohara/​Nakanohara/​Gouenzan","https://www.skiresort.com/en/ski-resort/daisen-white-resort-kokusai-uenohara-nakanohara-gouenzan/","2026-08-24","unresolved","","","",""
"Tottori","Gōenzan Ski Area","goenzanskiarea","unresolved","wikipedia-japan-specific | wikipedia-worldwide-japan","Gōenzan Ski Area | Gōenzan Ski Area","https://en.wikipedia.org/wiki/List_of_ski_areas_and_resorts_in_Japan | https://en.wikipedia.org/wiki/List_of_ski_areas_and_resorts_in_Japan","2026-08-26 | 2026-08-26","unresolved","","","",""
"Tottori","Hanamiyama","hanamiyama","unresolved","japan-ski-resorts-558 | skiresort-japan-directory | wikipedia-japan-specific | wikipedia-worldwide-japan","Hanamiyama | Hanamiyama | Hanamiyama Ski Area | Hanamiyama Ski Area","attached_assets/Japan_Ski_Resorts_558_1783900482697.xlsx | https://www.skiresort.com/en/ski-resort/hanamiyama/ | https://en.wikipedia.org/wiki/List_of_ski_areas_and_resorts_in_Japan | https://en.wikipedia.org/wiki/List_of_ski_areas_and_resorts_in_Japan","2026-07-13 | 2026-08-24 | 2026-08-26 | 2026-08-26","unclear","https://www.tottori-guide.jp/806/25840.html","2026-08-26","",""
"Tottori","Kyukamura Oku-Daisen Kagamiganaru Ski Area","kagamiganaru","published_directly","japan-ski-resorts-558 | skiresort-japan-directory | wikipedia-japan-specific | wikipedia-worldwide-japan","Kagamiganaru | Kagamiganaru | Kagamiganaru Ski Area | Kagamiganaru Ski Area","attached_assets/Japan_Ski_Resorts_558_1783900482697.xlsx | https://www.skiresort.com/en/ski-resort/kagamiganaru/ | https://en.wikipedia.org/wiki/List_of_ski_areas_and_resorts_in_Japan | https://en.wikipedia.org/wiki/List_of_ski_areas_and_resorts_in_Japan","2026-07-13 | 2026-08-24 | 2026-08-26 | 2026-08-26","verified_operating","https://qkamura.or.jp/daisen/ski/","2026-08-26","/chugoku-ski-areas/mountain/kyukamura-oku-daisen-kagamiganaru-ski-area",""
"Tottori","Masumizu Kōgen Ski Area","masumizukogenskiarea","unresolved","wikipedia-japan-specific | wikipedia-worldwide-japan","Masumizu Kōgen Ski Area | Masumizu Kōgen Ski Area","https://en.wikipedia.org/wiki/List_of_ski_areas_and_resorts_in_Japan | https://en.wikipedia.org/wiki/List_of_ski_areas_and_resorts_in_Japan","2026-08-26 | 2026-08-26","unresolved","","","",""
"Tottori","Nakanohara Ski Area","nakanoharaskiarea","unresolved","wikipedia-japan-specific | wikipedia-worldwide-japan","Nakanohara Ski Area | Nakanohara Ski Area","https://en.wikipedia.org/wiki/List_of_ski_areas_and_resorts_in_Japan | https://en.wikipedia.org/wiki/List_of_ski_areas_and_resorts_in_Japan","2026-08-26 | 2026-08-26","unresolved","","","",""
"Tottori","Okudaisen","okudaisen","closed","japan-ski-resorts-558 | skiresort-japan-directory | wikipedia-japan-specific | wikipedia-worldwide-japan","Okudaisen | Okudaisen | Oku Daisen Ski Area | Oku Daisen Ski Area","attached_assets/Japan_Ski_Resorts_558_1783900482697.xlsx | https://www.skiresort.com/en/ski-resort/okudaisen/ | https://en.wikipedia.org/wiki/List_of_ski_areas_and_resorts_in_Japan | https://en.wikipedia.org/wiki/List_of_ski_areas_and_resorts_in_Japan","2026-07-13 | 2026-08-24 | 2026-08-26 | 2026-08-26","temporarily_closed","http://okudaisen.info/index.php","2026-08-26","",""
"Tottori","Tottorishi Azokoen","tottorishiazokoen","unresolved","japan-ski-resorts-558 | skiresort-japan-directory","Tottorishi Azokoen | Tottorishi Azokoen","attached_assets/Japan_Ski_Resorts_558_1783900482697.xlsx | https://www.skiresort.com/en/ski-resort/tottorishi-azokoen/","2026-07-13 | 2026-08-24","unclear","https://www.tottori-guide.jp/806/25840.html","2026-08-26","",""
"Tottori","Uenohara Ski Area","uenoharaskiarea","unresolved","wikipedia-japan-specific | wikipedia-worldwide-japan","Uenohara Ski Area | Uenohara Ski Area","https://en.wikipedia.org/wiki/List_of_ski_areas_and_resorts_in_Japan | https://en.wikipedia.org/wiki/List_of_ski_areas_and_resorts_in_Japan","2026-08-26 | 2026-08-26","unresolved","","","",""
"Tottori","Wakasa Hyonosen","wakasahyonosen","unresolved","japan-ski-resorts-558 | skiresort-japan-directory | wikipedia-japan-specific | wikipedia-worldwide-japan","Wakasa Hyonosen | Wakasa Hyonosen | Wakasa Hyōnosen Ski Area | Wakasa Hyōnosen Ski Area","attached_assets/Japan_Ski_Resorts_558_1783900482697.xlsx | https://www.skiresort.com/en/ski-resort/wakasa-hyonosen/ | https://en.wikipedia.org/wiki/List_of_ski_areas_and_resorts_in_Japan | https://en.wikipedia.org/wiki/List_of_ski_areas_and_resorts_in_Japan","2026-07-13 | 2026-08-24 | 2026-08-26 | 2026-08-26","unclear","","2026-08-26","",""
"Toyama","Awasuno Ski Resort","awasuno","published_directly","japan-ski-resorts-558 | skiresort-japan-directory | wikipedia-japan-specific | wikipedia-worldwide-japan","Awasuno | Awasuno | Awasuno Ski Area | Awasuno Ski Area","attached_assets/Japan_Ski_Resorts_558_1783900482697.xlsx | https://www.skiresort.com/en/ski-resort/awasuno/ | https://en.wikipedia.org/wiki/List_of_ski_areas_and_resorts_in_Japan | https://en.wikipedia.org/wiki/List_of_ski_areas_and_resorts_in_Japan","2026-07-13 | 2026-08-24 | 2026-08-26 | 2026-08-26","verified_operating","https://awasuno.com/","2026-08-26","/hokuriku/mountain/awasuno-ski-resort",""
"Toyama","Gokurakuzaka Area","gokurakuzakaarea","unresolved","wikipedia-japan-specific | wikipedia-worldwide-japan","Gokurakuzaka Area | Gokurakuzaka Area","https://en.wikipedia.org/wiki/List_of_ski_areas_and_resorts_in_Japan | https://en.wikipedia.org/wiki/List_of_ski_areas_and_resorts_in_Japan","2026-08-26 | 2026-08-26","unresolved","","","",""
"Toyama","IOX-AROSA Ski Resort","ioxarosa","published_directly","japan-ski-resorts-558 | skiresort-japan-directory | wikipedia-japan-specific | wikipedia-worldwide-japan","Iox Arosa | Iox Arosa | IOX-AROSA Ski Resort | IOX-AROSA Ski Resort","attached_assets/Japan_Ski_Resorts_558_1783900482697.xlsx | https://www.skiresort.com/en/ski-resort/iox-arosa/ | https://en.wikipedia.org/wiki/IOX-AROSA_Ski_Resort | https://en.wikipedia.org/wiki/IOX-AROSA_Ski_Resort","2026-07-13 | 2026-08-24 | 2026-08-26 | 2026-08-26","verified_operating","https://iox-arosa.jp/white/qa","2026-08-26","/hokuriku/mountain/iox-arosa-ski-resort",""
"Toyama","Kanjoji","kanjoji","unresolved","japan-ski-resorts-558 | wikipedia-japan-specific | wikipedia-worldwide-japan","Kanjoji | Kanjōji Ski Area | Kanjōji Ski Area","attached_assets/Japan_Ski_Resorts_558_1783900482697.xlsx | https://en.wikipedia.org/wiki/List_of_ski_areas_and_resorts_in_Japan | https://en.wikipedia.org/wiki/List_of_ski_areas_and_resorts_in_Japan","2026-07-13 | 2026-08-26 | 2026-08-26","unclear","","2026-08-26","",""
"Toyama","Omu Santa no Mori","omusantanomori","unresolved","japan-ski-resorts-558 | skiresort-japan-directory","Omu Santa no Mori | Omu Santa no Mori","attached_assets/Japan_Ski_Resorts_558_1783900482697.xlsx | https://www.skiresort.com/en/ski-resort/omu-santa-no-mori/","2026-07-13 | 2026-08-24","unclear","","2026-08-26","",""
"Toyama","Raichō Valley Area","raichovalleyarea","unresolved","wikipedia-japan-specific | wikipedia-worldwide-japan","Raichō Valley Area | Raichō Valley Area","https://en.wikipedia.org/wiki/List_of_ski_areas_and_resorts_in_Japan | https://en.wikipedia.org/wiki/List_of_ski_areas_and_resorts_in_Japan","2026-08-26 | 2026-08-26","unresolved","","","",""
"Toyama","Sarukurayama Ski Area","sarukurayamaskiarea","unresolved","wikipedia-japan-specific | wikipedia-worldwide-japan","Sarukurayama Ski Area | Sarukurayama Ski Area","https://en.wikipedia.org/wiki/List_of_ski_areas_and_resorts_in_Japan | https://en.wikipedia.org/wiki/List_of_ski_areas_and_resorts_in_Japan","2026-08-26 | 2026-08-26","unresolved","","","",""
"Toyama","Snow Valley Toga","snowvalleytoga","unresolved","wikipedia-japan-specific | wikipedia-worldwide-japan","Snow Valley Toga | Snow Valley Toga","https://en.wikipedia.org/wiki/List_of_ski_areas_and_resorts_in_Japan | https://en.wikipedia.org/wiki/List_of_ski_areas_and_resorts_in_Japan","2026-08-26 | 2026-08-26","unresolved","","","",""
"Toyama","Taira Ski Resort","taira","published_directly","japan-ski-resorts-558 | skiresort-japan-directory | wikipedia-japan-specific | wikipedia-worldwide-japan","Taira | Taira | Taira Ski Area | Taira Ski Area","attached_assets/Japan_Ski_Resorts_558_1783900482697.xlsx | https://www.skiresort.com/en/ski-resort/taira/ | https://en.wikipedia.org/wiki/Taira_Ski_Area | https://en.wikipedia.org/wiki/Taira_Ski_Area","2026-07-13 | 2026-08-24 | 2026-08-26 | 2026-08-26","verified_operating","https://gokayama-taira.com/ski","2026-08-26","/hokuriku/mountain/taira-ski-resort",""
"Toyama","Takanbo Ski Resort","takanbo","published_directly","japan-ski-resorts-558 | skiresort-japan-directory | wikipedia-japan-specific | wikipedia-worldwide-japan","Takanbo | Takanbo | Takanbō Ski Area | Takanbō Ski Area","attached_assets/Japan_Ski_Resorts_558_1783900482697.xlsx | https://www.skiresort.com/en/ski-resort/takanbo/ | https://en.wikipedia.org/wiki/Takanbō_Ski_Area | https://en.wikipedia.org/wiki/Takanbō_Ski_Area","2026-07-13 | 2026-08-24 | 2026-08-26 | 2026-08-26","verified_operating","https://gokayama-kankou.com/takanbo/","2026-08-26","/hokuriku/mountain/takanbo-ski-resort",""
"Toyama","Tateyama Sangaku Ski Area","tateyamasangakuskiarea","unresolved","wikipedia-japan-specific | wikipedia-worldwide-japan","Tateyama Sangaku Ski Area | Tateyama Sangaku Ski Area","https://en.wikipedia.org/wiki/Mount_Tateyama | https://en.wikipedia.org/wiki/Mount_Tateyama","2026-08-26 | 2026-08-26","unresolved","","","",""
"Toyama","Tateyama Sanroku Ski Resort","tateyamasanrokugokurakuzakaraichovalley","published_directly","japan-ski-resorts-558 | skiresort-japan-directory | wikipedia-japan-specific | wikipedia-worldwide-japan","Tateyama Sanroku – Gokurakuzaka/Raicho Valley | Tateyama Sanroku – Gokurakuzaka/​Raicho Valley | Tateyama Sanroku Ski Area | Tateyama Sanroku Ski Area","attached_assets/Japan_Ski_Resorts_558_1783900482697.xlsx | https://www.skiresort.com/en/ski-resort/tateyama-sanroku-gokurakuzaka-raicho-valley/ | https://en.wikipedia.org/wiki/List_of_ski_areas_and_resorts_in_Japan | https://en.wikipedia.org/wiki/List_of_ski_areas_and_resorts_in_Japan","2026-07-13 | 2026-08-24 | 2026-08-26 | 2026-08-26","verified_operating","https://www.tateyama36.co.jp/price/","2026-08-26","/hokuriku/mountain/tateyama-sanroku-ski-resort",""
"Toyama","Tonami Yumenotaira Ski Resort","tonamiyumenotaira","unresolved","japan-ski-resorts-558 | skiresort-japan-directory","Tonami Yumenotaira | Tonami Yumenotaira","attached_assets/Japan_Ski_Resorts_558_1783900482697.xlsx | https://www.skiresort.com/en/ski-resort/tonami-yumenotaira/","2026-07-13 | 2026-08-24","verified_operating","https://ski.yumeno-taira.com/","2026-08-26","",""
"Toyama","Toyama Kings – Ashikuraji","toyamakingsashikuraji","out_of_scope","japan-ski-resorts-558 | skiresort-japan-directory","Toyama Kings – Ashikuraji | Toyama Kings – Ashikuraji (dry slopes)","attached_assets/Japan_Ski_Resorts_558_1783900482697.xlsx | https://www.skiresort.com/en/ski-resort/toyama-kings-ashikuraji/","2026-07-13 | 2026-08-24","unresolved","","","",""
"Toyama","Unazuki Onsen","unazukionsen","unresolved","japan-ski-resorts-558 | skiresort-japan-directory | wikipedia-japan-specific | wikipedia-worldwide-japan","Unazuki Onsen | Unazuki Onsen | Unazuki Onsen Ski Area | Unazuki Onsen Ski Area","attached_assets/Japan_Ski_Resorts_558_1783900482697.xlsx | https://www.skiresort.com/en/ski-resort/unazuki-onsen/ | https://en.wikipedia.org/wiki/List_of_ski_areas_and_resorts_in_Japan | https://en.wikipedia.org/wiki/List_of_ski_areas_and_resorts_in_Japan","2026-07-13 | 2026-08-24 | 2026-08-26 | 2026-08-26","unclear","","2026-08-26","",""
"Toyama","Ushidake Onsen Ski Resort","ushidakeonsen","published_directly","japan-ski-resorts-558 | skiresort-japan-directory | wikipedia-japan-specific | wikipedia-worldwide-japan","Ushidake Onsen | Ushidake Onsen | Ushidake Onsen Ski Area | Ushidake Onsen Ski Area","attached_assets/Japan_Ski_Resorts_558_1783900482697.xlsx | https://www.skiresort.com/en/ski-resort/ushidake-onsen/ | https://en.wikipedia.org/wiki/List_of_ski_areas_and_resorts_in_Japan | https://en.wikipedia.org/wiki/List_of_ski_areas_and_resorts_in_Japan","2026-07-13 | 2026-08-24 | 2026-08-26 | 2026-08-26","verified_operating","https://ushidake.com/ski/","2026-08-26","/hokuriku/mountain/ushidake-onsen-ski-resort",""
"Toyama","Yumenotaira Ski Area","yumenotairaskiarea","unresolved","wikipedia-japan-specific | wikipedia-worldwide-japan","Yumenotaira Ski Area | Yumenotaira Ski Area","https://en.wikipedia.org/wiki/List_of_ski_areas_and_resorts_in_Japan | https://en.wikipedia.org/wiki/List_of_ski_areas_and_resorts_in_Japan","2026-08-26 | 2026-08-26","unresolved","","","",""
"Yamagata","Akiyama Ski Area","akiyamaskiarea","unresolved","wikipedia-japan-specific | wikipedia-worldwide-japan","Akiyama Ski Area | Akiyama Ski Area","https://en.wikipedia.org/wiki/List_of_ski_areas_and_resorts_in_Japan | https://en.wikipedia.org/wiki/List_of_ski_areas_and_resorts_in_Japan","2026-08-26 | 2026-08-26","unresolved","","","",""
"Yamagata","Asahi Shizenkan Snow Park","asahishizen","published_directly","japan-ski-resorts-558 | skiresort-japan-directory | wikipedia-japan-specific | wikipedia-worldwide-japan","Asahi Shizen | Asahi Shizen | Asahi Shizenkan Snow Park | Asahi Shizenkan Snow Park","attached_assets/Japan_Ski_Resorts_558_1783900482697.xlsx | https://www.skiresort.com/en/ski-resort/asahi-shizen/ | https://en.wikipedia.org/wiki/List_of_ski_areas_and_resorts_in_Japan | https://en.wikipedia.org/wiki/List_of_ski_areas_and_resorts_in_Japan","2026-07-13 | 2026-08-24 | 2026-08-26 | 2026-08-26","verified_operating","https://www.shizenkan.jp/winter-slope/","2026-08-26","/yamagata-regional/mountain/asahi-shizenkan-snow-park",""
"Yamagata","Crico International Ski Area","cricointernationalskiarea","unresolved","wikipedia-japan-specific | wikipedia-worldwide-japan","Crico International Ski Area | Crico International Ski Area","https://en.wikipedia.org/wiki/List_of_ski_areas_and_resorts_in_Japan | https://en.wikipedia.org/wiki/List_of_ski_areas_and_resorts_in_Japan","2026-08-26 | 2026-08-26","unresolved","","","",""
"Yamagata","Gassan Ski Resort","gassannishikawa","published_directly","japan-ski-resorts-558 | skiresort-japan-directory | wikipedia-japan-specific | wikipedia-worldwide-japan","Gassan – Nishikawa | Gassan – Nishikawa | Gassan Ski Area | Gassan Ski Area","attached_assets/Japan_Ski_Resorts_558_1783900482697.xlsx | https://www.skiresort.com/en/ski-resort/gassan-nishikawa/ | https://en.wikipedia.org/wiki/Mount_Gassan | https://en.wikipedia.org/wiki/Mount_Gassan","2026-07-13 | 2026-08-24 | 2026-08-26 | 2026-08-26","verified_operating","https://mt-gassan.com/snow/","2026-08-26","/yamagata-regional/mountain/gassan-ski-resort",""
"Yamagata","Green Valley Kamuro Ski Resort","kamuro","published_directly","japan-ski-resorts-558 | skiresort-japan-directory | wikipedia-japan-specific | wikipedia-worldwide-japan","Kamuro | Kamuro | Kamuro Ski Area | Kamuro Ski Area","attached_assets/Japan_Ski_Resorts_558_1783900482697.xlsx | https://www.skiresort.com/en/ski-resort/kamuro/ | https://en.wikipedia.org/wiki/List_of_ski_areas_and_resorts_in_Japan | https://en.wikipedia.org/wiki/List_of_ski_areas_and_resorts_in_Japan","2026-07-13 | 2026-08-24 | 2026-08-26 | 2026-08-26","verified_operating","https://greenvalleykamuro.com/","2026-08-26","/yamagata-regional/mountain/green-valley-kamuro-ski-resort",""
"Yamagata","Haguroyama Ski Resort","hagurosan","published_directly","japan-ski-resorts-558 | skiresort-japan-directory | wikipedia-japan-specific | wikipedia-worldwide-japan","Hagurosan | Hagurosan | Hagurosan Ski Area | Hagurosan Ski Area","attached_assets/Japan_Ski_Resorts_558_1783900482697.xlsx | https://www.skiresort.com/en/ski-resort/hagurosan/ | https://en.wikipedia.org/wiki/List_of_ski_areas_and_resorts_in_Japan | https://en.wikipedia.org/wiki/List_of_ski_areas_and_resorts_in_Japan","2026-07-13 | 2026-08-24 | 2026-08-26 | 2026-08-26","verified_operating","https://www.qkamura.or.jp/haguro/ski/","2026-08-26","/yamagata-regional/mountain/haguroyama-ski-resort",""
"Yamagata","Hanagasa Kogen Ski Resort","hanagasakogen","unresolved","japan-ski-resorts-558 | skiresort-japan-directory","Hanagasa Kogen | Hanagasa Kogen","attached_assets/Japan_Ski_Resorts_558_1783900482697.xlsx | https://www.skiresort.com/en/ski-resort/hanagasa-kogen/","2026-07-13 | 2026-08-24","verified_operating","https://www.city.obanazawa.yamagata.jp/kanko/hanagasa-kogen/","2026-08-26","",""
"Yamagata","Kuriko Kokusai","kurikokokusai","unresolved","japan-ski-resorts-558","Kuriko Kokusai","attached_assets/Japan_Ski_Resorts_558_1783900482697.xlsx","2026-07-13","unclear","","2026-08-26","",""
"Yamagata","Kurobushi Kogen Snow Park Jangle Jungle","kurobushikogensnowparkjanglejungle","published_directly","japan-ski-resorts-558 | skiresort-japan-directory | wikipedia-japan-specific | wikipedia-worldwide-japan","Kurobushi Kogen Snow Park Jangle Jungle | Kurobushi Kogen Snow Park Jangle Jungle | Kurobushi Kōgen Snow Park Jangle Jungle | Kurobushi Kōgen Snow Park Jangle Jungle","attached_assets/Japan_Ski_Resorts_558_1783900482697.xlsx | https://www.skiresort.com/en/ski-resort/kurobushi-kogen-snow-park-jangle-jungle/ | https://en.wikipedia.org/wiki/List_of_ski_areas_and_resorts_in_Japan | https://en.wikipedia.org/wiki/List_of_ski_areas_and_resorts_in_Japan","2026-07-13 | 2026-08-24 | 2026-08-26 | 2026-08-26","verified_operating","https://jxj.co.jp/","2026-08-26","/yamagata-regional/mountain/kurobushi-kogen-snow-park-jangle-jungle",""
"Yamagata","Kushibiki Taranokidai Ski Resort","taranokidai","published_directly","japan-ski-resorts-558 | skiresort-japan-directory","Taranokidai | Taranokidai","attached_assets/Japan_Ski_Resorts_558_1783900482697.xlsx | https://www.skiresort.com/en/ski-resort/taranokidai/","2026-07-13 | 2026-08-24","verified_operating","https://www.city.tsuruoka.lg.jp/shisei/shiyakusyo/infomation/kushibiki/kanko/taranokidaiskilift6.html","2026-08-26","/yamagata-regional/mountain/kushibiki-taranokidai-ski-resort",""
"Yamagata","Matsuyama Ski Resort","matsuyama","unresolved","japan-ski-resorts-558 | skiresort-japan-directory | wikipedia-japan-specific | wikipedia-worldwide-japan","Matsuyama | Matsuyama | Matsuyama Ski Area | Matsuyama Ski Area","attached_assets/Japan_Ski_Resorts_558_1783900482697.xlsx | https://www.skiresort.com/en/ski-resort/matsuyama/ | https://en.wikipedia.org/wiki/List_of_ski_areas_and_resorts_in_Japan | https://en.wikipedia.org/wiki/List_of_ski_areas_and_resorts_in_Japan","2026-07-13 | 2026-08-24 | 2026-08-26 | 2026-08-26","verified_operating","http://matuyama-net.com/ski/","2026-08-26","",""
"Yamagata","Mogamigawa","mogamigawa","unresolved","japan-ski-resorts-558","Mogamigawa","attached_assets/Japan_Ski_Resorts_558_1783900482697.xlsx","2026-07-13","unclear","","2026-08-26","",""
"Yamagata","Nishikawa Chomin","nishikawachomin","unresolved","japan-ski-resorts-558 | skiresort-japan-directory","Nishikawa Chomin | Nishikawa Chomin","attached_assets/Japan_Ski_Resorts_558_1783900482697.xlsx | https://www.skiresort.com/en/ski-resort/nishikawa-chomin/","2026-07-13 | 2026-08-24","unclear","","2026-08-26","",""
"Yamagata","Omoshiroyama","omoshiroyama","closed","japan-ski-resorts-558 | skiresort-japan-directory | wikipedia-japan-specific | wikipedia-worldwide-japan","Omoshiroyama | Omoshiroyama | Omoshiroyama Kōgen Ski Park | Omoshiroyama Kōgen Ski Park","attached_assets/Japan_Ski_Resorts_558_1783900482697.xlsx | https://www.skiresort.com/en/ski-resort/omoshiroyama/ | https://en.wikipedia.org/wiki/List_of_ski_areas_and_resorts_in_Japan | https://en.wikipedia.org/wiki/List_of_ski_areas_and_resorts_in_Japan","2026-07-13 | 2026-08-24 | 2026-08-26 | 2026-08-26","closed","https://www.city.yamagata-yamagata.lg.jp/","2026-08-26","",""
"Yamagata","Onogawa Onsen Ski Resort","onogawa","published_directly","japan-ski-resorts-558 | skiresort-japan-directory","Onogawa | Onogawa","attached_assets/Japan_Ski_Resorts_558_1783900482697.xlsx | https://www.skiresort.com/en/ski-resort/onogawa/","2026-07-13 | 2026-08-24","verified_operating","https://npo-onogawa.org/","2026-08-26","/yamagata-regional/mountain/onogawa-onsen-ski-resort",""
"Yamagata","Satoyama Ski Area","satoyamaskiarea","unresolved","wikipedia-japan-specific | wikipedia-worldwide-japan","Satoyama Ski Area | Satoyama Ski Area","https://en.wikipedia.org/wiki/List_of_ski_areas_and_resorts_in_Japan | https://en.wikipedia.org/wiki/List_of_ski_areas_and_resorts_in_Japan","2026-08-26 | 2026-08-26","unresolved","","","",""
"Yamagata","Shinjo Ski Area","shinjoskiarea","unresolved","wikipedia-japan-specific | wikipedia-worldwide-japan","Shinjo Ski Area | Shinjo Ski Area","https://en.wikipedia.org/wiki/List_of_ski_areas_and_resorts_in_Japan | https://en.wikipedia.org/wiki/List_of_ski_areas_and_resorts_in_Japan","2026-08-26 | 2026-08-26","unresolved","","","",""
"Yamagata","Shirataka Choei","shiratakachoei","unresolved","japan-ski-resorts-558 | skiresort-japan-directory","Shirataka Choei | Shirataka Choei","attached_assets/Japan_Ski_Resorts_558_1783900482697.xlsx | https://www.skiresort.com/en/ski-resort/shirataka-choei/","2026-07-13 | 2026-08-24","unclear","","2026-08-26","",""
"Yamagata","Sun Marina Tamaniwa Ski Park","sunmarinatamaniwaskipark","unresolved","japan-ski-resorts-558 | skiresort-japan-directory","Sun Marina Tamaniwa Ski Park | Sun Marina Tamaniwa Ski Park","attached_assets/Japan_Ski_Resorts_558_1783900482697.xlsx | https://www.skiresort.com/en/ski-resort/sun-marina-tamaniwa-ski-park/","2026-07-13 | 2026-08-24","unclear","","2026-08-26","",""
"Yamagata","Tendo Kogen Ski Resort","tendokogen","published_directly","japan-ski-resorts-558 | skiresort-japan-directory | wikipedia-japan-specific | wikipedia-worldwide-japan","Tendo Kogen | Tendo Kogen | Tendō Kōgen Ski Area | Tendō Kōgen Ski Area","attached_assets/Japan_Ski_Resorts_558_1783900482697.xlsx | https://www.skiresort.com/en/ski-resort/tendo-kogen/ | https://en.wikipedia.org/wiki/List_of_ski_areas_and_resorts_in_Japan | https://en.wikipedia.org/wiki/List_of_ski_areas_and_resorts_in_Japan","2026-07-13 | 2026-08-24 | 2026-08-26 | 2026-08-26","verified_operating","https://tendokogen.or.jp/winter/","2026-08-26","/yamagata-regional/mountain/tendo-kogen-ski-resort",""
"Yamagata","Tengendai Kogen","tengendai","published_directly","japan-ski-resorts-558 | skiresort-japan-directory | wikipedia-japan-specific | wikipedia-worldwide-japan","Tengendai | Tengendai | Tengendai Kōgen Ski Area | Tengendai Kōgen Ski Area","attached_assets/Japan_Ski_Resorts_558_1783900482697.xlsx | https://www.skiresort.com/en/ski-resort/tengendai/ | https://en.wikipedia.org/wiki/List_of_ski_areas_and_resorts_in_Japan | https://en.wikipedia.org/wiki/List_of_ski_areas_and_resorts_in_Japan","2026-07-13 | 2026-08-24 | 2026-08-26 | 2026-08-26","verified_operating","https://www.winter.tengendai.jp/","2026-08-26","/yamagata-regional/mountain/tengendai-kogen",""
"Yamagata","Yamagata Akakura Onsen Ski Area","yamagataakakuraonsenskiarea","unresolved","wikipedia-japan-specific | wikipedia-worldwide-japan","Yamagata Akakura Onsen Ski Area | Yamagata Akakura Onsen Ski Area","https://en.wikipedia.org/wiki/List_of_ski_areas_and_resorts_in_Japan | https://en.wikipedia.org/wiki/List_of_ski_areas_and_resorts_in_Japan","2026-08-26 | 2026-08-26","unresolved","","","",""
"Yamagata","Yamagata Zao Onsen Ski Resort","yamagatazaoonsenskiresort","unresolved","wikipedia-japan-specific | wikipedia-worldwide-japan","Yamagata Zao Onsen Ski Resort | Yamagata Zao Onsen Ski Resort","https://en.wikipedia.org/wiki/Yamagata_Zao_Onsen_Ski_Resort | https://en.wikipedia.org/wiki/Yamagata_Zao_Onsen_Ski_Resort","2026-08-26 | 2026-08-26","unresolved","","","",""
"Yamagata","Yokone Ski Resort","yokone","unresolved","japan-ski-resorts-558 | skiresort-japan-directory","Yokone | Yokone","attached_assets/Japan_Ski_Resorts_558_1783900482697.xlsx | https://www.skiresort.com/en/ski-resort/yokone/","2026-07-13 | 2026-08-24","verified_operating","https://www.siroimori.co.jp/yokone-ski/","2026-08-26","",""
"Yamagata","Yonezawa Ski Resort","yonezawa","published_directly","japan-ski-resorts-558 | skiresort-japan-directory | wikipedia-japan-specific | wikipedia-worldwide-japan","Yonezawa | Yonezawa | Yonezawa Ski Area | Yonezawa Ski Area","attached_assets/Japan_Ski_Resorts_558_1783900482697.xlsx | https://www.skiresort.com/en/ski-resort/yonezawa/ | https://en.wikipedia.org/wiki/List_of_ski_areas_and_resorts_in_Japan | https://en.wikipedia.org/wiki/List_of_ski_areas_and_resorts_in_Japan","2026-07-13 | 2026-08-24 | 2026-08-26 | 2026-08-26","verified_operating","https://www.yonezawa-ski.co.jp/","2026-08-26","/yamagata-regional/mountain/yonezawa-ski-resort",""
"Yamagata","Yudonosan Ski Resort","yudonosan","published_directly","japan-ski-resorts-558 | skiresort-japan-directory | wikipedia-japan-specific | wikipedia-worldwide-japan","Yudonosan | Yudonosan | Yudonosan Ski Area | Yudonosan Ski Area","attached_assets/Japan_Ski_Resorts_558_1783900482697.xlsx | https://www.skiresort.com/en/ski-resort/yudonosan/ | https://en.wikipedia.org/wiki/List_of_ski_areas_and_resorts_in_Japan | https://en.wikipedia.org/wiki/List_of_ski_areas_and_resorts_in_Japan","2026-07-13 | 2026-08-24 | 2026-08-26 | 2026-08-26","verified_operating","https://yudonosan.com/","2026-08-26","/yamagata-regional/mountain/yudonosan-ski-resort",""
"Yamagata","Zao Bodaira Liza World","zaoliza","published_directly","japan-ski-resorts-558 | skiresort-japan-directory","Zao Liza | Zao Liza","attached_assets/Japan_Ski_Resorts_558_1783900482697.xlsx | https://www.skiresort.com/en/ski-resort/zao-liza/","2026-07-13 | 2026-08-24","verified_operating","https://www.zaoliza.co.jp/","2026-08-26","/zao-onsen/mountain/zao-bodaira-liza-world",""
"Yamagata","Zaō Liza Ski World","zaolizaskiworld","unresolved","wikipedia-japan-specific | wikipedia-worldwide-japan","Zaō Liza Ski World | Zaō Liza Ski World","https://en.wikipedia.org/wiki/List_of_ski_areas_and_resorts_in_Japan | https://en.wikipedia.org/wiki/List_of_ski_areas_and_resorts_in_Japan","2026-08-26 | 2026-08-26","unresolved","","","",""
"Yamagata","Zao Onsen Ski Resort","zaoonsen","published_directly","japan-ski-resorts-558 | skiresort-japan-directory","Zao Onsen | Zao Onsen","attached_assets/Japan_Ski_Resorts_558_1783900482697.xlsx | https://www.skiresort.com/en/ski-resort/zao-onsen/","2026-07-13 | 2026-08-24","verified_operating","https://www.zao-ski.or.jp/","2026-08-26","/zao-onsen/mountain/zao-onsen-resort",""
"Yamagata","Zao Sarukura Ski Resort","zaosarukura","published_directly","japan-ski-resorts-558 | skiresort-japan-directory | wikipedia-japan-specific | wikipedia-worldwide-japan","Zao Sarukura | Zao Sarukura | Zaō Sarukura Ski Area | Zaō Sarukura Ski Area","attached_assets/Japan_Ski_Resorts_558_1783900482697.xlsx | https://www.skiresort.com/en/ski-resort/zao-sarukura/ | https://en.wikipedia.org/wiki/List_of_ski_areas_and_resorts_in_Japan | https://en.wikipedia.org/wiki/List_of_ski_areas_and_resorts_in_Japan","2026-07-13 | 2026-08-24 | 2026-08-26 | 2026-08-26","verified_operating","https://www.zao-sarukura.co.jp/","2026-08-26","/zao-onsen/mountain/zao-sarukura-ski-resort",""
"Yamaguchi","Rakanzan Highland","rakanzanhighland","unresolved","wikipedia-japan-specific | wikipedia-worldwide-japan","Rakanzan Highland | Rakanzan Highland","https://en.wikipedia.org/wiki/List_of_ski_areas_and_resorts_in_Japan | https://en.wikipedia.org/wiki/List_of_ski_areas_and_resorts_in_Japan","2026-08-26 | 2026-08-26","unresolved","","","",""
"Yamaguchi","Tokusagamine Ski Area","tokusagamineskiarea","unresolved","wikipedia-japan-specific | wikipedia-worldwide-japan","Tokusagamine Ski Area | Tokusagamine Ski Area","https://en.wikipedia.org/wiki/List_of_ski_areas_and_resorts_in_Japan | https://en.wikipedia.org/wiki/List_of_ski_areas_and_resorts_in_Japan","2026-08-26 | 2026-08-26","unresolved","","","",""
"Yamanashi","Fujiten Snow Resort","fujitenresort","published_directly","japan-ski-resorts-558 | skiresort-japan-directory | wikipedia-japan-specific | wikipedia-worldwide-japan","Fujiten Resort | Fujiten Resort | Fujiten Snow Resort | Fujiten Snow Resort","attached_assets/Japan_Ski_Resorts_558_1783900482697.xlsx | https://www.skiresort.com/en/ski-resort/fujiten-resort/ | https://en.wikipedia.org/wiki/List_of_ski_areas_and_resorts_in_Japan | https://en.wikipedia.org/wiki/List_of_ski_areas_and_resorts_in_Japan","2026-07-13 | 2026-08-24 | 2026-08-26 | 2026-08-26","verified_operating","https://wd.fujikanko.co.jp/facility_fujiten/","2026-08-26","/fuji-ski-areas/mountain/fujiten-snow-resort",""
"Yamanashi","Kamui Misaka Ski Area","kamuimisaka","published_directly","japan-ski-resorts-558 | skiresort-japan-directory | wikipedia-japan-specific | wikipedia-worldwide-japan","Kamui Misaka | Kamui Misaka | Kamui Misaka Ski Area | Kamui Misaka Ski Area","attached_assets/Japan_Ski_Resorts_558_1783900482697.xlsx | https://www.skiresort.com/en/ski-resort/kamui-misaka/ | https://en.wikipedia.org/wiki/List_of_ski_areas_and_resorts_in_Japan | https://en.wikipedia.org/wiki/List_of_ski_areas_and_resorts_in_Japan","2026-07-13 | 2026-08-24 | 2026-08-26 | 2026-08-26","verified_operating","https://misaka.kamuisp.com/schedule/","2026-08-26","/fuji-ski-areas/mountain/kamui-misaka-ski-area",""
"Yamanashi","Snova Shin-Yokohama – Yokohama City (indoor ski area)","snovashinyokohamayokohamacity","unresolved","skiresort-japan-directory","Snova Shin-Yokohama – Yokohama City (indoor ski area)","https://www.skiresort.com/en/ski-resort/snova-shin-yokohama-yokohama-city/","2026-08-24","unresolved","","","",""
"Yamanashi","Sun Meadows Kiyosato Ski Resort","sunmeadows","published_directly","japan-ski-resorts-558 | skiresort-japan-directory","Sun Meadows | Sun Meadows","attached_assets/Japan_Ski_Resorts_558_1783900482697.xlsx | https://www.skiresort.com/en/ski-resort/sun-meadows/","2026-07-13 | 2026-08-24","verified_operating","https://www.sunmeadows.co.jp/winter/","2026-08-26","/fuji-ski-areas/mountain/sun-meadows-kiyosato-ski-resort",""
"Yamanashi","Sun Meadows Ōizumi Kiyosato Ski Area","sunmeadowsoizumikiyosatoskiarea","unresolved","wikipedia-japan-specific | wikipedia-worldwide-japan","Sun Meadows Ōizumi Kiyosato Ski Area | Sun Meadows Ōizumi Kiyosato Ski Area","https://en.wikipedia.org/wiki/List_of_ski_areas_and_resorts_in_Japan | https://en.wikipedia.org/wiki/List_of_ski_areas_and_resorts_in_Japan","2026-08-26 | 2026-08-26","unresolved","","","",""
