address,apres_ski,country,cuisine,english_menu,groceries,hours.closed,hours.dinner,hours.friday,hours.lunch,hours.monday,hours.morning,hours.note,hours.saturday,hours.sunday,hours.thursday,hours.tuesday,hours.wednesday,id,kid_friendly,last_order_time,lat,lng,long_description,name,name_local,notes,payment,phone,photos,price_band,region,reservation,reservation_link,short_description,signature_dishes,source_urls,takeaway,town,type,vegetarian_friendly,website
"Nuggets Crossing Courtyard, 6 Kosciuszko Road, Jindabyne NSW 2627",no,AU,bakery | cafe,yes,no,,,05:30–18:00,,05:30–18:00,,,05:30–18:00,05:30–18:00,05:30–18:00,05:30–18:00,05:30–18:00,sundance-bakehouse-jindabyne,,17:45,-36.4148,148.61,"Sundance Bakehouse is the Snowy Mountains institution that skiers line up for before heading to the mountain. Opening at 5:30am daily – earlier than any other food outlet in Jindabyne – it serves freshly baked pies, pastries, gourmet sandwiches, rolls, slices and seriously good coffee. The Jindabyne flagship is in Nuggets Crossing Courtyard; sister stores open in winter at Bullocks Flat Skitube terminal and Perisher Valley. Famous locally for its pies and its early-morning ritual.",Sundance Bakehouse,,,cards_accepted,+61 2 6456 2951,,$,snowy_mountains,not_needed,,Cult Jindabyne bakery open from 5:30am – the earliest breakfast stop in town for ski-day mornings.,freshly baked pies | pastries | gourmet sandwiches and rolls | slices | takeaway coffee,http://www.sundancebakehouse.com.au | https://www.tripadvisor.com/Restaurant_Review-g261617-d3318458-Reviews-Sundance_Bakehouse-Jindabyne_New_South_Wales.html | https://www.australiantraveller.com/nsw/snowy-mountains/jindabyne/jindabyne-restaurants/,yes,jindabyne,bakery,,http://www.sundancebakehouse.com.au
"Shop 3, Nuggets Crossing Shopping Centre, 13 Kalkite Street, Jindabyne NSW 2627",no,AU,bakery | cafe,yes,no,,,,,,,,,,,,,nimmitabel-bakery-jindabyne,,,-36.4148,148.6095,"Nimmitabel Bakery has been using traditional baking methods since 1950 in the heritage town of Nimmitabel. Its Jindabyne outpost in Nuggets Crossing Shopping Centre has a cosy fireplace, making it an ideal morning stop before or after the mountain. Signature items include brekky wraps, homemade pies, and picnic hampers filled with pastries and snacks. Coffee is made with Seven Miles' Black Mountain beans.",Nimmitabel Bakery,,,cards_accepted,,,$,snowy_mountains,not_needed,,"Traditional bakery founded in 1950, now with a cosy Jindabyne outpost featuring a fireplace and Seven Miles coffee.",brekky wrap | homemade pie | picnic hampers | Seven Miles Black Mountain coffee,https://www.australiantraveller.com/nsw/snowy-mountains/jindabyne/jindabyne-restaurants/,yes,jindabyne,bakery,,
"Unit 3/3 Gippsland Street, Jindabyne NSW 2627",no,AU,modern Australian | cafe | brunch,yes,no,,,07:00–14:00,,07:00–14:00,,,07:00–14:00,07:00–14:00,07:00–14:00,07:00–14:00,07:00–14:00,birchwood-cafe-jindabyne,,13:45,-36.4161,148.6133,"Birchwood is consistently rated the best cafe in Jindabyne for brunch and lunch. The menu spans granola bowls, avo on toast, Turkish eggs, B&E rolls, creamy soups, poke bowls and burgers, with alcohol available from 10am. Their standout ski-day Lunch Packs (sandwich, juice, veggie sticks, fruit, sweet slice) make packing mountain food effortless. Single O beans coffee and house-made kombucha complete the offering. Open 7am–2pm daily.",Birchwood,,,cards_accepted,+61 2 6456 1880,,$$,snowy_mountains,not_needed,,Best brunch spot in Jindabyne – modern Australian fusion cafe on Gippsland St with Single O coffee and all-day ski-day lunch packs.,Turkish eggs | avo on toast | B&E roll | poke bowl | burger | ski-day Lunch Packs | Single O coffee,https://www.birchwoodjindabyne.au | https://www.tripadvisor.com/Restaurant_Review-g261617-d10400358-Reviews-Birchwood_Cafe-Jindabyne_New_South_Wales.html | https://www.australiantraveller.com/nsw/snowy-mountains/jindabyne/jindabyne-restaurants/,yes,jindabyne,cafe,,https://www.birchwoodjindabyne.au
"49 Kosciuszko Road (Snowy Region Visitor Centre), Jindabyne NSW 2627",no,AU,cafe | modern Australian,yes,no,,,06:30–16:00,,06:30–16:00,,,06:30–16:00,08:00–15:00,06:30–16:00,06:30–16:00,06:30–16:00,parc-cafe-jindabyne,,15:45,-36.4148,148.6095,"Parc Cafe sits inside the Snowy Region Visitor Centre on Kosciuszko Road, making it the ideal first stop before collecting national park day passes. Open from 6:30am Monday–Saturday and 8am Sundays, it serves Madding Crowd coffee, organic juices, smoothies, big brekkies, burritos, sambos and wraps. Local Jindabyne Brewing Co beers and Shut the Gate wines are also on tap. Live music runs in summer and the cafe is available for private functions in the evening.",Parc Cafe,,,cards_accepted,+61 2 6456 2517,,$,snowy_mountains,not_needed,,All-day cafe at the Snowy Region Visitor Centre open from 6:30am – one of the earliest coffee stops before heading to the mountain.,big brekkie | burritos | wraps | Madding Crowd coffee | local craft beer,https://www.parcjindy.com.au | https://www.nationalparks.nsw.gov.au/things-to-do/cafes-and-kiosks/parc-cafe | https://www.tripadvisor.com/Restaurant_Review-g261617-d4497203-Reviews-Parc-Jindabyne_New_South_Wales.html,yes,jindabyne,cafe,,https://www.parcjindy.com.au
"Corner of Wollondibby Road and The Alpine Way, Crackenback NSW 2627",yes,AU,cafe | Austrian-influenced | distillery,yes,no,,,cafe open,,closed,,,cafe open,cafe open,cafe open,distillery door only,distillery door only,wildbrumby-distillery-cafe,,,-36.452,148.487,"Located on the Alpine Way between Jindabyne and Thredbo, Wildbrumby is the Snowy Mountains' most distinctive dining destination. The Stillhouse Cafe sits next to working distillery stills and offers a Continental-influenced menu featuring the distillery's signature gins, schnapps, glühwein and vodka in every drink. The organic raspberry patch, sculpture garden and outdoor terrace make it an exceptional apres-ski detour on the drive back from Thredbo. Reservations recommended on weekends. Famous locally as 'the schnapps place.'",Wildbrumby Distillery & Cafe (Stillhouse Cafe),,,cards_accepted,+61 2 6457 1447,,$$,snowy_mountains,recommended,https://wildbrumby.com/visit-us/distillery-door-cafe/,"Famous for its Snowy Mountains schnapps, gin and vodka – distillery cafe with Austrian-influenced menu, open Thu–Mon.","schnapps (raspberry, elderflower, pear) | gin and tonics with local botanicals | glühwein | daily-changing menu with local produce",https://wildbrumby.com/visit-us/distillery-door-cafe/ | https://www.tripadvisor.com/Restaurant_Review-g1858103-d2625909-Reviews-Wildbrumby_Cafe-Crackenback_New_South_Wales.html | https://discoversnowymountains.com/things-to-do/wild-brumby-distillery-and-cafe/,yes,jindabyne,cafe,,https://wildbrumby.com
"1 Kosciuszko Road, Jindabyne NSW 2627",yes,AU,pub food | modern Australian | pizza | burgers | craft beer,yes,no,,,11:00–late,,11:00–late,,,11:00–late,11:00–late,11:00–late,11:00–late,11:00–late,banjo-paterson-inn-clancys,,21:00,-36.4144,148.6119,"The Banjo Paterson Inn is Jindabyne's quintessential apres-ski hub. Clancy's Brasserie serves pub classics including chicken schnitzel, Caesar salad, grilled Snowy River trout and a full grill selection. The Overflow is the more casual outlet, specialising in burgers and pizzas. Three bars – Musters Bar with outdoor terrace views of Lake Jindabyne, the sports bar and the Kosciuszko Brewhouse – mean there's always somewhere to watch the game or enjoy a Kosciuszko Pale Ale. Live music and nightly events run year-round.",The Banjo Paterson Inn – Clancy's Brasserie & The Overflow,,,cards_accepted,,,$$,snowy_mountains,not_needed,,"Jindabyne's best-known pub complex with two restaurants, three bars and the Kosciuszko Brewhouse pouring craft ales on-site.",Snowy River trout | chicken schnitzel | Kosciuszko Pale Ale | burgers (The Overflow) | pizza (The Overflow),https://www.banjopatersoninn.com.au | https://www.australiantraveller.com/nsw/snowy-mountains/jindabyne/jindabyne-restaurants/,yes,jindabyne,pub,,https://www.banjopatersoninn.com.au
"21 McLure Circuit, Jindabyne NSW 2627",yes,AU,pub food | Australian | steakhouse,yes,no,,,"12:00–15:00, 17:30–21:00",,"12:00–15:00, 17:30–21:00",,,"12:00–15:00, 17:30–21:00","12:00–15:00, 17:30–21:00","12:00–15:00, 17:30–21:00","12:00–15:00, 17:30–21:00","12:00–15:00, 17:30–21:00",lake-jindabyne-hotel-bistro,,20:45,-36.4138,148.6228,"The Lake Jindabyne Hotel Bistro is widely regarded as serving the best pub food in the Snowy Mountains. The menu is classic Australian pub fare – generous steaks, schnitzels, lamb shanks, pork belly, pasta – but executed with care and at pub prices. The outdoor veranda with sweeping lake views and indoor sports bar make it great year-round, and the self-serve sauce station adds a casual, no-fuss vibe. A favourite for locals and visitors alike. 300-seat capacity with waterfront seating.",Lake Jindabyne Hotel Bistro,,,cards_accepted,+61 2 6456 2203,,$$,snowy_mountains,not_needed,,"Lakefront pub bistro famous for legendary steaks, generous serves and panoramic lake views – a Jindabyne local institution.",300g rump steak | chicken parmi | lamb shanks | chicken schnitzel | pizza,https://www.tripadvisor.com/Restaurant_Review-g261617-d8564566-Reviews-Lake_Jindabyne_Hotel_Bistro-Jindabyne_New_South_Wales.html | https://www.agfg.com.au/restaurant/lake-jindabyne-bistro-672,no,jindabyne,pub,,
"2 Clyde Street, Jindabyne NSW 2627",yes,AU,pub food | steakhouse | gastropub,yes,no,,,16:00–00:00,,16:00–00:00,,,16:00–00:00,16:00–00:00,16:00–00:00,16:00–00:00,16:00–00:00,brumby-bar-grill,,21:00,-36.4147,148.6136,"The Brumby Bar & Grill on Clyde Street is a lively gastropub open nightly from 4pm until midnight, making it one of the latest-closing venues in Jindabyne and a solid apres-ski pick. The menu combines classic pub fare (beer-battered fish and chips, schnitzel, burgers, steak) with a rotating selection of local craft beers. The outdoor area and relaxed vibe make it popular with locals and mountain visitors. Kitchen closes well before midnight – check on arrival.",Brumby Bar & Grill,,,cards_accepted,+61 2 6456 2526,,$$,snowy_mountains,not_needed,,"Gastropub open from 4pm to midnight daily, featuring craft beer, innovative pub fare and a strong local following.",chicken schnitzel | beer-battered fish and chips | burgers | steak | craft beer selection,https://www.tripadvisor.com.au/Restaurant_Review-g261617-d5791841-Reviews-Brumby_Bar_Grill-Jindabyne_New_South_Wales.html | https://www.agfg.com.au/restaurant/brumby-bar-grill-680 | https://www.australiantraveller.com/nsw/snowy-mountains/jindabyne/jindabyne-restaurants/,no,jindabyne,pub,,https://www.brumbybarandgrill.com
"Shop 3, Level 2, Snowy Mountains Plaza (Old Town Centre), Jindabyne NSW 2627",no,AU,Persian | Middle Eastern,yes,no,,,18:30–21:30,,closed,,,18:30–21:30,closed,18:30–21:30,18:30–21:30 (winter/school holidays only),18:30–21:30 (winter/school holidays only),cafe-darya,,21:00,-36.4145,148.611,"Cafe Darya is a beloved Snowy Mountains institution offering authentic Persian cuisine in a cosy, unpretentious setting at the Old Town Centre. Dishes like slow-braised camel with chilli, radish, fennel and chickpeas showcase bold Middle Eastern flavours and local produce. The restaurant is BYO (wine and beer) and cash only – making a trip to the bottle shop and ATM beforehand essential. Open Tuesday–Saturday from 6:30pm in winter, Thursday–Saturday off-season.",Cafe Darya,,,cash_only,+61 2 6457 1867,,$$,snowy_mountains,recommended,,"Authentic Persian restaurant – one of the most distinctive dining experiences in the Snowy Mountains, BYO and cash only.","slow-braised camel with chilli, radish, fennel and chickpeas | Persian lamb | baghali polo",https://www.cafedarya.com.au | https://www.agfg.com.au/restaurant/cafe-darya-33503 | https://www.yelp.com/biz/cafe-darya-jindabyne,no,jindabyne,restaurant,,https://www.cafedarya.com.au
"Shop 10C, Nuggets Crossing Shopping Centre / Kosciuszko Road, Jindabyne NSW 2627",yes,AU,Italian | pizza | pasta,yes,no,,,"11:00–14:00, 17:00–00:00",,"11:00–14:00, 17:00–00:00",,,"11:00–14:00, 17:00–00:00","11:00–14:00, 17:00–00:00","11:00–14:00, 17:00–00:00","11:00–14:00, 17:00–00:00","11:00–14:00, 17:00–00:00",bacco-italian-restaurant,,23:45,-36.4148,148.61,"Bacco on Kosciuszko Road is Jindabyne's go-to Italian, serving a broad menu of thin-crust pizzas, house-made pastas, veal scallopini, pollo bacco, affogato and lumberjack cake. It's particularly family-friendly and one of the few places in town open until midnight, making it the best late-night dine-in option. Takeaway pizza and pasta available via a separate phone line. Dine-in is à la carte with BYO wine.",Bacco Italian Restaurant,,,cards_accepted,+61 2 6456 1420,,$$,snowy_mountains,recommended,tel:+61264561420,"Family-friendly Italian restaurant open 7 days with dine-in, BYO wine and late-night takeaway pizza and pasta.",pizzas | pollo bacco | veal scallopini | affogato | lumberjack cake,https://www.baccojindabyne.com | https://www.tripadvisor.com/Restaurant_Review-g261617-d2089263-Reviews-Bacco_Italian_Restaurant-Jindabyne_New_South_Wales.html | https://www.australiantraveller.com/nsw/snowy-mountains/jindabyne/jindabyne-restaurants/,yes,jindabyne,restaurant,,https://www.baccojindabyne.com
"Shop 19, Nuggets Crossing Shopping Centre, 5 Snowy River Avenue, Jindabyne NSW 2627",yes,AU,Japanese | izakaya | Asian,yes,no,,,17:30–21:00,,closed,,,17:30–21:00,closed,17:30–21:00,17:30–21:00,17:30–21:00,takayama-restaurant-bar,,20:45,-36.4148,148.6095,"Takayama brings Japanese izakaya mountain food to Jindabyne, inspired by the après-ski mountain hut culture of Japan. The menu features edamame, sushi rolls, pork gyoza, karaage chicken, katsu, tataki beef and ramen, complemented by Sapporo beer and yuzu cocktails. The sleek, modern interior seats intimate groups, and the team behind it also runs the town's other quality restaurants. Bookings are strongly recommended in peak ski season.",Takayama Restaurant & Bar,高山,,cards_accepted,+61 2 6456 1133,,$$,snowy_mountains,required,tel:+61264561133,Sleek Japanese izakaya-style restaurant in Nuggets Crossing open Tuesday–Saturday from 5:30pm – Sapporo on tap.,pork gyoza | karaage chicken | sushi rolls | ramen | Sapporo on tap | yuzu cocktail,https://www.takayama.com.au | https://www.tripadvisor.com/Restaurant_Review-g261617-d10031721-Reviews-Takayama_Restaurant_Bar-Jindabyne_New_South_Wales.html | https://www.australiantraveller.com/nsw/snowy-mountains/jindabyne/jindabyne-restaurants/,no,jindabyne,restaurant,,https://www.takayama.com.au
"62 Kosciusko Road, Jindabyne NSW 2627",no,AU,modern Australian | Asian fusion | fine dining,yes,no,,,dinner only,,closed (off-season),,,dinner only,closed (off-season),dinner only,dinner only (off-season),dinner only (off-season),embers-fireside-restaurant,,21:00,-36.417,148.607,"Embers Fireside Restaurant at Horizons Lake Jindabyne is the only upscale dining experience in the Snowy Mountains base town. The menu blends modern Australian and Asian influences: karaage chicken, sesame duck, fillet mignon, chilli garlic prawn pasta. Operating Tuesday–Saturday during off-season (October–May) and expanding to full winter hours, the roaring fireplace and lake-view setting make it the destination for date nights and special occasions. Call 02 6456 2562 to book.",Embers Fireside Restaurant (Horizons Lake Jindabyne),,,cards_accepted,+61 2 6456 2562,,$$$,snowy_mountains,required,tel:+61264562562,"Jindabyne's only premium fine-dining restaurant – Asian-Modern Australian menu with roaring winter fireplace, reservations essential.",karaage chicken | sesame duck | fillet mignon | chilli garlic prawn pasta,https://www.horizonslakejindabyne.com.au/eat-drink/ | https://www.australiantraveller.com/nsw/snowy-mountains/jindabyne/jindabyne-restaurants/,no,jindabyne,restaurant,,https://www.horizonslakejindabyne.com.au/eat-drink/
"Shop 15/33 Kosciuszko Road, Jindabyne NSW 2627",no,AU,Mexican | Tex-Mex,yes,no,,,17:30–20:30,,17:30–20:30,,,17:30–20:30,17:30–20:30,17:30–20:30,17:30–20:30,17:30–20:30,cocina-taqueria-jindabyne,,20:15,-36.4142,148.6113,"Cocina Taqueria occupies a cosy upstairs space at 33 Kosciuszko Road and has been reinvigorated under new ownership since November 2024. The menu features tacos, burritos, ceviche, jalapeño poppers and Oaxacan lamb barbacoa, alongside tequila, mezcal and margaritas. With outdoor seating and an upstairs dining area, it's a popular choice for groups. Dinner service runs 7 nights from 5:30pm to 8:30pm.",Cocina Taqueria,,,cards_accepted,+61 2 6457 2888,,$$,snowy_mountains,recommended,https://www.cocina.com.au,"Contemporary Mexican restaurant on Kosciuszko Road, under new ownership since 2024, open 7 nights from 5:30pm.",Oaxacan lamb barbacoa tacos | ceviche | jalapeño poppers | margaritas | mezcal selection,https://www.cocina.com.au | https://www.australiantraveller.com/nsw/snowy-mountains/jindabyne/jindabyne-restaurants/,yes,jindabyne,restaurant,,https://www.cocina.com.au
"6 Thredbo Terrace, Jindabyne NSW 2627",yes,AU,bar food | American | pub food,yes,no,,,15:00–23:00,,15:00–22:00,,,15:00–23:00,15:00–22:00,15:00–22:00,15:00–22:00,15:00–22:00,holly-go-lightly,,21:30,-36.4152,148.6118,"Holly Go Lightly on Thredbo Terrace is the closest thing Jindabyne has to a proper night-life venue, with a beer garden, DJ sessions through winter and summer, and a menu that leans American-comfort: poutine, fried cheese balls, maple bacon burgers and beef cheeseburgers. The relaxed atmosphere makes it equally good for a quiet afternoon beer or a rowdy post-mountain session. Open from 3pm daily, until 11pm on weekends.",Holly Go Lightly,,,cards_accepted,,,$$,snowy_mountains,not_needed,,"Locals' favourite bar with beer garden, DJ nights, poutine and maple bacon burgers – open until 11pm Fri/Sat.",poutine | fried cheese balls | maple bacon burger | beef cheeseburger,https://www.tripadvisor.com.au/Restaurant_Review-g261617-d23896476-Reviews-Holly_Go_Lightly-Jindabyne_New_South_Wales.html | https://www.visitnsw.com/destinations/snowy-mountains/jindabyne-area/jindabyne/food-and-drink/holly-go-lightly | https://www.australiantraveller.com/nsw/snowy-mountains/jindabyne/jindabyne-restaurants/,no,jindabyne,bar,,
"Level 1, Shop 14/33 Kosciuszko Road, Jindabyne NSW 2627",yes,AU,bar food | American | burgers | craft beer,yes,no,,,12:00–22:00,,12:00–22:00,,,12:00–22:00,12:00–22:00,12:00–22:00,12:00–22:00,12:00–22:00,jindabyne-emporium,,21:30,-36.4142,148.6113,"Jindabyne Emporium occupies a level-1 space on Kosciuszko Road with sweeping Lake Jindabyne views. The happy hour runs daily from 4pm to 6pm ($8 schooners and wines), making it the best-value apres-ski drink in town. The food menu covers burgers, tacos, pork belly nuggets and cheeseburger spring rolls, backed by an extensive independent Australian craft beer list, natural/lo-fi wines and Aussie spirits. The setting is casual and the lake view spectacular at sunset.",Jindabyne Emporium,,,cards_accepted,,,$$,snowy_mountains,not_needed,,"Lake-view bar and eatery with daily 4–6pm Happy Hour, craft burgers, tacos and the best craft beer and lo-fi wine selection in town.",cheeseburger spring rolls | pork belly nuggets | burgers | tacos | daily Happy Hour $8 schooners 4–6pm,https://www.jindabyneemporium.com | https://www.australiantraveller.com/nsw/snowy-mountains/jindabyne/jindabyne-restaurants/,no,jindabyne,bar,,https://www.jindabyneemporium.com
"5 Nettin Circuit, Jindabyne NSW 2627",yes,AU,bar food | craft beer | share plates,yes,no,,,15:00–21:00,,closed,,,12:00–21:00,12:00–21:00,15:00–21:00,closed,15:00–21:00,jindabyne-brewing-co,,20:30,-36.4175,148.6094,"Jindabyne Brewing Co is the town's only dedicated craft brewery and taproom, located on Nettin Circuit a short drive from the main strip. Flagship beers include Alpine Red X (dark lager) and Hefe Weiss (German wheat beer). The small kitchen puts out meat skewers, house chips and aioli to complement the pints. The taproom opens from 3pm Wednesday–Friday and noon on weekends, making it an ideal first stop on a non-ski afternoon.",Jindabyne Brewing Co,,,cards_accepted,,,$$,snowy_mountains,not_needed,,"Independent craft brewery with taproom on Nettin Circuit, open from midday weekends – try the Alpine Red X dark lager.",Alpine Red X dark lager | Hefe Weiss wheat beer | meat skewers | house chips with aioli,https://www.jindabynebrewing.com.au | https://www.tripadvisor.com/Attraction_Review-g261617-d12542601-Reviews-Jindabyne_Brewing-Jindabyne_New_South_Wales.html,no,jindabyne,bar,,https://www.jindabynebrewing.com.au
"16 Nettin Circuit, Jindabyne NSW 2627",no,AU,Thai | Asian,yes,no,,,17:00–21:30,,17:00–21:30,,,17:00–21:30,17:00–21:30,17:00–21:30,17:00–21:30,17:00–21:30,panorama-thai,,21:00,-36.4168,148.6095,"Panorama Thai on Nettin Circuit offers a reliable, warming Thai menu every evening from 5pm, making it one of the most convenient dinner options in Jindabyne. Standout dishes include massaman beef, chilli basil eggplant and the spicy pad kee mao. The relaxed setting and reasonable prices make it popular with families and ski groups. The same lakeside panorama views as the Panorama Jindabyne motel next door.",Panorama Thai,,,cards_accepted,+61 2 6456 2918,,$$,snowy_mountains,recommended,tel:+61264562918,Thai restaurant on Nettin Circuit open 7 nights from 5pm – go-to for warming massaman curry after a cold day on the mountain.,massaman beef curry | chilli basil eggplant | pad kee mao (spicy) | Thai iced tea,https://www.tripadvisor.com.au/Restaurant_Review-g261617-d11903505-Reviews-Panorama-Jindabyne_New_South_Wales.html | https://www.australiantraveller.com/nsw/snowy-mountains/jindabyne/jindabyne-restaurants/,yes,jindabyne,restaurant,,
"Level 3, Shop 5/3 Kosciuszko Road, Jindabyne NSW 2627",no,AU,Mexican | Tex-Mex,yes,no,,,,,,,,,,,,,beach-burrito-co-jindabyne,,,-36.4142,148.6113,"Beach Burrito Co occupies a level-3 perch on Kosciuszko Road with spectacular Lake Jindabyne views. The menu is reliably casual Mexican – tacos, quesadillas, burritos – with a strong cocktail list of tequilas, margaritas and sangria. The kids' menu includes a DIY taco kit, making it one of the most family-friendly dinner options in town. BYO is not permitted.",Beach Burrito Co,,,cards_accepted,,,$$,snowy_mountains,not_needed,,"Casual Mexican chain with lake views, kids' DIY taco kits, tequila and margaritas – great for families.",tacos | burritos | quesadillas | margaritas | kids' DIY taco kit,https://www.australiantraveller.com/nsw/snowy-mountains/jindabyne/jindabyne-restaurants/,yes,jindabyne,restaurant,,
"1 Snowy River Avenue, Jindabyne NSW 2627",no,AU,cafe | Mexican-inspired | modern Australian,yes,no,,,,,,,,,,,,,bebita-jindabyne,,,-36.4148,148.6095,"Bebita is tucked into a quiet spot on Snowy River Avenue, offering a relaxed alternative to the main strip. The menu covers coffee, fresh juices, salads, nachos, burrito bowls and tacos, with house-baked cheesecakes (mint choc, caramilk, Kit Kat) as the standout desserts. BYO wine and beer are welcome, and an outdoor terrace makes it a pleasant lunch spot in fine weather.",Bebita,,,cards_accepted,,,$$,snowy_mountains,not_needed,,"Wholesome fresh food cafe in Jindabyne's backstreets serving brunch, nachos, burrito bowls and spectacular cheesecakes.",mint choc cheesecake | caramilk cheesecake | burrito bowl | nachos,https://www.australiantraveller.com/nsw/snowy-mountains/jindabyne/jindabyne-restaurants/,no,jindabyne,cafe,,
"1 Kosciuszko Road, Jindabyne NSW 2627",no,AU,Italian | pizza,yes,no,,,,,,,,,,,,,stacks-pizza-jindabyne,,,-36.4144,148.6119,"Stacks Pizza at 1 Kosciuszko Road (inside the Banjo Paterson Inn precinct) is Jindabyne's most accessible pizzeria, offering dine-in, takeaway and by-the-slice options. The menu covers all the classics – ham and pineapple, supreme, meat lovers, chorizo and boscaiola – with the Pontiac potato pizza standing out as the local favourite. BYO wine only.",Stacks Pizza,,,cards_accepted,,,$,snowy_mountains,not_accepted,,"Casual BYO pizzeria serving dine-in, takeaway and by-the-slice pizza – Pontiac potato pizza is the local favourite.",Pontiac potato pizza | meat lovers pizza | boscaiola pizza | by-the-slice,https://www.australiantraveller.com/nsw/snowy-mountains/jindabyne/jindabyne-restaurants/,yes,jindabyne,restaurant,,
"Shop 18B, Nuggets Crossing Shopping Centre, Snowy River Avenue, Jindabyne NSW 2627",yes,AU,bar | wine bar | share plates,yes,no,,,,,,,,,,,,,pinots-wine-bar,,,-36.4148,148.6095,"Pinot's Wine Bar in Nuggets Crossing is Jindabyne's most intimate small bar, offering a carefully curated wine list, craft beers and cocktails alongside sophisticated bar snacks: toasted brioche with ricotta and white anchovies, pumpkin and truffle arancini balls, and a cheese board. The small, cosy space fills quickly in ski season, making it the top recommendation for couples seeking a relaxed but upscale evening out.",Pinot's Wine Bar,,,cards_accepted,,,$$,snowy_mountains,recommended,,"Best date-night spot in Jindabyne – intimate wine bar with artisan snacks, craft beer, cocktails and a curated wine list.",toasted brioche with ricotta and white anchovies | pumpkin and truffle arancini | cheese board,https://www.australiantraveller.com/nsw/snowy-mountains/jindabyne/jindabyne-restaurants/,no,jindabyne,bar,,
"2 Bay Street, Jindabyne NSW 2627",yes,AU,pub food | Australian,yes,no,,,,,,,,,,,,,jindabyne-bowling-club,,,-36.4135,148.6148,"The Jindabyne Bowling Club on Bay Street punches well above its weight as a family dining destination. The bistro menu covers burgers, prawn cutlets, chicken parmi and steak sandwiches at bowlo prices. An indoor playground keeps children occupied, Thursday trivia nights draw a local crowd, and the courtesy bus means you don't need to drive. A reliable, genuinely affordable option for large groups and families.",Jindabyne Bowling Club,,,cards_accepted,,,$,snowy_mountains,not_needed,,"Family-friendly bowling club bistro with indoor playground, Thursday trivia and courtesy bus – best-value family dinner in town.",chicken parmi | prawn cutlets | steak sandwich | burger,https://www.australiantraveller.com/nsw/snowy-mountains/jindabyne/jindabyne-restaurants/,no,jindabyne,pub,,
"Shop 1, Nuggets Crossing Shopping Centre, 6 Kosciuszko Road, Jindabyne NSW 2627",no,AU,groceries | supermarket,yes,yes,,,07:00–21:00,,07:00–21:00,,,07:00–21:00,07:00–21:00,07:00–21:00,07:00–21:00,07:00–21:00,woolworths-jindabyne,,20:55,-36.4148,148.61,"Woolworths in Nuggets Crossing Shopping Centre is the main supermarket in Jindabyne, stocking all grocery staples, fresh produce, deli items, pre-made meals, ski snacks, wine and beer. Open 7am–9pm every day of the year (closed Christmas Day), it's the essential first stop for self-contained accommodation guests. The extensive ready-meal range is popular for easy weeknight ski dinners. The BWS bottle shop is co-located.",Woolworths Jindabyne,,,cards_accepted,+61 2 6448 8000,,$,snowy_mountains,not_needed,,Full-size Woolworths supermarket open 7am–9pm every day – the primary grocery stop for self-catering ski accommodation.,,http://www.nuggetscrossing.com.au/woolworths/ | https://www.woolworths.com.au/shop/storelocator/nsw-jindabyne-1401,yes,jindabyne,restaurant,,https://www.woolworths.com.au/shop/storelocator/nsw-jindabyne-1401
"Shop 1, Nuggets Crossing Shopping Centre, Kosciuszko Road, Jindabyne NSW 2627",no,AU,bottle shop | liquor,yes,yes,,,09:00–20:00,,09:00–20:00,,,09:00–20:00,10:00–20:00,09:00–20:00,09:00–20:00,09:00–20:00,bws-jindabyne,,19:55,-36.4148,148.61,"BWS Jindabyne is the main bottle shop in town, co-located with Woolworths in Nuggets Crossing Shopping Centre. It stocks a wide range of beer (including local craft), wine, spirits and RTDs. Open 9am–8pm Monday–Saturday and 10am–8pm Sunday (closed Christmas Day). For BYO restaurants like Cafe Darya and Bacco, an ATM and BWS trip should be planned before the dinner booking.",BWS – Beer Wine Spirits (Nuggets Crossing),,,cards_accepted,+61 2 6448 8003,,$,snowy_mountains,not_needed,,Bottle shop inside Nuggets Crossing Shopping Centre open 7 days – the primary liquor stop for Jindabyne self-catering guests.,,http://www.nuggetscrossing.com.au/bws/ | https://www.shopfully.com.au/stores/bws/48485/shop-1-nuggets-crossing-jindabyne-nsw-2627,yes,jindabyne,bar,,https://store.bws.com.au/storelocator/nsw-jindabyne-6448
"6/141 Snowy River Avenue, Jindabyne NSW 2627",no,AU,cafe | specialty grocery | deli,yes,yes,,,,,,,,,,,,,the-market-jindabyne,,,-36.4148,148.609,"The Market Jindabyne on Snowy River Avenue is part specialty grocery, part cafe. It serves excellent coffee (matcha, juice included), toasties on local sourdough, pastries and smoothie bowls, while also stocking a curated selection of cured meats, cheeses, honey, preserves, organic fruit and vegetables. The combination of eat-in and take-home produce makes it a great morning stop before the mountain or a lazy afternoon browse.",The Market Jindabyne,,,cards_accepted,,,$,snowy_mountains,not_needed,,"Specialty food and coffee shop stocking local produce, cured meats, cheese, honey and artisan groceries plus great coffee.",sourdough toastie | matcha latte | cured meats platter | artisan cheese selection,https://www.australiantraveller.com/nsw/snowy-mountains/jindabyne/jindabyne-restaurants/,yes,jindabyne,cafe,,
"Crackenback Valley, Crackenback NSW 2627",no,AU,French country | modern Australian | fine dining,yes,no,,,lunch and dinner (winter season),,dinner (seasonal),,,lunch and dinner (winter season),lunch and dinner (winter season),dinner,dinner (seasonal),dinner (seasonal),crackenback-farm-restaurant,,20:30,-36.453,148.493,"Crackenback Farm Restaurant is consistently cited as one of the best dining experiences in the entire Snowy Mountains region. The Glenn Murcutt-designed dining room has a soaring cathedral ceiling and a roaring open fireplace in winter. The French country-farmhouse menu is produce-driven, seasonal and complemented by a well-selected wine list. In season it opens for both lunch and dinner; outside ski season, dinner only on selected days. Reservations are essential.",Crackenback Farm Restaurant,,,cards_accepted,+61 2 6456 2601,,$$$,snowy_mountains,required,tel:+61264562601,"Award-winning French country restaurant 5 min from Jindabyne with cathedral ceiling, open fire and the best wine list in the Snowies.",seasonal French-Australian degustation | country farmhouse menu,https://www.crackenback.com | https://www.tripadvisor.com/Hotel_Review-g1858103-d1216485-Reviews-Crackenback_Farm_Restaurant_Guesthouse-Crackenback_New_South_Wales.html,no,jindabyne,restaurant,,https://www.crackenback.com
"62 Kosciusko Road, Jindabyne NSW 2627",yes,AU,bar food | modern Australian | cocktails,yes,no,,,varies,,varies,,,varies,varies,varies,varies,varies,squires-bar-bistro-horizons,,,-36.417,148.607,"Squires Bar & Bistro is the casual dining and drinking outlet at Horizons Lake Jindabyne, remaining open year-round as a complement to the premium Embers Fireside Restaurant which opens seasonally. The beer garden and Squires Cocktail Bar offer relaxed dining, local beers, cocktails and bistro meals. The lakeside hotel setting and waterfront views make it a popular choice for groups staying at Horizons or passing through.",Squires Bar & Bistro (Horizons Lake Jindabyne),,,cards_accepted,+61 2 6456 2562,,$$,snowy_mountains,not_needed,,Hotel bar and bistro at Horizons with beer garden and cocktail bar – open while Embers Fireside Restaurant is closed.,cocktails | local craft beer | bistro meals,https://www.horizonslakejindabyne.com.au/eat-drink/,no,jindabyne,bar,,https://www.horizonslakejindabyne.com.au/eat-drink/
"Nuggets Crossing Shopping Centre, Jindabyne NSW 2627",no,AU,groceries | supermarket,yes,yes,,,07:00–19:00,,07:00–19:00,,,07:00–19:00,07:00–19:00,07:00–19:00,07:00–19:00,07:00–19:00,jindabyne-iga-nuggets,,,-36.4148,148.61,"Jindabyne has a local IGA-affiliated grocer in addition to Woolworths, providing a convenient option for top-up grocery shopping. Stocking fresh produce, packaged goods, snacks, drinks and some specialty items, it's useful during peak ski season when Woolworths can be extremely busy. Opening hours are shorter than Woolworths, so check before making a special trip. Location and exact hours should be verified on arrival as the store configuration changes.",IGA / Local Grocer (formerly in Nuggets Crossing),,,cards_accepted,,,$,snowy_mountains,not_needed,,Local IGA-affiliated grocer in Jindabyne for top-up shopping when Woolworths is closed or too busy.,,https://accommodationjindabyne.com/things-to-do-type/groceries/,yes,jindabyne,cafe,,
"Kosciuszko Road, Jindabyne NSW 2627",no,AU,convenience | snacks | hot drinks,yes,yes,,,06:00–20:00,,06:00–20:00,,,06:00–20:00,06:00–20:00,06:00–20:00,06:00–20:00,06:00–20:00,ampol-foodary-jindabyne,,19:55,-36.4145,148.6105,"The Ampol Foodary on Kosciuszko Road is the practical early-morning stop for ski-day fuel. Open from 6:00am seven days a week, it's one of the first businesses in Jindabyne to open and stocks petrol, diesel, hot drinks, packaged snacks, sandwiches and convenience groceries. Essential for self-contained apartment guests needing to fill the car and grab a quick bite before the mountain run.",Ampol Foodary Jindabyne,,,cards_accepted,+61 2 6456 2576,,$,snowy_mountains,not_needed,,"Service station with attached convenience store open from 6am – essential for early-morning fuel, snacks and hot drinks before heading to the mountain.","hot coffee | packaged snacks | fuel (unleaded 91, 95, 98, diesel)",https://locations.ampol.com.au/en/ampol-foodary-jindabyne,yes,jindabyne,cafe,,https://locations.ampol.com.au/en/ampol-foodary-jindabyne
"5332 Kosciuszko Road, East Jindabyne NSW 2627",no,AU,convenience | fuel,yes,yes,,,06:30–18:30,,06:30–18:30,,,07:30–18:30,07:30–18:30,06:30–18:30,06:30–18:30,06:30–18:30,metro-petroleum-jindabyne,,18:25,-36.409,148.6265,"Metro Petroleum on Kosciuszko Road in East Jindabyne is the second service station in the Jindabyne area, useful for guests staying on the eastern side of the lake at Discovery Parks or Siesta Villa. Open from 6:30am on weekdays and 7:30am weekends, it provides fuel, basic convenience goods and cold drinks. Often cheaper fuel than the main-strip station.",Metro Petroleum Jindabyne (East Jindabyne),,,cards_accepted,+61 2 6456 7112,,$,snowy_mountains,not_needed,,"Second fuel and convenience stop in East Jindabyne, handy for Discovery Parks guests heading toward Perisher or Thredbo.","fuel (diesel, U91, U95, U98) | convenience snacks",https://petrolspy.com.au/map/station/53e060e2e4b0b6abc8d163c6,yes,jindabyne,cafe,,
"Shop 2, 70 Jindabyne Road, Berridale NSW 2628",no,AU,Australian | Cafe | Bakery,yes,no,,,06:30–14:00,,06:30–14:00,,,06:30–14:00,06:30–14:00,06:30–14:00,06:30–14:00,06:30–14:00,bean-and-barley-berridale,,13:45,-36.3808,148.8244,"The Bean & Barley is the best-reviewed cafe in Berridale (4.4 Google, 4.0 Tripadvisor) and the practical go-to for breakfast before heading to the slopes. Signature dishes include bacon and eggs, egg rolls, bacon rolls, cheesecake, and mud cake. The cafe has an airy, rustic ambience with outdoor seating, highchairs for kids, and accepts credit cards. Opens at 6:30–7am daily, closes at 2pm — meaning it's not an après-ski option.",The Bean & Barley,,,cards_accepted,+61 422 346 587,,$,snowy_mountains,not_needed,,"Berridale's main all-day cafe, open 7 days with breakfast, brunch, and lunch — charming rustic space with gluten-free options.",Bacon and eggs | Egg roll | Bacon roll | Cheesecake | Mud cake,https://www.tripadvisor.com/Restaurant_Review-g528921-d25353193-Reviews-The_Bean_Barley-Berridale_New_South_Wales.html | https://restaurantguru.com/The-Bean-and-Barley-Cafe-Berridale | https://www.atly.com/gluten-free/location/The-Bean-and-Barley---Cafe,yes,berridale,cafe,,
"66 Jindabyne Road, Berridale NSW 2628",yes,AU,Australian | Pub | Bar | Asian,yes,no,,,,,,,,,,,,,berridale-inn-pub-restaurant,,,-36.3808,148.8242,"The Berridale Inn is the town's main pub and social hub. The restaurant serves Australian and Asian-influenced food (including pub meals from a $10 budget menu and a full dinner menu). The public bar has darts, Keno, TAB, and big-screen TVs; the lounge bar is family-friendly with a pool table and beer garden. Reviews note comfortable warm ambience and friendly service. Important caveat: the pub posted a Facebook notice of temporary closure due to electrical issues in late 2024 — check current operating status before visiting.",Berridale Inn,,,cards_accepted,+61 2 6456 3209,,$$,snowy_mountains,not_needed,,"The town pub — Australian country bar with a restaurant serving Asian-influenced dishes, open fireplace, TAB, and beer garden.",Pub burgers | Asian stir-fries | Lime chilli squid,https://www.tripadvisor.com/Restaurant_Review-g528921-d6966357-Reviews-Berridale_Inn-Berridale_New_South_Wales.html | https://www.facebook.com/p/Berridale-Inn-100083099834437/ | https://www.acttourism.com.au/restaurants/dining/nsw/berridale/berridale-inn/130643,no,berridale,pub,,https://www.facebook.com/p/Berridale-Inn-100083099834437/
"Kosciuszko Road, Berridale NSW 2628",no,AU,Cafe | Coffee,yes,no,,,,,,,,,,,,,meet-you-halfway-berridale,,,-36.3815,148.823,"Meet You Halfway is a small but beloved Berridale institution — a vintage caravan coffee van on the Kosciuszko Road highway strip, now expanded with an adjoining dine-in creative space and art gallery. Run by Fen and Jase, the van is known for outstanding coffee (frequently called the best between Cooma and Jindabyne), Reuben toasties, and warm community atmosphere. Pet-friendly outdoor area. Opens early, making it ideal pre-ski. Closes in the afternoon — not an après option.",Meet You Halfway,,,cards_accepted,,,$,snowy_mountains,not_needed,,"Beloved vintage caravan coffee stop on Kosciuszko Road with community creative space, art gallery, and excellent espresso.",Reuben toastie | Espresso coffee | Baked treats,https://www.halfwaycoffee.com.au | https://thefold.com.au/nsw/snowy-mountains-region/food-drink/cafes-restaurants/meet-you-halfway/ | https://lamontmag.com/meet-you-halfway-the-berridale-coffee-van-thats-brewing-community-and-creativity/ | https://jindabyneskiaccommodation.com.au/suburbs/berridale/,yes,berridale,cafe,,https://www.halfwaycoffee.com.au
"20 Boundary Street, Berridale NSW 2628",yes,AU,Pizza | Italian,yes,no,,,12:00–19:00 (heat-to-eat); 17:00–close (fresh),,12:00–19:00 (heat-to-eat only),,,12:00–19:00 (heat-to-eat); 17:00–close (fresh),12:00–19:00 (heat-to-eat only),12:00–19:00 (heat-to-eat only),12:00–19:00 (heat-to-eat only),12:00–19:00 (heat-to-eat only),out-of-bounds-berridale-pizza,,,-36.3812,148.8235,"Out of Bounds is a wood-fired pizza van run by Anthony Green, a former skier who became Berridale's 2023 NSW Local Business of the Year. The dough is slow-fermented over days; toppings are locally sourced. The van offers two formats: fresh hot pizzas on Friday and Saturday from 5pm (phone orders from 5pm on 0412 867 751), and a heat-to-eat range of vacuum-sealed, oven-cooked pizzas available daily from noon for reheating at your accommodation — practical for groups staying in self-contained properties. Located at 20 Boundary Street per one source; van-based so may move.",Out of Bounds Berridale Pizza,,,cards_accepted,+61 412 867 751,,$,snowy_mountains,not_needed,,"Wood-fired pizza van run by a local legend — fresh pizzas Friday–Saturday from 5pm, heat-to-eat range available daily from noon.",Wood-fired pizza | Heat-to-eat vacuum-sealed pizza,https://outofboundsberridale.com.au | https://guide.lamontmag.com/out-of-bounds/ | https://www.zestapp.com.au/caterers/out-of-bounds-berridale-pizza/b29c1926-82ab-4ac7-bfd4-b6655ebec511,yes,berridale,restaurant,,https://outofboundsberridale.com.au
"255 Werralong Road, Dalgety NSW 2628",no,AU,Bar | Australian | Brewery | Winery,yes,no,,,10:00–17:00,,Closed,,,10:00–17:00,10:00–17:00,10:00–17:00,Closed,10:00–17:00,snowy-vineyard-microbrewery-dalgety,,,-36.49,149.01,"The Snowy Vineyard & Microbrewery (now rebranded as Dalgety Brewing Co) is a 1980s tourism landmark located 18 km from Berridale on 255 Werralong Road, Dalgety. Nine craft beers on tap including IPA, stout, and hefeweizen, plus the estate's own wines (shiraz, bubbly, ciders). The outdoor areas include Snowy River frontage, outdoor games, and farm animals. Food covers brunch, lunch, and share platters (antipasto, cheese/meat boards, sweet potato fries, wedges, chicken tacos). Open Wed–Sun. Phone: +61 1300 766 608. Note: this is ~18 km from central Berridale but is listed under Berridale 2628 in tourism directories.",Snowy Vineyard & Microbrewery (Dalgety Brewing Co),,,cards_accepted,+61 1300 766 608,,$$,snowy_mountains,not_needed,,"Iconic winery and microbrewery on the Snowy River — nine craft beers on tap, estate wines, share platters, and outdoor dining.",Craft beer sampler (4 beers) | Ginger cider | Antipasto platter | Sweet potato fries | Ploughman's platter | Cheese and charcuterie board,https://www.tripadvisor.com/Restaurant_Review-g528921-d5286206-Reviews-Snowy_Vineyard_Microbrewery-Berridale_New_South_Wales.html | https://snowymountains.com.au/directory/dalgety-brewing-company | https://visitcooma.com.au/attractions/snowy-vineyard-estate-dalgety/,no,berridale,bar,,
"35 Jindabyne Road, Berridale NSW 2628",yes,AU,Wine Bar | Providore | Deli,yes,yes,,,10:00–18:00,,10:00–18:00,,,10:00–18:00,10:00–17:00,10:00–18:00,10:00–18:00,10:00–18:00,little-grocer-shut-the-gate-berridale,,,-36.381,148.8238,"The Little Grocer Berridale is a gourmand's destination in a small town. It combines Shut The Gate's cellar door tasting room (cool-climate Tumbarumba and Hilltops wines), a premium providore stocked with artisan cheeses, charcuterie, pâté, fresh local sourdoughs, and Merimbula Lake oysters, plus craft beers and spirits. Build-your-own picnic platters can be enjoyed in the Secret Garden. Fresh produce arrives weekly. Also acts as Berridale's best bottle shop. Open Mon–Sat 10am–6pm, Sun 10am–5pm.",The Little Grocer / Shut The Gate Cellar Door,,,cards_accepted,+61 2 6456 4601,,$$,snowy_mountains,not_needed,,"Gourmet providore, bottle shop, and cellar door wine bar combined — artisan cheeses, sourdough, oysters, craft beer, and local wines.",Artisan cheese board | Charcuterie platter | Merimbula Lake oysters | Local sourdough | Wine tasting flight | DIY picnic platter,https://shutthegate.com.au/pages/visit-us | https://snowymountains.com.au/directory/the-little-grocer-berridale | https://www.visitnsw.com/destinations/snowy-mountains/jindabyne-area/berridale/food-and-drink/the-little-grocer-berridale | https://www.facebook.com/thelittlegrocerberridale/,yes,berridale,bar,,https://shutthegate.com.au/pages/visit-us
"74 Jindabyne Road, Berridale NSW 2628",,AU,Thai,,no,,,,,,,,,,,,,berridale-thai-restaurant,,,-36.3807,148.8245,Berridale Thai Restaurant is listed at 74 Jindabyne Road (same building as the Berridale LPO/Post Office). It appears to be a recent addition to the Berridale dining scene with no Tripadvisor reviews yet and no posted hours. Phone contact available. Inclusion is based on verified Tripadvisor listing with confirmed address and phone; details should be treated with caution until the business is more established.,Berridale Thai Restaurant,,,,+61 422 977 391,,,snowy_mountains,not_needed,,"Thai restaurant at 74 Jindabyne Road — newly listed, no reviews yet.",,https://www.tripadvisor.com/Restaurant_Review-g528921-d27561573-Reviews-Berridale_Thai_Restaurant-Berridale_New_South_Wales.html,,berridale,restaurant,,
"Lot 3 Southern Cross Drive, Berridale NSW 2628",yes,AU,Australian | International,yes,no,,,,,,,,,,,,,snowgate-restaurant-berridale,,,-36.3812,148.8235,"The SnowGate Restaurant is the on-site dining option at Snowgate Motel on Southern Cross Drive. It serves an international menu for breakfast and dinner and is one of the few Berridale options with evening meals available, making it relevant for après-ski dining. Open to non-motel guests. The bar is also accessible. Given the motel's ski-season focus, hours are most reliable during the June–September season.",SnowGate Restaurant,,,cards_accepted,+61 2 6456 3111,,$$,snowy_mountains,recommended,,Family restaurant inside the Snowgate Motel serving international cuisine for breakfast and dinner — open to non-guests.,,https://www.expedia.com.au/Berridale-Hotels-Snow-Gate-Motel-And-Apartments.h19287269.Hotel-Information | https://snowgatemotel.com.au,no,berridale,restaurant,,https://snowgatemotel.com.au
"1 Middlingbank Road, Berridale NSW 2628",yes,AU,Australian | Pub,yes,no,,,,,,,,,,,,,southern-cross-restaurant-berridale,,,-36.3793,148.8218,"The Southern Cross Motor Inn's 100-seat restaurant is one of the larger dining spaces in Berridale, serving pub-style meals with a bar/lounge and open fireplace. Open to the public, not just motel guests. Practical for groups or families wanting a sit-down dinner after skiing. The bar and fire make it a viable après-ski option in the ski season. No separate menu or hours published online — contact the motel directly.",Southern Cross Motor Inn Restaurant,,,cards_accepted,+61 2 6456 3289,,$,snowy_mountains,not_needed,,100-seat restaurant inside the Southern Cross Motor Inn with bar and open fireplace — open to the public.,,https://www.tripadvisor.com/Hotel_Review-g528921-d1104595-Reviews-Southern_Cross_Motor_Inn_Tourist_Park-Berridale_New_South_Wales.html,no,berridale,restaurant,,
Berridale NSW 2628,no,AU,Cafe | Australian,yes,no,,,,,,,,,,,,,the-19th-hole-berridale,,,-36.379,148.83,"The 19th Hole Berridale is the cafe at Coolamatong Snowy Mountains Country Club (golf club), located just outside central Berridale on the road to Jindabyne. It is listed on Tripadvisor with no reviews as yet. Based on the pattern of Australian club cafes, it likely serves coffee, sandwiches, and basic meals. Included for completeness given limited Berridale food options, but treat hours and offerings as unverified.",The 19th Hole Berridale,,,,,,$,snowy_mountains,not_needed,,Cafe at the Coolamatong Golf Club just outside Berridale — coffee and light meals for golfers and passers-by.,,https://www.tripadvisor.com/Restaurant_Review-g528921-d27561580-Reviews-The_Perfect_Cup-Berridale_New_South_Wales.html,no,berridale,cafe,,
"Jindabyne Road, Berridale NSW 2628",no,AU,Supermarket | Groceries,yes,yes,,,,,,,,,,,,,berridale-iga-supermarket,,,-36.3808,148.8245,"The IGA on Jindabyne Road is the primary grocery option in Berridale for self-catering ski groups. The store stocks standard supermarket essentials, pantry items, frozen food, and some fresh produce. For groups in self-contained properties — which cover a significant portion of Berridale's accommodation — this is a critical stop. Small-town IGA stores typically operate 7am–7pm Mon–Fri and reduced hours on weekends, though exact Berridale hours are not confirmed online. The IGA is also home to the Berridale LPO (post office) at Shop 6a, 74 Jindabyne Road.",IGA Berridale,,,cards_accepted,,,$,snowy_mountains,not_accepted,,The town's main supermarket on Jindabyne Road — essential for self-catering ski groups stocking up before heading to the mountain.,,https://auspost.com.au/locate/post-office/nsw/berridale/2628/berridale-lpo-226798 | https://www.iga.com.au,yes,berridale,supermarket,,https://www.iga.com.au
"Snowy Mountains Highway, Berridale NSW 2628",no,AU,Convenience | Takeaway,yes,no,,,,,,,,,,,,,united-service-station-berridale,,,-36.3815,148.8228,"The service station on the Snowy Mountains Highway through Berridale is an essential practical stop for ski-bound travellers — fuelling up, grabbing snacks, hot drinks, and convenience food before hitting the mountain. The exact operator (United, Caltex, or independent) is unconfirmed online but a fuel station is confirmed operational in town. Provides: petrol, diesel, LP gas, convenience store snacks, hot food/pies (likely), coffee. Open daily, extended hours during ski season likely.",Berridale Service Station,,,cards_accepted,,,$,snowy_mountains,not_accepted,,"Fuel, convenience snacks, and hot food on the highway — the last servo before Jindabyne heading to the snowfields.",Hot pies | Coffee | Convenience snacks,https://highcountryonline.com.au/berridale-crackenback-dalgety-jindabyne-thredbo-valley/,yes,berridale,service-station,,
Berridale NSW 2628,no,AU,Bakery,yes,no,,,,,,,,,,,,,berridale-bakery,,,-36.381,148.824,"The Berridale Bakery is listed as a nearby establishment in Tripadvisor's local data for Berridale (appearing as 'The Berridale Bakery' near Myack Street). No independent website or phone number has been confirmed. Given Berridale's small size and the existing Bean & Barley cafe, this may operate as a small-scale or part-time operation. Include with caution — verify hours and current operation locally before visiting.",The Berridale Bakery,,,,,,$,snowy_mountains,not_accepted,,Local bakery in central Berridale — listed in nearby attraction data but hours and details unconfirmed.,,https://www.tripadvisor.com/Restaurant_Review-g528921-d27561580-Reviews-The_Perfect_Cup-Berridale_New_South_Wales.html,yes,berridale,bakery,,
"177-179 Sharp Street, Cooma NSW 2630",no,AU,cafe | australian | breakfast,yes,no,,,07:00-14:00,,07:00-14:00,,,07:00-14:00,07:00-14:00,07:00-14:00,07:00-14:00,07:00-14:00,the-lott-cafe-cooma,,13:45,-36.236,149.1268,"Open since 2007, The Lott Cafe has built a loyal following with a focus on fresh, local produce and seriously good coffee (Killerbee blend and Single-O Origins). With 419 TripAdvisor reviews, it is comfortably the most-reviewed eatery in town. The Sharp/Soho Street corner location puts it at the heart of the morning ski-day rush. Closes at 2pm, so best visited before hitting the mountain.",The Lott Cafe,,,cards_accepted,+61 2 6452 1414,https://thelottcafe.com.au,$$,snowy_mountains,not_needed,,"Cooma's most-reviewed cafe; sharp espresso, fresh local produce, all-day breakfast.",all-day breakfast | fresh sandwiches | specialty coffee | seasonal produce dishes,https://thelottcafe.com.au | https://www.tripadvisor.com/Restaurants-g261610-Cooma_New_South_Wales.html | https://visitcooma.com.au/coffee-food-wine/cooma-coffee-food-the-lott-cafe-cooma-visitor-centre/,yes,cooma,cafe,,https://thelottcafe.com.au
"178-180 Sharp Street, Cooma NSW 2630",no,AU,bakery | australian | cafe,yes,no,,,08:00-17:00,,08:00-17:00,,,08:00-15:00,09:00-15:00,08:00-17:00,08:00-17:00,08:00-17:00,kuma-pies-pastries,,16:45,-36.2365,149.127,"Kuma Pies is a small artisan bakery tucked towards the southern end of Sharp Street, with a cosy back room warmed by an open fire in winter. The beef and mushroom pie and chicken and leek pie are regularly cited as among the best in NSW. Fresh pastries — cherry Danish, apple turnover, vanilla slice, hazelnut yumpie — are baked on-site daily. A mandatory stop for any Cooma visitor; peak-season queues indicate its cult status. TripAdvisor #1 Bakery in Cooma, 162 reviews.",Kuma Pies and Pastries,,,cards_accepted,+61 2 6452 6337,,$$,snowy_mountains,not_accepted,,"Cooma's best bakery; legendary meat pies, flaky pastries, and apple turnovers on Sharp Street.",beef and mushroom pie | chicken and leek pie | apple turnover | cherry Danish | vanilla slice,https://www.tripadvisor.com.au/Restaurant_Review-g261610-d2516026-Reviews-Kuma_Pies_and_Pastries-Cooma_New_South_Wales.html | https://www.yelp.com/biz/kuma-pies-cooma,yes,cooma,bakery,,
"123 Sharp Street, Cooma NSW 2630",no,AU,cafe | vietnamese | breakfast | brunch,yes,no,,,07:00-17:00,,07:00-17:00,,,07:00-17:00,07:00-17:00,07:00-17:00,07:00-17:00,07:00-17:00,123-coffee-house,,16:45,-36.2355,149.126,"123 Coffee House sits at 123 Sharp Street and blends classic all-day brunch fare with a selection of Vietnamese dishes, fresh juices, and pre-made sandwiches. It uses ONA Coffee, a respected Canberra specialty roaster. Open 7 days from 7am to 5pm, it's one of the most accessible cafes in Cooma for late-morning après-drive coffee. Vegetarian and vegan options available.",123 Coffee House,,,cards_accepted,+61 2 6452 3332,,$,snowy_mountains,not_needed,,"All-day brunch café with Vietnamese dishes, fresh juices, and ONA coffee — open 7 days to 5pm.",all-day breakfast | Vietnamese dishes | fresh juices | ONA coffee,https://www.tripadvisor.com/Restaurant_Review-g261610-d7974556-Reviews-123_Coffee_House-Cooma_New_South_Wales.html | https://www.yelp.com/biz/123-coffee-house-cooma-2,yes,cooma,cafe,,https://123coffeehouse.com
"24 Soho Street, Cooma NSW 2630",yes,AU,thai | asian,yes,no,,,"11:30-14:00,17:30-21:30",,closed,,,17:30-21:30,closed,"11:30-14:00,17:30-21:30","11:30-14:00,17:30-21:30","11:30-14:00,17:30-21:30",phas-thai-cooma,,21:15,-36.2352,149.1248,Pha's Thai recently moved from Sharp Street to 24 Soho Street in Cooma CBD. It is the most-reviewed Thai restaurant in the region and well regarded for authentic flavours and generous portions. Open Tuesday to Saturday for both lunch and dinner sessions. Closed Sunday and Monday. Online ordering and table bookings available through the website.,Pha's Thai,,,cards_accepted,+61 2 6452 5489,https://phasthai.com.au,$$,snowy_mountains,recommended,https://phasthai.com.au,"Popular Thai restaurant on Soho Street; 177 TripAdvisor reviews, lunch and dinner Tue–Sat.",pad thai | green curry | massaman curry | Thai seafood,https://phasthai.com.au | https://www.tripadvisor.com.au/Restaurant_Review-g261610-d3199961-Reviews-Pha_s_Thai-Cooma_New_South_Wales.html | https://visitcooma.com.au/coffee-food-wine/phas-thai-kitchen/,yes,cooma,restaurant,,https://phasthai.com.au
"Shop 1, 69 Massie Street, Cooma NSW 2630",yes,AU,lebanese | mediterranean,yes,no,,,"11:30-14:00,18:00-21:00",,"11:30-14:00,18:00-21:00",,,"11:30-14:00,18:00-21:00",closed,"11:30-14:00,18:00-21:00","11:30-14:00,18:00-21:00","11:30-14:00,18:00-21:00",roses-lebanese-restaurant,,20:45,-36.2349,149.1237,"Rose's Lebanese Restaurant on Massie Street is Cooma's most-loved ethnic restaurant, with 283 TripAdvisor reviews and consistent praise for hearty Lebanese and Mediterranean dishes. Open Monday to Saturday for lunch and dinner. The family atmosphere and generous meze platters have built a loyal following among locals and ski-season visitors alike. Closed Sunday.",Rose's Lebanese Restaurant,,,cards_accepted,+61 2 6452 4512,,$$,snowy_mountains,recommended,,"Beloved Lebanese-Mediterranean restaurant on Massie Street; 283 reviews, Mon–Sat.",meze platter | Lebanese lamb | falafel | hummus,https://www.tripadvisor.com/Restaurant_Review-g261610-d2442672-Reviews-Rose_s_Lebanese_Restaurant-Cooma_New_South_Wales.html | https://visitcooma.com.au/coffee-food-wine/roses-lebanese-restaurant/,yes,cooma,restaurant,,
"Mt Gladstone Road, Snowy Mountains Highway, Cooma NSW 2630",yes,AU,austrian | cafe | european,yes,no,,,"10:00-17:00,18:00-21:00",,10:00-15:00,,,"10:00-17:00,18:00-21:00",10:00-17:00,10:00-17:00,10:00-17:00,10:00-17:00,miss-heidis-tea-house,,20:45,-36.2258,149.1146,"Miss Heidi's Austrian Tea House sits just below Mt Gladstone Lookout on the Snowy Mountains Highway, bringing an unexpected slice of alpine Europe to Cooma. Traditional Viennese schnitzel, Austrian pancakes with toppings, strudel, and Sacher torte fill the menu. Open 7 days until 5pm; Friday and Saturday dinner service 6–9pm brings the après-ski feel. With 205 TripAdvisor reviews it is one of the most distinctive dining experiences in the Monaro. Off-street parking available.",Miss Heidi's Austrian Tea House,,,cards_accepted,+61 2 6452 1768,,$$,snowy_mountains,recommended,,"Alpine Austrian tea house near Mt Gladstone Lookout; schnitzel, strudel, Fri–Sat dinner.",Viennese schnitzel | Austrian pancakes | apple strudel | Sacher torte,https://www.tripadvisor.com/Restaurant_Review-g261610-d3439624-Reviews-Miss_Heidi_s_Tea_House-Cooma_New_South_Wales.html | https://www.agfg.com.au/restaurant/miss-heidis-austrian-tea-house-39664,no,cooma,cafe,,
"106 Vale Street, Cooma NSW 2630",yes,AU,pub | australian | bar,yes,no,,,10:00-00:00,,10:00-22:00,,,10:00-00:00,10:00-22:00,10:00-23:00,10:00-22:00,10:00-23:00,cooma-ex-services-club-bistro,,20:45,-36.234,149.122,"The Cooma Ex-Services Club on Vale Street is the largest club in the Snowy Monaro region, open 7 days a week from 10am. The in-house bistro serves generous portions at excellent value for money — one of Cooma's most popular dinner spots for ski visitors on a budget. Lunch 11:30am–2pm, dinner Sun–Tue 5–8:30pm and Wed–Sat 5–9pm. Non-members can attend as guests. Conference and function facilities also available.",Cooma Ex-Services Club Bistro,,,cards_accepted,+61 2 6452 1144,,$,snowy_mountains,not_needed,,"Largest club on the Monaro; affordable bistro meals open 7 days, members and visitors welcome.",schnitzel | steak | fish and chips | roast of the day,https://www.coomaexservices.com.au/welcome-to-cooma-ex-services-club/ | https://visitcooma.com.au/coffee-food-wine/cooma-ex-servicemans-club-bistro/,no,cooma,bar,,https://www.coomaexservices.com.au
"170 Sharp Street, Cooma NSW 2630",yes,AU,pub | australian | bar,yes,no,,,"12:00-14:00,18:00-21:00",,"12:00-14:00,18:00-21:00",,,"12:00-14:00,18:00-21:00","12:00-14:00,18:00-21:00","12:00-14:00,18:00-21:00","12:00-14:00,18:00-21:00","12:00-14:00,18:00-21:00",alpine-hotel-bistro,,20:45,-36.2362,149.1265,"The Alpine Hotel bistro on Sharp Street is a standout for pub dining in Cooma, with 10 beers on tap, an open fire in cooler months, and a menu that covers classics like steak, schnitzel, and chicken parmi. Lunch 12–2pm, dinner 6–9pm daily. The TripAdvisor-reviewed restaurant arm has 212 reviews and is popular for post-mountain dinners. Secure garage parking for motorcycles and special vehicles.",Alpine Hotel Bistro,,,cards_accepted,+61 2 6452 1466,,$$,snowy_mountains,not_needed,,"Central pub with 10 beers on tap, open fire, and bistro serving 7 days for lunch and dinner.",steak | chicken parmi | fish and chips | pub classics,https://www.tripadvisor.com/Restaurants-g261610-Cooma_New_South_Wales.html | https://www.accommodationaustralia.com.au/accommodation/tasmania/nsw/cooma/alpine-hotel/31665,no,cooma,pub,,https://www.alpinehotel.com.au
"59-61 Lambie Street (cnr Sharp & Lambie), Cooma NSW 2630",yes,AU,pub | australian | bar,yes,no,,,"12:00-14:30,18:00-20:30",,closed,,,"12:00-14:30,18:00-20:30","12:00-14:30,18:00-20:30","12:00-14:30,18:00-20:30","12:00-14:30,18:00-20:30","12:00-14:30,18:00-20:30",royal-hotel-bistro,,20:15,-36.2379,149.1163,The Royal Bistro inside the State Heritage-listed Royal Hotel serves traditional Australian pub meals across multiple dining areas including the historic front verandah and outdoor sections. Open Tuesday to Sunday for lunch (12–2:30pm) and dinner (6–8:30pm). Consistently praised for good food and ice-cold beer in a genuinely historic setting. The front sandstone bar is one of the most atmospheric in the Monaro.,Royal Hotel Bistro,,,cards_accepted,+61 2 6452 2132,,$,snowy_mountains,recommended,,Heritage pub bistro in Cooma's 1858 Royal Hotel; Tue–Sun lunch and dinner.,steak | pub roast | schnitzel | seasonal specials,https://publocation.com.au/pubs/nsw/cooma/royal-hotel | https://aroundus.com/p/4662466-royal-hotel-cooma,no,cooma,pub,,https://royalhotelcooma.com
"79 Massie Street, Cooma NSW 2630",yes,AU,pub | australian | bar,yes,no,,,11:00-00:00,,11:00-00:00,,,11:00-00:00,11:00-22:00,11:00-00:00,11:00-00:00,11:00-00:00,cooma-hotel-bar,,20:30,-36.2348,149.1238,"The Cooma Hotel on Massie Street dates to 1862 and is the oldest continuously operating hotel in town. The current operator runs a lively bar open from 11am to late, a bistro with lunch and dinner, and a drive-through bottle shop for convenient post-mountain drinks. With a cinema and function rooms on-site, it is one of Cooma's more complete entertainment venues. 96 TripAdvisor reviews.",Cooma Hotel Bar & Bistro,,,cards_accepted,+61 2 6404 7530,,$,snowy_mountains,not_needed,,"Oldest continuously operating hotel in Cooma (1862); bar, bistro, and drive-through bottle shop.",pub meals | schnitzel | steak,https://visitcooma.com.au/coffee-food-wine/cooma-hotel/ | https://www.tripadvisor.com/Restaurant_Review-g261610-d6107786-Reviews-Cooma_Hotel-Cooma_New_South_Wales.html,no,cooma,pub,,
"171 Sharp Street, Cooma NSW 2630",yes,AU,indian | tandoori | south_indian,yes,no,,,11:00-21:00,,closed,,,11:00-21:00,12:00-21:00,11:00-21:00,11:00-21:00,11:00-21:00,cooma-indian-restaurant,,20:45,-36.2363,149.1265,"Cooma Indian Restaurant at 171 Sharp Street serves a broad menu spanning South Indian dishes and North Indian tandoori specialities. Open Tuesday to Saturday 11am–9pm and Sunday 12–9pm; closed Monday. A warm, welcoming family restaurant that has become a reliable post-ski dinner option, particularly for those craving spice after a cold mountain day. Takeaway available.",Cooma Indian Restaurant,,,cards_accepted,+61 2 6452 2458,,$$,snowy_mountains,not_needed,,North and South Indian cuisine on Sharp Street; dine-in and takeaway Tue–Sun.,butter chicken | lamb rogan josh | chicken tikka masala | dosa,https://www.tripadvisor.com/Restaurant_Review-g261610-d11925062-Reviews-Cooma_indian_restaurant-Cooma_New_South_Wales.html,yes,cooma,restaurant,,https://coomaindian.com
"Upstairs, 121 Sharp Street, Cooma NSW 2630",yes,AU,thai | asian,yes,no,,,"11:00-14:30,17:00-21:00",,"11:00-14:30,17:00-21:00",,,"11:00-14:30,17:00-21:00","11:00-14:30,17:00-21:00","11:00-14:30,17:00-21:00","11:00-14:30,17:00-21:00","11:00-14:30,17:00-21:00",cooma-thai-restaurant,,20:45,-36.2357,149.1261,"Cooma Thai occupies the upstairs level of 121 Sharp Street and is the most accessible Thai option for budget diners, rated $ on TripAdvisor. Open 7 days for lunch (11am–2:30pm) and dinner (5–9pm). With 47 TripAdvisor reviews and a reputation for generous portions at low prices, it competes directly with Pha's Thai at a lower price point.",Cooma Thai,,,cards_accepted,+61 405 754 592,,$,snowy_mountains,not_needed,,Budget Thai restaurant upstairs at 121 Sharp Street; open 7 days for lunch and dinner.,pad thai | fried rice | green curry | tom yum soup,https://www.tripadvisor.com/Restaurants-g261610-Cooma_New_South_Wales.html,yes,cooma,restaurant,,
"38 Sharp Street (Snowstop Village), Cooma NSW 2630",yes,AU,chinese | asian,yes,no,,,"11:30-14:30,17:00-22:00",,"11:30-14:30,17:00-22:00",,,"11:30-14:30,17:00-22:00","11:30-14:30,17:00-22:00","11:30-14:30,17:00-22:00","11:30-14:30,17:00-22:00","11:30-14:30,17:00-22:00",grand-court-chinese,,21:30,-36.2348,149.1238,"Grand Court Chinese Restaurant at Snowstop Village serves a broad Cantonese and Chinese menu daily for lunch and dinner, closing at 10pm — making it one of the later-closing sit-down options in Cooma after a mountain day. Part of a small complex at 38 Sharp Street that also houses Domino's Pizza and KFC. 86 TripAdvisor reviews.",Grand Court Chinese Restaurant,,,cards_accepted,+61 2 6452 4525,,$$,snowy_mountains,not_needed,,Chinese restaurant in Snowstop Village; open 7 days for lunch and dinner with late closing.,Cantonese BBQ duck | fried rice | sweet and sour pork | dumplings,https://www.tripadvisor.com/Restaurants-g261610-Cooma_New_South_Wales.html,yes,cooma,restaurant,,
"26 Bombala Street, Cooma NSW 2630",no,AU,bakery | cafe,yes,no,,,06:00-16:00,,06:00-16:00,,,06:00-14:00,closed,06:00-16:00,06:00-16:00,06:00-16:00,sandi-hotbake,,15:45,-36.2355,149.1247,"Sandi's Hotbake at 26 Bombala Street is the place to stop for an early-morning fresh loaf or pastry before heading to the mountain. Opening at 6am Monday to Friday and closing at 4pm (Saturdays 6am–2pm), it caters squarely to the pre-dawn ski-day crowd. Located near the Cooma Visitor Centre area. Separate from the similarly-named 'Cooma Original Hotbake' on Sharp Street (which keeps different hours).",Sandi's Hotbake,,,cards_accepted,+61 2 6452 2779,,$,snowy_mountains,not_accepted,,Early-opening bakery on Bombala Street; fresh bread and pastries from 6am Mon–Sat.,fresh bread | meat pies | pastries | rolls,https://visitcooma.com.au/wp-content/uploads/2022/07/Dining-Guide-Cooma.pdf,yes,cooma,bakery,,
"86a Sharp Street, Cooma NSW 2630",yes,AU,pizza | fast_food,yes,no,,,17:00-23:00,,17:00-23:00,,,17:00-23:00,17:00-23:00,17:00-23:00,17:00-23:00,17:00-23:00,capital-dial-a-pizza,,22:45,-36.2352,149.1255,"Capital Dial-A-Pizza at 86a Sharp Street is a takeaway-and-delivery-only operation open every evening from 5pm to 11pm. With 191 TripAdvisor reviews and the lowest price band in town ($), it is the most popular post-mountain comfort food option for budget ski groups who don't want to venture out. No dine-in service.",Capital Dial-A-Pizza,,,cards_accepted,+61 2 6455 3388,,$,snowy_mountains,not_accepted,,Cooma's go-to pizza delivery/takeaway; open 7 days from 5pm to 11pm.,meat lovers pizza | garlic bread | potato wedges,https://visitcooma.com.au/wp-content/uploads/2022/07/Dining-Guide-Cooma.pdf | https://www.tripadvisor.com/Restaurants-g261610-Cooma_New_South_Wales.html,yes,cooma,restaurant,,
"24 Sharp Street, Cooma NSW 2630",yes,AU,fast_food | american,yes,no,,,00:00-00:00,,00:00-00:00,,,00:00-00:00,00:00-00:00,00:00-00:00,00:00-00:00,00:00-00:00,mcdonalds-cooma,,23:59,-36.2345,149.1233,"McDonald's on Sharp Street in central Cooma operates 24-hour drive-through and is a key practical resource for ski-season travellers who need early breakfast before heading to the mountain or late-night food after a long mountain day. Open 5am–10pm for dining room, 24hr drive-through.",McDonald's Cooma,,,cards_accepted,+61 2 6452 1210,,$,snowy_mountains,not_accepted,,24-hour drive-through on Sharp Street; practical early-morning ski-day stop.,Big Mac | McMuffin | McCafe coffee | nuggets,https://visitcooma.com.au/wp-content/uploads/2022/07/Dining-Guide-Cooma.pdf,yes,cooma,restaurant,,https://mcdonalds.com.au
"12-20 Vale Street, Cooma NSW 2630",no,AU,grocery | supermarket,yes,yes,,,07:00-22:00,,07:00-22:00,,,07:00-22:00,07:00-22:00,07:00-22:00,07:00-22:00,07:00-22:00,woolworths-cooma,,21:55,-36.234,149.122,"Woolworths on Vale Street is the largest supermarket in Cooma, offering full grocery, deli, bakery, liquor (BWS attached), and household supplies. Open 7am to 10pm every day, it is the main provisioning stop for self-catered ski groups before heading up the mountain. Staffed checkout and self-serve options. Fresh food, ready meals, and ski-season provisions.",Woolworths Cooma,,,cards_accepted,+61 2 6455 5300,,$$,snowy_mountains,not_accepted,,Full-service supermarket on Vale Street; open 7am–10pm daily for ski supplies.,,https://reviews.birdeye.com/woolworths-cooma-166670345515413 | https://cooma-nsw.place-advisor.com/woolworths-cooma/,yes,cooma,restaurant,,https://www.woolworths.com.au
"85-91 Commissioner Street, Cooma NSW 2630",no,AU,grocery | supermarket,yes,yes,,,07:00-21:00,,07:00-21:00,,,07:00-21:00,08:00-20:00,07:00-21:00,07:00-21:00,07:00-21:00,coles-cooma,,20:55,-36.2332,149.121,"Coles at 85–91 Commissioner Street provides the main alternative grocery option to Woolworths in Cooma, with convenient parking and a full range of fresh food, freezer goods, deli, bakery, and liquor. Standard Coles hours — 7am to 9pm on weekdays and Saturday, 8am to 8pm Sunday. Useful for self-catered groups who need a full shop before heading up to Jindabyne or the resorts.",Coles Cooma,,,cards_accepted,+61 2 6455 3000,,$$,snowy_mountains,not_accepted,,"Second major supermarket on Commissioner Street; 7am–9pm Mon–Sat, 8am–8pm Sun.",,https://cooma-au.open-closed.org/coles-opening-hours-85-91-commissioner-st,yes,cooma,restaurant,,https://www.coles.com.au
"45-47 Sharp Street, Cooma NSW 2630",yes,AU,bottleshop | liquor,yes,yes,,,10:00-21:00,,10:00-20:00,,,10:00-21:00,10:00-18:00,10:00-20:00,10:00-20:00,10:00-20:00,bws-cooma,,20:45,-36.2347,149.1237,"BWS (Beer Wine Spirits) at 45–47 Sharp Street is Cooma's most accessible standalone bottle shop for ski season visitors, stocking full range of beers, wines, spirits, and mixers. Adjacent to the main motel strip and café precinct. A key stop for self-catering groups heading to the snowfields.",BWS Cooma,,,cards_accepted,,,$$,snowy_mountains,not_accepted,,"Beer, wine, and spirits bottle shop on Sharp Street; convenient for ski-trip provisioning.",,https://untappd.com/v/bws/6060432,yes,cooma,bar,,https://www.bws.com.au
"79 Massie Street, Cooma NSW 2630",yes,AU,bottleshop | liquor,yes,no,,,11:00-23:00,,11:00-22:00,,,11:00-23:00,11:00-20:00,11:00-22:00,11:00-22:00,11:00-22:00,cooma-hotel-bottle-shop,,22:45,-36.2348,149.1238,"The Cooma Hotel on Massie Street operates a drive-through bottle shop — the most convenient format for car- and van-based ski visitors who don't want to park and walk. Part of the hotel's broader entertainment offering (bar, bistro, cinema). Open during the hotel's standard trading hours.",Cooma Hotel Drive-Through Bottle Shop,,,cards_accepted,+61 2 6404 7530,,$$,snowy_mountains,not_accepted,,Drive-through bottle shop at Cooma Hotel on Massie Street; convenient for vehicle-based travellers.,,https://visitcooma.com.au/coffee-food-wine/cooma-hotel/,yes,cooma,bar,,
"42 Sharp Street, Cooma NSW 2630",no,AU,fuel | convenience_store,yes,yes,,,05:00-23:00,,05:00-23:00,,,05:00-23:00,05:00-23:00,05:00-23:00,05:00-23:00,05:00-23:00,metro-petroleum-cooma,,22:55,-36.2346,149.1235,"Metro Petroleum at 42 Sharp Street is open 24 hours a day, 7 days a week (5am–11pm listed, but has overnight trade), making it the key late-night fuel stop for ski-season travellers arriving or departing outside business hours. Woolworths Rewards fuel discounts apply. The convenience store carries basic food, drinks, and travel supplies. The Ampol station on Bombala Street advertises Woolworths Rewards discounts at 4c/litre.",Metro Petroleum Cooma (24hr fuel),,,cards_accepted,+61 2 6452 3550,,$,snowy_mountains,not_accepted,,24-hour petrol station with convenience store on Sharp Street; Woolworths Rewards fuel discount.,,https://petrolspy.com.au/map/station/521479630364043bef7217c8,yes,cooma,restaurant,,https://metropetroleum.com.au
"41 Sharp Street, Cooma NSW 2630",no,AU,fuel | convenience_store,yes,yes,,,06:00-18:30,,06:00-18:30,,,06:00-18:00,06:00-18:00,06:00-18:30,06:00-18:30,06:00-18:30,ampol-cooma,,18:15,-36.2347,149.1236,"Ampol Cooma at 41 Sharp Street is the main branded fuel option on the Snowy Mountains Highway corridor through town. Open 6am–6:30pm weekdays (6am–6pm weekends). Offers Woolworths Rewards card discount of 4c per litre, as mentioned in local traveller reviews. A conventional servo with convenience items — not 24 hours.",Ampol Cooma,,,cards_accepted,+61 437 466 529,,$,snowy_mountains,not_accepted,,Ampol service station on Sharp/Bombala corner; Woolworths Rewards 4c/litre discount.,,https://touringuide.com/au/services/nsw/ampol-cooma | https://petrolspy.com.au/map/station/5212b1660364706598e39b74,yes,cooma,restaurant,,https://locations.ampol.com.au/en/ampol-cooma
"32 Sharp Street (Snowstop Village), Cooma NSW 2630",yes,AU,pizza | fast_food,yes,no,,,11:00-22:00,,15:00-21:00,,,11:00-22:00,15:00-21:00,15:00-21:00,15:00-21:00,15:00-21:00,dominos-cooma,,21:45,-36.2347,149.1237,"Domino's Pizza in Snowstop Village at 32 Sharp Street is a popular group-meal option for self-catered ski parties staying in Cooma motels. Online ordering and delivery available. Open Sunday–Thursday 3–9pm, Friday–Saturday 11am–10pm. The extended Friday and Saturday hours align well with ski-week arrivals.",Domino's Pizza Cooma,,,cards_accepted,+61 2 6455 5420,,$,snowy_mountains,not_accepted,,Delivery pizza from Snowstop Village; open from 3pm (11am Fri–Sat) until 10pm.,Pepperoni Lover's | BBQ Meatlovers | garlic bread,https://visitcooma.com.au/wp-content/uploads/2022/07/Dining-Guide-Cooma.pdf,yes,cooma,restaurant,,https://www.dominos.com.au
"Sharp Street (Snowstop Village), Cooma NSW 2630",yes,AU,fast_food | chicken,yes,no,,,10:30-22:00,,10:30-22:00,,,10:30-22:00,10:30-22:00,10:30-22:00,10:30-22:00,10:30-22:00,kfc-cooma,,21:45,-36.2347,149.1237,KFC at the Snowstop Village complex covers the fast-food chicken gap in Cooma and is notable for being open until 10pm every day — later than most sit-down restaurants. A practical option for large groups arriving late from the mountain. Dine-in and takeaway.,KFC Cooma,,,cards_accepted,+61 2 6452 5777,,$,snowy_mountains,not_accepted,,KFC outlet in Snowstop Village on Sharp Street; open 10:30am–10pm daily.,Original Recipe chicken | Zinger burger | chips | Popcorn Chicken,https://visitcooma.com.au/wp-content/uploads/2022/07/Dining-Guide-Cooma.pdf,yes,cooma,restaurant,,https://www.kfc.com.au
"100 Sharp Street, Cooma NSW 2630",no,AU,cafe | asian | breakfast,yes,no,,,08:00-15:00,,08:00-15:00,,,08:00-15:00,08:00-15:00,08:00-15:00,08:00-15:00,08:00-15:00,cisne-cafe-cooma,,14:45,-36.2354,149.1258,CISNE at 100 Sharp Street is a newer addition to the Cooma café scene offering a contemporary menu with Asian-influenced dishes alongside café staples. Listed on TripAdvisor's Café and Asian categories. Open 7 days from 8am to 3pm. A good mid-morning stop for those who miss the early Lott Cafe window or prefer a more modern setting.,CISNE,,,cards_accepted,+61 2 6404 7761,,$$,snowy_mountains,not_needed,,Modern café on Sharp Street; open 8am–3pm daily with Asian-influenced dishes.,smashed avo toast | Asian-inspired brunch dishes | specialty coffee,https://visitcooma.com.au/wp-content/uploads/2022/07/Dining-Guide-Cooma.pdf | https://www.tripadvisor.com/Restaurants-g261610-Cooma_New_South_Wales.html,yes,cooma,cafe,,
"6 Short Street, Cooma NSW 2630",yes,AU,pub | chinese | australian,yes,no,,,12:00-21:00,,closed,,,12:00-21:00,12:00-21:00,12:00-21:00,closed,12:00-21:00,coffeys-hotel-cooma,,20:45,-36.2348,149.1235,"Coffey's Hotel at 6 Short Street has a distinctive hybrid menu combining classic pub fare with Chinese dishes. Open Wednesday to Sunday from noon to 9pm, it is a quieter alternative to the main-street hotels. 36 TripAdvisor reviews reflect a local following. Good for skiers who want a quieter evening meal off the main drag.",Coffey's Hotel,,,cards_accepted,+61 2 6452 2064,,$$,snowy_mountains,not_needed,,"Neighbourhood pub on Short Street; Chinese pub meals, open Wed–Sun noon to 9pm.",Chinese pub meals | steak | schnitzel,https://visitcooma.com.au/wp-content/uploads/2022/07/Dining-Guide-Cooma.pdf | https://www.tripadvisor.com/Restaurants-g261610-Cooma_New_South_Wales.html,no,cooma,pub,,
"1421-1 Kanbayashi Hirao, Yamanouchi, Nagano 381-0401",,JP,cafe | ramen | pizza | dessert,yes,,,,09:30-17:00 (Apr-Nov) / 08:30-18:00 (Dec-Mar),,09:30-17:00 (Apr-Nov) / 08:30-18:00 (Dec-Mar),,,09:30-17:00 (Apr-Nov) / 08:30-18:00 (Dec-Mar),09:30-17:00 (Apr-Nov) / 08:30-18:00 (Dec-Mar),09:30-17:00 (Apr-Nov) / 08:30-18:00 (Dec-Mar),09:30-17:00 (Apr-Nov) / 08:30-18:00 (Dec-Mar),09:30-17:00 (Apr-Nov) / 08:30-18:00 (Dec-Mar),enza-cafe,yes,17:00 (summer) / 18:00 (winter),36.7514,138.4268,"Enza Cafe is the go-to warm-up stop before and after visiting Jigokudani Snow Monkey Park. Situated right in front of the trail entrance, it serves a crowd-pleasing menu of ramen (excellent for warming up on cold days), thin-crust pizza with Nagano mushroom toppings, fried chicken, apple hand pies, Shinshu apple soft serve ice cream, and the wildly popular Monkey Marshmallow Latte (hot latte topped with a monkey-shaped marshmallow). Seating is both indoor and outdoor. Winter hours are extended (8:30am) for early-bird monkey watchers and skiers.",Enza Cafe,エンザカフェ,"Located 35km / 50 min from central Nagano City. Access: take bus from Yudanaka Station to Snow Monkey Park bus stop. Open daily, all seasons. Ski season (Dec-Mar) extended morning hours are key for skiers who also want to see Snow Monkeys. Average spend: ¥1,000-1,999.",cards_accepted,+81-269-38-1736,,$,yamanouchi,not_accepted,,"Popular cafe directly at the Snow Monkey Park trailhead, serving ramen, pizza, apple pie, soft serve, and the iconic Monkey Marshmallow Latte.",Monkey Marshmallow Latte | Shinshu apple soft serve ice cream | Apple hand pie | Ramen (warming broth) | Nagano mushroom pizza,https://www.snowmonkeyresorts.com/eats/enzacafe/ | https://tabelog.com/en/nagano/A2001/A200104/20018201/ | https://www.tripadvisor.com/Restaurant_Review-g1117904-d6569920,,yudanaka,cafe,limited,
"2578-1 Sano, Yamanouchi, Shimotakai-gun, Nagano 381-0402",,JP,craft_beer | japanese | shinshu,yes,,,,10:00-18:00,,10:00-18:00,,,10:00-18:00,10:00-18:00,10:00-18:00,10:00-18:00,10:00-18:00,yudanaka-brewery-complex-u,yes,17:00 (food),36.7418,138.425,"Opened in 2022, Yudanaka Brewery Complex U is the most modern food-and-drink destination in the Yudanaka area. The brewery produces original craft beers using local Nagano ingredients and water from Yudanaka's natural springs. The restaurant serves carefully curated Shinshu-focused dishes alongside the house beers. The entire complex is housed in a striking building with ample parking (30 spaces). QR-code menu ordering is available in English — a significant practical advantage. The complex also houses a 2nd-floor day-trip onsen bath facility. A hit with both day-trippers from Nagano City and onsen town visitors looking for something non-traditional.",Yudanaka Brewery Complex U,ゆダナカ ブルワリーコンプレックスU,Closes at 6pm — arrive early. The only establishment in Yudanaka area with QR-code English ordering. Has 30 parking spaces. Also has 2nd-floor day-trip onsen (open same hours). Tabelog listing: https://tabelog.com/en/nagano/A2001/A200104/20026081/,cards_accepted,+81-269-33-4511,,$$,yamanouchi,not_needed,https://tabelog.com/en/nagano/A2001/A200104/20026081/,"Contemporary craft brewery and restaurant using Shinshu ingredients and Yudanaka hot spring water, with QR-code ordering in English.",Yudanaka Onsen craft beer (house-brewed) | Shinshu ingredient seasonal dishes | Local sweets and desserts,https://yudanaka-u.jp/en/ | https://tabelog.com/en/nagano/A2001/A200104/20026081/ | https://www.tripadvisor.com/Restaurant_Review-g1117904-d26363055,,yudanaka,bar,limited,https://yudanaka-u.jp/en/
"3010 Hirao, Yamanouchi, Shimotakai-gun, Nagano 381-0401",,JP,izakaya | craft_beer | japanese | fermentation,yes,,,,11:30-14:30 / 18:00-23:00,,Closed,,,11:30-14:30 / 18:00-23:00,11:30-14:30 / 18:00-23:00,11:30-14:30 / 18:00-23:00,11:30-14:30 / 18:00-23:00,11:30-14:30 / 18:00-23:00,hakko-yamanouchi,no,22:30,36.7435,138.4213,"Hakko Yamanouchi (発酵 = fermentation) is a beloved local bar/restaurant that celebrates Nagano's fermentation culture — from miso to sake to pickles. The menu features inventive small plates such as smoked pickles with gorgonzola, ginger-roasted chicken, and vegan-friendly tofu-mushroom dishes alongside an excellent selection of local craft beers, sake, and house cocktails. Staff are friendly and the English menu makes ordering accessible for international visitors. Closed Mondays. Particularly warm in winter when the après-ski crowd fills the cosy wooden interior.",Hakko Yamanouchi,発酵山ノ内,"#4 restaurant in Yamanouchi-machi on TripAdvisor (68 reviews, 4.6/5). Located 5 min walk from Yudanaka Station along Kaede Street. Staff speak limited English but menu has English translations. Stays open until 11pm, making it one of the later-closing options in town.",cards_accepted,+81-269-38-8500,,$$,yamanouchi,recommended,https://tabelog.com/en/nagano/A2001/A200104/20019720/,"Fermentation-focused dining bar with local craft beers, sake, and creative Shinshu-ingredient small plates — one of the best dining experiences near Yudanaka Station.",Smoked pickles with gorgonzola | Roast beef (Christmas special) | Vegan tofu-mushroom dish | Local craft beer selection | House cocktails,https://www.tripadvisor.com/Restaurant_Review-g1117904-d10213637 | https://tabelog.com/en/nagano/A2001/A200104/20019720/,,yudanaka,bar,limited,
"3227-1 Hirao, Yamanouchi, Shimotakai-gun, Nagano 381-0401",,JP,japanese | sushi | tempura | western,yes,,,,16:00-22:00,,closed (check current),,,12:00-22:00,closed (check current),closed (check current),closed (check current),closed (check current),japanese-dining-goen,yes,21:00,36.7432,138.4207,"GOEN (御苑) blends modern design with traditional Japanese service in its prime location directly across from Yudanaka Station. It serves a wide-ranging menu of Japanese dishes including tempura, sashimi, karaage (fried chicken), omakase sushi rolls, and a distinctive 'soba ramen' fusion dish. The restaurant also serves Western-style food, desserts, and coffee, making it reliably versatile. Available vegan sushi options and some English-speaking staff. Good for families and groups with mixed dietary preferences. Has both ground-floor hall seating and a 2nd-floor dining area with terrace.",Japanese Dining GOEN,ジャパニーズダイニング 御苑,Hours may vary significantly by season — call or check Google Maps before visiting. Has vegan sushi options (explicitly mentioned by reviewer). Located 27 meters from Yudanaka Station. Catering and banquet services available. Bilingual menu makes ordering easy.,cards_accepted,+81-269-38-0550,,$$,yamanouchi,recommended,https://tabelog.com/en/nagano/A2001/A200104/20020908/,"Casual Japanese restaurant directly opposite Yudanaka Station, serving sashimi, tempura, karaage, soba ramen, and sushi — with vegan options.",Soba ramen | Tempura set (especially nozawana tempura) | Omakase sushi rolls | Karaage | Salmon avocado rolls,https://japanese-dining-goen.com/en/ | https://tabelog.com/en/nagano/A2001/A200104/20020908/ | https://www.tripadvisor.com/Restaurant_Review-g1117904-d10391316,,yudanaka,restaurant,limited,https://japanese-dining-goen.com/en/
"3004 Hirao, Yamanouchi, Shimotakai-gun, Nagano",,JP,sushi | japanese | seafood,picture_menu,,,,11:00-23:00,,11:00-23:00,,,11:00-23:00,11:00-23:00,11:00-23:00,11:00-23:00,11:00-23:00,isamizushi,yes,22:30,36.7433,138.421,"Isami Zushi (いさみ寿司) is a popular neighbourhood sushi restaurant located 185 metres from Yudanaka Station, run by a welcoming older Japanese couple known for their hospitality toward foreign visitors. The menu features fresh nigiri, sashimi, and rolls at reasonable prices. The grilled yellowtail fish head is a standout dish. Open until 11pm — one of the later-closing restaurants in Yudanaka. Vegetarian guests can order tamago (egg) sushi and cucumber rolls. The warm, intimate atmosphere and accommodating hosts make it a favourite for repeat visitors to the area.",Isami Zushi,いさみ寿司,TripAdvisor 4.7/5 from 36 reviews — one of the highest-rated restaurants in Yamanouchi. Phone: 0269-33-2311. Located 185m from Yudanaka Station. Vegetarian: tamago and cucumber rolls available. Cash only — bring yen. Hours consistent across all days per TripAdvisor.,cash_only,+81-269-33-2311,,$$,yamanouchi,recommended,,"Family-run sushi restaurant steps from Yudanaka Station, praised for fresh sashimi and generous portions — open until 11pm.",Grilled yellowtail fish head (buri kabutoyaki) | Fresh nigiri set | Sashimi moriawase | Tamago sushi | Cucumber roll,https://tabelog.com/en/nagano/A2001/A200104/20009110/ | https://www.tripadvisor.com/Restaurant_Review-g1117904-d10007728,,yudanaka,restaurant,limited,
"2999-3 Hirao, Yamanouchi, Shimotakai-gun, Nagano 381-0401",,JP,izakaya | yakitori | japanese,picture_menu,,,,11:00-14:00 / 17:00-24:00,,11:00-14:00 / 17:00-24:00,,,11:00-14:00 / 17:00-24:00,11:00-14:00 / 17:00-24:00,11:00-14:00 / 17:00-24:00,11:00-14:00 / 17:00-24:00,11:00-14:00 / 17:00-24:00,izakaya-kushidoraku,no,23:30,36.7434,138.4212,"Kushidoraku (串道楽 — 'skewer pleasure') is an old-school, wood-interior izakaya near the station that attracts a loyal local crowd and adventurous international visitors. The menu covers yakitori skewers (including unusual options like chicken cartilage, hearts, and wings), gyoza dumplings (celebrated as some of the best in Yudanaka), miso soup, potato croquettes, and various grilled meats. An English picture menu makes ordering accessible. Tatami floor seating with low tables creates an authentic Japanese dining atmosphere. The owner and staff can communicate basic English and have a warm approach to international guests. Staff are flexible with vegetarian requests (will cook dishes without fish).",Izakaya Kushidoraku,串道楽,Reserve in advance especially in peak season (Jan-Mar). TripAdvisor #22 of 153 Yamanouchi restaurants. Open very late (midnight) — one of the few options for late-night dining. Smoking permitted inside (check current ventilation). The owner can occasionally be brusque on busy nights — persevere. Staff said to cook vegetarian dishes without fish when asked.,cash_only,+81-269-33-8686,,$$,yamanouchi,recommended,https://tabelog.com/en/nagano/A2001/A200104/20004936/,"Authentic Japanese yakitori and barbecue izakaya with picture English menu, cosy tatami seating, and some of the best gyoza in Yudanaka.",Gyoza (pan-fried dumplings) | Chicken skewers (yakitori moriawase) | Potato croquette (korokke) | Chicken wings on skewer | Shishamo (smelt fish),https://tabelog.com/en/nagano/A2001/A200104/20004936/ | https://www.tripadvisor.com/Restaurant_Review-g1117904-d7178886,,yudanaka,izakaya,limited,
"2941-42 Hirao, Yamanouchi, Shimotakai-gun, Nagano 381-0401",,JP,japanese | ramen | soba | tempura,picture_menu,,,,,,,,,,,,,,asashinaya-shokudo,yes,,36.7436,138.4218,"Asashinaya Shokudo is the classic neighbourhood Japanese diner (食堂 = shokudo) in Yudanaka. The menu covers all the bases: ramen (¥700-800), soba, tonkatsu (pork cutlet), tempura, karaage, udon, and curry — classic everyday Japanese fare. The owner-operator is consistently praised for warmth and efficiency. An English picture menu with photos and descriptions makes ordering easy. Particularly popular for families and groups with mixed tastes. Ramen and gyoza are highlights. Located a 10-15 minute walk from Yudanaka Station with roadside parking. The owner sometimes gives out small souvenirs to guests on departure.",Asashinaya Shokudo,朝品谷食堂,Hours not listed online — call ahead or check Google Maps. Located ~10-15 min walk from Yudanaka Station. Has parking. Vegetarian: tempura tofu-miso broth dish available when requested. Has been serving the Yudanaka area for many years. TripAdvisor #21 of 153 (4.3/5). Recommended by multiple local ryokan owners to guests.,cash_only,+81-269-33-3822,,$,yamanouchi,not_needed,,"Friendly family-run shokudo (casual diner) serving a broad Japanese menu including ramen, soba, tempura, tonkatsu and gyoza — with English picture menu.",Ramen (¥700-800) | Gyoza | Tempura set (especially macha salt) | Tonkatsu | Soba,https://www.tripadvisor.com/Restaurant_Review-g1117904-d7494687,,yudanaka,restaurant,limited,
"2169 Hirao, Yamanouchi, Shimotakai-gun, Nagano",,JP,soba | japanese,no,,,,11:00-23:00,,11:00-23:00,,,11:00-23:00,11:00-23:00,11:00-23:00,11:00-23:00,11:00-23:00,sobadokoro-yariya,yes,22:30,36.7428,138.4222,"Sobadokoro Yariya is a straightforward, affordable soba restaurant in the Yudanaka area serving classic Shinshu-style buckwheat noodles, both cold (zaru soba) and hot (kake soba). The menu also extends to karaage (fried chicken), fresh apple with each meal, and roast soba tea. For adventurous visitors, basashi (horse meat sashimi) is available — a Nagano specialty. All meals are accompanied by a fresh Shinshu apple. The restaurant is cash-only and does not accept any electronic payments. Open until 11pm daily which is later than most Yudanaka establishments.",Soba Dokoro Yariya,そば処やりや,"Cash only — no card, no electronic money, no QR code. Average spend under ¥999. Located 1.6km from Yudanaka Station (20 min walk or short drive). Hours per Tabelog: 11:00-23:00 daily. All meals served with fresh apple and roast soba tea. Roast soba tea for purchase to take home.",cash_only,+81-269-33-2619,,$,yamanouchi,not_needed,,"Casual soba house near Yudanaka with cold and hot Shinshu buckwheat noodles, horse meat sashimi (basashi), and housemade karaage — open until 11pm, cash only.","Zaru soba (cold buckwheat noodles) | Kake soba (hot broth soba) | Karaage (fried chicken) | Basashi (horse meat sashimi) | Oyaki (buckwheat buns, vegetable-stuffed)",https://tabelog.com/en/nagano/A2001/A200104/20011898/ | https://www.tripadvisor.com/Restaurant_Review-g1117904-d7494655,,yudanaka,restaurant,limited,
"3277-2 Hirao, Yamanouchi, Shimotakai-gun, Nagano 381-0401",,JP,japanese | nabe | yakitori,no,,,,17:30-22:30,,17:30-22:30,,,17:30-22:30,17:30-22:30,17:30-22:30,17:30-22:30,Closed,chanko-tamaya,yes,22:00,36.7431,138.4209,"Chanko Tamaya is a fun, thematic dining experience — a sumo-themed restaurant decorated with sumo photographs and artifacts, located just 2 minutes on foot from Yudanaka Station. The signature dish is chanko-nabe (ちゃんこ鍋), the highly nutritious stew traditionally served at sumo stables that includes chicken, vegetables, tofu, and other ingredients in a rich broth. The menu also includes yakitori, minced crab dumplings, and grilled pork. Capacity of 35 seats (30 floor seating, 5 chairs). No reservations required. Closed Wednesdays.",Chanko Tamaya,ちゃんこ料理 たまや,"2 min walk from Yudanaka Station main exit. Closed Wednesdays and Dec 31/Jan 1. Average spend ¥2,000-3,000. Dinner only (evenings). Sumo-themed decor is a fun novelty. Cash only likely — confirm at time of visit.",cash_only,,,$,yamanouchi,not_needed,,"Sumo-themed restaurant steps from Yudanaka Station, specialising in chanko-nabe (sumo stew) with yakitori and grilled meats.",Chanko-nabe (sumo hot pot stew) | Yakitori (chicken skewers) | Minced crab dumplings | Grilled pork,https://www.unique-nagano.com/detail.php?l=en&id=47,,yudanaka,restaurant,no,
"2993-5 Hirao, Yamanouchi, Shimotakai-gun, Nagano 381-0401",,JP,bar | pizza | cocktails,yes,,,,18:00-24:00,,18:00-24:00,,,18:00-24:00,18:00-24:00,Closed,18:00-24:00,18:00-24:00,d-line-bar,no,23:30,36.7432,138.4208,"D-Line is a retro-vibed bar-cafe in a distinctive building right next to Yudanaka Station. Known for an eclectic interior aesthetic, excellent Japanese whisky selection (including premium Scotch and domestic labels), cocktails, and simple food including pizza. Open from 6pm nightly, it's the closest thing Yudanaka has to a dedicated après-ski bar. Popular with international visitors and ski-season workers. The pizza is consistently praised. Closed Thursdays.",D-Line Kitchen & Bar,ディーライン,87 metres from Yudanaka Station. Closed Thursdays. Evening only. One of the very few places in Yudanaka open past 10pm. Japanese whisky selection is notably good — ask the bartender for recommendations. Retro 'Shining'-esque decor has cult following.,cash_only,+81-269-38-1224,,$$,yamanouchi,not_needed,,"Quirky retro pub/cafe 1 minute from Yudanaka Station with pizza, cocktails, Japanese whisky, and late-night après-ski atmosphere.",Pizza | Japanese whisky selection | House cocktails | Draft beer,https://tabelog.com/en/nagano/A2001/A200104/20018590/ | https://www.tripadvisor.com/Restaurant_Review-g1117904-d7200932 | https://www.snowmonkeyresorts.com/eats/d-line/,,yudanaka,bar,limited,
"4168 Hirao, Yamanouchi, Shimotakai-gun, Nagano 381-0401",,JP,japanese | diner,no,,,,11:00-14:00 / 17:00-20:00,,Closed,,,11:00-14:00 / 17:00-20:00,Closed,11:00-14:00 / 17:00-20:00,11:00-14:00 / 17:00-20:00,11:00-14:00 / 17:00-20:00,sekiei-drive-in,yes,20:00,36.744,138.4218,"Sekiei Drive-In is a local legend — a classic Japanese cafeteria-style diner that has been serving Yudanaka since its opening on March 5, 1967. The menu covers standard Japanese comfort food. The drive-in format and large portions make it popular with families and groups. Limited to lunch and dinner service (closed Sundays and Mondays based on current schedule). An 8-minute walk from Yudanaka Station. Expect Japanese-language menus and minimal English service.",Sekiei Drive-In,石英ドライブイン,Opened 1967. Closed Sun-Mon. Last order 20:00 (8pm) — closes early. Cash only. 8 min walk from Yudanaka Station (461m). Limited English — pointing at menu or translating photos recommended.,cash_only,+81-269-33-2705,,$,yamanouchi,not_needed,,Old-school Japanese drive-in diner near Yudanaka with lunch and dinner service — a local institution since 1967.,Japanese set meals (teishoku) | Seasonal Japanese specials,https://tabelog.com/en/nagano/A2001/A200104/20018866/ | https://www.tripadvisor.com/Restaurant_Review-g1117904-d7837630 | https://www.snowmonkeyresorts.com/eats/sekiei-drive-in/,,yudanaka,restaurant,limited,
"Hirao, Yamanouchi, Shimotakai-gun, Nagano",,JP,izakaya | yakitori | japanese,no,,,,,,,,,,,,,,ichidaya-izakaya,no,21:00,36.7433,138.4214,"Ichidaya is an intimate local izakaya near Yudanaka Station known for its simple, honest grilled food and neighbourhood charm. The menu focuses on yakitori (chicken skewers), shishamo (smelt fish), grilled squid, and other classic izakaya staples. The small space and tatami seating create a genuinely local feeling, making it popular with ski and snowboard workers as well as Japanese guests. Limited English.",Ichidaya,一だや,TripAdvisor rated 4.6/5 (12 reviews). Cosy local gem. Limited hours — call ahead. Cash only. Primarily Japanese-speaking — bring a translation app. Reservations recommended in peak season.,cash_only,,,$,yamanouchi,recommended,,"Cosy local izakaya with yakitori, shishamo, grilled squid, and a welcoming neighbourhood atmosphere.",Yakitori set | Shishamo (grilled smelt) | Grilled squid | Chicken heart skewer,https://www.tripadvisor.com/RestaurantsNear-g1117904-d1424815,,yudanaka,izakaya,no,
"Yamanouchi, Shimotakai-gun, Nagano",,JP,soba | japanese,no,,,,,,,,,,,,,,shimaya-soba,yes,,36.744,138.4218,"Shimaya Soba is the dining operation associated with Shimaya Ryokan in central Yudanaka, specialising in handmade Shinshu soba (信州そば). Shinshu-style soba uses locally grown buckwheat and is typically served cold (zaru) or hot. Accompaniments include nozawana pickles, tofu, and seasonal mountain vegetables. The soba is made fresh daily from high-quality buckwheat flour. Note that this is a separate establishment from the ryokan's room accommodation — the restaurant is open to non-guests.",Shimaya Soba,島屋そば,Part of Shimaya Ryokan complex. Open to non-guests. Hours vary — contact via ryokan website or by phone. Cash only. Soba is made fresh daily in limited quantities — go early to avoid sell-out.,cash_only,,,$$,yamanouchi,recommended,,"Traditional Shinshu soba restaurant connected with Shimaya ryokan, serving handmade buckwheat noodles with local Nagano sides.",Zaru soba (cold handmade Shinshu buckwheat noodles) | Kake soba (hot broth soba) | Soba set with nozawana pickles | Tofu dishes,https://shimaya-yudanaka.com | http://www.hiohio.net/travel-blog/shimaya-ryokan-nagano,,yudanaka,restaurant,limited,https://shimaya-yudanaka.com
"Yamanouchi, Shimotakai-gun, Nagano",,JP,japanese | soba | kaiseki,no,,,,,,,,,,,,,,dohshokan,yes,20:00,36.7438,138.4217,"Dohshokan (道松館) is a local traditional Japanese restaurant in Yudanaka Onsen that serves classic Shinshu regional cuisine. The menu centres on locally foraged mountain vegetables (sansai), Chikuma river fish, handmade soba, and other Nagano staples. The atmosphere is traditional and unhurried — a good representation of rural Japanese dining culture. Limited English, but the proprietors are welcoming to international guests who make the effort to visit.",Dohshokan,道松館,"Data is limited — confirm hours by phone or in person before visiting. Cash only expected. A genuine local establishment, not tourism-facing. Best visited with some Japanese language capability or a translation app.",cash_only,,,$$,yamanouchi,recommended,,"Traditional Japanese restaurant in Yudanaka offering local Shinshu cuisine including soba, seasonal mountain vegetables, and river fish.",Shinshu soba | Sansai (wild mountain vegetables) dishes | River fish from Chikuma River | Local seasonal set meals,https://www.tripadvisor.com,,yudanaka,restaurant,limited,
"2178 Shibu Onsen, Yamanouchi, Shimotakai-gun, Nagano",,JP,soba | udon | japanese,no,,,,11:30-14:00 (LO) / 18:00-20:00 (LO),,11:30-14:00 (LO) / 18:00-20:00 (LO),,,11:30-14:00 (LO) / 18:00-20:00 (LO),11:30-14:00 (LO) / 18:00-20:00 (LO),11:30-14:00 (LO) / 18:00-20:00 (LO),11:30-14:00 (LO) / 18:00-20:00 (LO),11:30-14:00 (LO) / 18:00-20:00 (LO),tamagawa-soba-shibu,yes,14:00 (lunch) / 20:00 (dinner),36.7485,138.4238,"Tamagawa is a long-standing handmade soba restaurant in the quaint Shibu Onsen village, about 1km uphill from Yudanaka. Each morning the family prepares by hand only enough soba for the day — once it's sold out, they close. Signature items are zaru soba (plain cold noodles), tororo soba (with grated mountain yam), and kurumidare soba (with walnut sauce, a Nagano regional specialty). The soba soft serve ice cream is only available to guests who order noodles. Limited seating. Smoking prohibited.",Tamagawa Soba (Shibu Onsen),手打ちそば うどん 玉川,Located in Shibu Onsen — 20 min walk uphill from Yudanaka Station (or short taxi/bus ride). Closes when daily soba supply runs out — arrive early at lunch. No smoking. Soba soft serve only for soba-ordering customers. Vegetarian-friendly as soba broth can be made without fish stock on request.,cash_only,+81-269-33-2252,,$,yamanouchi,not_needed,,"Handmade soba and udon restaurant in Shibu Onsen with three signature styles: zaru, tororo, and kurumidare (walnut sauce soba) — only daily-made quantities available.",Kurumidare soba (walnut sauce buckwheat noodles) | Tororo soba (grated yam on soba) | Zaru soba (cold handmade buckwheat) | Soba soft serve ice cream (with soba order only),https://japantravel.navitime.com/en/area/jp/spot/02301-2000148/,,yudanaka,restaurant,yes,
"Shiga Kogen, Yamanouchi, Shimotakai-gun, Nagano",,JP,craft_beer | festival,yes,,,,Seasonal event only,,Seasonal event only,,,Seasonal event only,Seasonal event only,Seasonal event only,Seasonal event only,Seasonal event only,snow-monkey-beer-live,no,,36.792,138.518,"Snow Monkey Beer Live is an annual craft beer festival held on the slopes of Shiga Kogen in mid-March, combining Japanese microbrewery beers with live music performances. The event celebrates the end of ski season with a festival atmosphere on the mountain, and typically draws visitors from across Japan and internationally. Tickets and timing vary year-to-year — check the official website for current season dates. The event is a highlight of the Japanese ski social calendar.",Snow Monkey Beer Live,スノーモンキービアライブ,"Annual event — mid-March typically. Check http://snowmonkey.jp/ for current year dates and ticket booking. Held at Shiga Kogen ski resort (not Yudanaka town itself, but a major regional event). Times vary by day. A must-attend for ski/craft beer enthusiasts.",cards_accepted,+81-269-34-2404,,$$,yamanouchi,required,http://snowmonkey.jp/,Annual craft beer and live music festival on the Shiga Kogen ski slopes in mid-March — a bucket-list après-ski event.,Japanese craft beer selection (multiple breweries) | Festival food stalls,https://www.snowmonkeyresorts.com/events/snow-monkey-beer-live/,,yudanaka,bar,limited,http://snowmonkey.jp/
"Yamanouchi, Shimotakai-gun, Nagano",,JP,chinese | ramen | japanese,no,,,,,,,,,,,,,,chinese-food-eiraku,yes,,36.7434,138.4216,"Eiraku (永楽 — 'eternal prosperity') is a no-frills Chinese-Japanese restaurant that has served the Yudanaka community for decades. The menu features classic Japanese Chinese-style food: ramen, gyoza, fried rice, and Chinese-influenced set meals. Counter seating with a local, unpretentious atmosphere. Widely recommended for its small ramen and gyoza combo — very filling and very cheap. The language barrier is real, but pointing at simple menu items works fine.",Chinese Food Eiraku,中華料理 永楽,"Very cheap and filling — ideal for budget travellers. Counter seating, very local. Hours unknown — check Google Maps before going. Cash only. No English menu.",cash_only,,,$,yamanouchi,not_needed,,"Long-standing Chinese-Japanese restaurant near Yudanaka offering ramen, gyoza, and Japanese-Chinese comfort food at very low prices.",Ramen | Gyoza | Fried rice,https://www.tripadvisor.com/RestaurantsNear-g1117904-d1424815,,yudanaka,restaurant,no,
"Yamanouchi, Shimotakai-gun, Nagano",,JP,japanese | tofu | kaiseki,no,,,,,,,,,,,,,,tofuya-restaurant-yudanaka,yes,20:00,36.7436,138.422,"Tofuya (豆腐屋 — 'tofu shop/restaurant') is a traditional establishment in Yudanaka area that specialises in handmade Shinshu-style tofu (豆腐), including hiyayakko (cold fresh tofu), agedashi dofu (deep-fried tofu in broth), yudofu (hot pot tofu), and dengaku tofu (grilled tofu with miso). Shinshu tofu is noted for its richness owing to the quality of regional mountain water and locally grown soybeans. The restaurant's dishes are simple, wholesome, and represent an important vein of Nagano traditional cuisine. Vegetarian-friendly relative to most local options.",Tofuya,豆腐屋,Note: Tofuya in Yudanaka is NOT the same as the famous 'Tofuya Ukai' luxury chain in Tokyo/Kawasaki. This is a small local Yudanaka tofu restaurant. Hours and specific address unconfirmed — verify directly. Tofu broth may contain fish-based dashi — ask if vegetarian.,cash_only,,,$$,yamanouchi,recommended,,Traditional tofu-focused restaurant in Yudanaka serving fresh handmade Shinshu tofu dishes and local seasonal accompaniments.,Hiyayakko (cold fresh tofu) | Agedashi tofu (deep-fried in broth) | Yudofu (hot pot tofu) | Dengaku tofu (grilled with miso),https://www.tripadvisor.com,,yudanaka,restaurant,limited,
"2989-1 Hirao Minami-machi, Yamanouchi, Shimotakai-gun, Nagano",,JP,convenience_store,picture_menu,,,,Check Google Maps (may not be 24hr),,Check Google Maps (may not be 24hr),,,Check Google Maps (may not be 24hr),Check Google Maps (may not be 24hr),Check Google Maps (may not be 24hr),Check Google Maps (may not be 24hr),Check Google Maps (may not be 24hr),lawson-yudanaka-ekimae,yes,,36.7431,138.4208,"The Lawson convenience store at Yudanaka Station is an essential stop for all travellers in the area. For skiers, it is the place to grab breakfast before the mountain bus, quick lunches, energy bars, hot coffee, nikuman (steamed meat buns), onigiri (rice balls), and snacks. The ATM inside accepts international cards (VISA/Mastercard) — critical in this largely cash-based town. Open hours may vary from the standard 24-hour format for rural locations. Stock also includes sandwiches, bento boxes, noodle cups, desserts, sauces, and basic toiletries. Children's snacks and drinks available.",Lawson (Yudanaka Ekimae),ローソン 湯田中駅前店,87m from Yudanaka Station. ATM accepts international Visa/Mastercard — important for cash in this area. Not confirmed 24-hour in this rural location — check hours on Google Maps before counting on late-night access. Take-out only format. Tabelog category: Convenience store.,both,,,$,yamanouchi,not_accepted,,"Essential convenience store (konbini) 87 metres from Yudanaka Station — onigiri, bento, hot foods, ATM (accepts foreign cards), ski essentials.","Onigiri (rice balls, multiple fillings) | Nikuman (steamed pork bun) | Hot coffee (from machine) | Bento boxes | Sake cup noodles / ramen",https://tabelog.com/en/nagano/A2001/A200104/20024814/,,yudanaka,cafe,limited,https://www.lawson.jp/en/
"383-1 Sano Sakai, Yamanouchi, Shimotakai-gun, Nagano",,JP,convenience_store,picture_menu,,,,Check Google Maps,,Check Google Maps,,,Check Google Maps,Check Google Maps,Check Google Maps,Check Google Maps,Check Google Maps,seven-eleven-yamanouchi-sano,yes,,36.742,138.4265,"The 7-Eleven in the Sano district of Yamanouchi is situated on Route 292 (Joshinetsu Expressway spur), making it the primary convenience store for travellers driving toward Snow Monkey Park, Ryuoo Ski Area, or Shiga Kogen. Stock includes standard konbini fare: hot foods, coffee, onigiri, sandwiches, snacks, drinks, basic medicines, and convenience items. ATM service available (may accept international cards). Hotarutei Villas notes this store as 5 minutes by car from their property.",7-Eleven Yamanouchi Sano,セブン-イレブン 山ノ内町佐野店,722m from Yudanaka Station. On Route 292 — key stop for drivers. Hours likely not 24hr in this rural area — check Google Maps. Important for Hotarutei Villas guests (5 min drive). The nearest 7-Eleven for many Kanbayashi-area accommodations.,both,,,$,yamanouchi,not_accepted,,"The 7-Eleven on Route 292 in Sano — critical konbini for drivers headed to Snow Monkey Park, Ryuoo ski area, or Shiga Kogen.","Onigiri | Hot coffee (Seven Café brand) | Bento boxes | Hot snacks (oden, nikuman)",https://tabelog.com/en/nagano/A2001/A200104/20027165/,,yudanaka,cafe,limited,https://www.sej.co.jp
"Nakano City / Yamanouchi area, Nagano (multiple branches)",,JP,supermarket | grocery,no,,,,~09:00-21:00,,~09:00-21:00,,,~09:00-21:00,~09:00-21:00,~09:00-21:00,~09:00-21:00,~09:00-21:00,tsuruya-supermarket,yes,,36.7441,138.3716,"Tsuruya is the premium supermarket chain of Nagano Prefecture, beloved by both locals and savvy visitors for its exceptional selection of local Shinshu products, fresh produce, and prepared foods. A Tsuruya stop is a highlight for food-curious travellers: look for Shinshu apples in season (September-November), locally milled soba flour, hand-fermented miso, nozawana pickles, walnut sauce, local sake, and the chain's own excellent prepared foods and bakery products. The nearest large Tsuruya branches are in Nakano City or Yamanouchi area — approximately 15-20 minutes' drive from central Yudanaka. The Ippongi Park area has a branch.",Tsuruya Supermarket (Nakano / Yamanouchi Branch),ツルヤスーパー,Hotarutei Villas staff recommend Tsuruya Ippongi (10 min by car) or AEON Nakano (10 min by car) for full grocery shopping. Tsuruya own-brand products make excellent souvenirs — particularly the apple products and soba. Accepts cards at most branches. Hours approximately 9am-9pm.,both,,,$,yamanouchi,not_accepted,,"Nagano's beloved regional supermarket chain with outstanding local produce — Shinshu apples, miso, soba, nozawana, sake, and the famous Tsuruya original products.",Shinshu apples (seasonal) | Shinshu soba (fresh and dried) | Local miso varieties | Nozawana pickles | Walnut sauce (kurumi dare) | Local Nagano sake,https://hotarutei.com/en/hotarutei-villas/,,yudanaka,restaurant,yes,
"Yamanouchi, Shimotakai-gun, Nagano",,JP,cafe | japanese,no,,,,,,,,,,,,,,mikasa-cafe,yes,,36.7433,138.421,"Mikasa is a small neighbourhood cafe near Yudanaka Station, serving standard Japanese cafe fare — coffee, tea, soft drinks, light meals, and desserts. A quiet spot to warm up between activities. Limited English but standard pointing-at-menu service works. Cash likely expected.",Mikasa,三笠,Limited data available. Primarily a local hangout. Best for coffee and light snacks rather than a full meal. Verify hours before visiting.,cash_only,,,$,yamanouchi,not_needed,,"Small local cafe in Yudanaka serving coffee, tea, light meals and desserts.",Coffee | Japanese set lunch | Cake,https://www.tripadvisor.com/RestaurantsNear-g1117904-d1169094,,yudanaka,cafe,limited,
"Various ryokan in Yudanaka, Yamanouchi",,JP,kaiseki | japanese,yes,,,,By reservation for guests,,By reservation for guests (dinner 18:00-20:00 typically),,,By reservation for guests,By reservation for guests,By reservation for guests,By reservation for guests,By reservation for guests,ryokan-kaiseki-dining,yes,19:30,36.744,138.4215,"For serious food experiences in Yudanaka, the in-house kaiseki (懐石) dinners at the premium ryokan — particularly Yorozuya, Kambayashi Hotel Senjukaku, Hotel Issa-tei/Biyu no Yado, Tawaraya, and Aburaya Tousen — represent the pinnacle of local Shinshu cuisine. A typical winter kaiseki at these properties includes: sakizuke (small starter), hassun (seasonal platter), yakimono (grilled Shinshu beef or river fish), mushimono (steamed dish), simmered mountain vegetables, rice with local pickles (nozawana, shinshuu miso), miso soup, and dessert (often apple compote or matcha sweet). Most are served in private dining rooms or at low traditional tables. Reservations are part of the booking process for ryokan stays; some accept outside guests for dinner (call ahead).",Ryokan Kaiseki Dining (In-House),旅館 懐石料理,"This is a category entry for the in-house ryokan dining experience. Top ryokan for kaiseki: Yorozuya ($$$$), Kambayashi Senjukaku ($$$$), Biyu no Yado ($$$), Tawaraya ($$$). Most accommodate dietary restrictions with 24hr advance notice. Some properties (Senjukaku) accept non-guests for dinner — call ahead. Kaiseki at these properties is ¥5,000-15,000/person typically.",both,,,$$$$,yamanouchi,required,,"The highest-quality dining in Yudanaka happens inside ryokan dining rooms — kaiseki multi-course meals featuring Shinshu beef, river fish, sansai, and local seasonal produce.","Shinshu beef (Wagyu-style regional beef) | River fish (iwana, yamame — Chikuma River trout/char) | Sansai (wild mountain vegetables — fiddleheads, butterbur, etc.) | Nozawana pickles | Mushroom dishes (shimeji, matsutake in season) | Miso soup with local tofu | Apple dessert (Shinshu apple)",https://www.tripadvisor.com | http://www.senjukaku.com/en/,,yudanaka,restaurant,limited,
"2138 Hirao, Yamanouchi, Shimotakai-gun, Nagano",,JP,izakaya | ramen | bar,no,,,,,,,,,,,,,,chokkun-izakaya,no,,36.743,138.422,"Chokkun is a local neighbourhood izakaya and dining bar that spans several categories — izakaya, dining bar, and ramen. It's a laid-back spot for local workers and the occasional international visitor looking for inexpensive Japanese food and drinks. Notably, it accepts QR code payments (PayPay etc.) but not credit cards — useful for visitors with Japanese payment apps.",Chokkun,チョッくん,"1.8km from Yudanaka Station (20 min walk). Accepts QR code payments (PayPay), but not credit cards. Average spend ¥1,500. Hours and closing days not confirmed — verify before visiting.",cash_only,,,$,yamanouchi,not_needed,,"Local izakaya-dining bar with ramen, draft beer, and izakaya fare — QR payment accepted.",Ramen | Draft beer | Izakaya snacks,https://tabelog.com/en/nagano/A2001/A200104/20021441/,,yudanaka,izakaya,limited,
"Various locations — Yudanaka, Shibu Onsen, Snow Monkey Park trail",,JP,bakery | street_food | japanese,picture_menu,,,,Varies by vendor,,Varies by vendor,,,Varies by vendor,Varies by vendor,Varies by vendor,Varies by vendor,Varies by vendor,oyaki-and-shinshu-local-foods,yes,,,,"Oyaki (おやき) are a defining Nagano street food — dough parcels (from wheat, buckwheat, or millet) stuffed with fillings including nozawana (pickled greens), kabocha squash, red bean paste, eggplant miso, or mushroom. They are steamed or baked and served warm. Look for oyaki at Enza Cafe (near Snow Monkey Park), at the Tsuruya supermarket, and occasionally at small stalls in the Yudanaka/Shibu Onsen area. Shinshu apple products — fresh juice, apple pie, apple soft serve, and apple jam — are available at Enza Cafe and various convenience stores. These foods represent the most accessible and affordable local Nagano specialties.",Oyaki and Shinshu Street Food (Various Vendors),おやき・信州郷土料理,"Best oyaki at Enza Cafe (buckwheat buns), Tsuruya supermarket, and roadside stalls. Nozawana and vegetable fillings are vegetarian. Red bean filling is vegan. Ask about dashi in broth-based dishes. Apple products are best in autumn (Sep-Nov) but available year-round as processed goods.",cash_only,,,$,yamanouchi,not_accepted,,"Look for oyaki (stuffed buckwheat dumplings), Shinshu apple products, and local food vendors in and around Yudanaka and on the Snow Monkey Park trail.",Oyaki with nozawana filling | Oyaki with kabocha (squash) filling | Oyaki with red bean (anko) filling | Shinshu apple pie | Apple soft serve (Shinshu apple),https://www.snowmonkeyresorts.com/eats/enzacafe/ | https://japantravel.navitime.com,,yudanaka,bakery,yes,
"2178 Shibu Onsen, Yamanouchi-machi, Shimotakai-gun, Nagano",,JP,soba | udon | Japanese,no,,3rd and 5th Wednesday (except public holidays),,"11:30–15:00, 18:00–23:30",,"11:30–15:00, 18:00–23:30",,,"11:30–15:00, 18:00–23:30","11:30–15:00, 18:00–23:30","11:30–15:00, 18:00–23:30","11:30–15:00, 18:00–23:30","11:30–15:00, 18:00–23:30",tamagawa-honten-soba,yes,14:00 (lunch) / 20:00 (dinner) — closes when soba sells out,36.7479,138.4237,"Tamagawa Honten is arguably the most important standalone restaurant in Shibu Onsen. Set kitty-corner from the #2 public bath (Sasa-no-yu), it has served hand-milled buckwheat soba for decades. The soba flour is ground from Shinshu-contracted buckwheat using a stone mill on-site each morning; only the day's amount is made, so the restaurant closes when sold out. Zaru-soba (cold, with dipping broth) shows the noodles at their purest. Tororo-soba (with grated yam) and kurumidare-soba (walnut sauce) are house specialties. The soba soft-serve ice cream — only available if you've ordered soba — is a cult item. Lunch service only; closes by early afternoon. The rare establishment in Shibu that accepts major credit cards.",Tamagawa Honten,手打蕎麦うどん 玉川本店,,cards_accepted,0269-33-2252,https://tabelog.com/en/nagano/A2001/A200104/20000398/,$,yamanouchi,not_accepted,,"The definitive soba restaurant of Shibu Onsen — hand-ground Shinshu buckwheat, stone-milled fresh each morning, served beside the Sasa-no-yu bathhouse.",Zaru soba (cold buckwheat noodles) | Tororo soba (with grated yam) | Kurumidare soba (walnut dipping sauce) | Soba soft-serve ice cream (must order soba first),https://tabelog.com/en/nagano/A2001/A200104/20000398/ | https://japantravel.navitime.com/en/area/jp/spot/02301-2000148/ | https://tabelog.com/nagano/A2001/A200104/20000398/,,shibu_onsen,restaurant,yes,https://tabelog.com/en/nagano/A2001/A200104/20000398/
"2169 Heion, Yamanouchi-machi, Shimotakai-gun, Nagano",,JP,soba | Japanese,no,,,,11:30–14:00 (approx.),,11:30–14:00 (approx.),,Hours vary seasonally; closes when sold out. Confirm before visiting.,11:30–14:00 (approx.),11:30–14:00 (approx.),11:30–14:00 (approx.),11:30–14:00 (approx.),closed (verify locally),sobadokoro-yariya,yes,13:30 (approx.),36.7478,138.4236,"Yariya is the second soba option in Shibu Onsen and offers a slightly warmer, more eccentric dining room — filled with miniatures and memorabilia, run by a local family. The soba is well-regarded by visitors passing through for the snow monkeys or the kuyu meguri. Karaage (Japanese fried chicken) is a popular side order. Tends to be busy at lunch; small seating capacity means waits are common on busy days. Cash only. No advance reservations accepted. Hours are lunch-only; confirm locally as they change seasonally.",Soba Dokoro Yariya,そば処 やり屋,,cash_only,,https://tabelog.com/en/nagano/A2001/A200104/20011898/,$,yamanouchi,not_accepted,,"Cosy and homely soba shop on the main cobblestone street — the alternative to Tamagawa, with a family atmosphere and karaage alongside noodles.",Handmade soba | Karaage (fried chicken),https://tabelog.com/en/nagano/A2001/A200104/20011898/ | https://www.tripadvisor.com/Restaurant_Review-g1117904-d7494655-Reviews-Sobadokoro_Yariya-Yamanouchi_machi_Shimotakai_gun_Nagano_Prefecture_Koshinetsu_C.html,,shibu_onsen,restaurant,limited,https://tabelog.com/en/nagano/A2001/A200104/20011898/
"2138 Heion, Yamanouchi-machi, Shimotakai-gun, Nagano",,JP,izakaya | Japanese | ramen,no,,,,18:00–22:00 (approx.),,18:00–22:00 (approx.),,Irregular hours. Queue forms before opening. Confirm locally.,18:00–22:00 (approx.),18:00–22:00 (approx.),18:00–22:00 (approx.),18:00–22:00 (approx.),closed (verify locally),chokkun-izakaya,no,21:30 (approx.),36.7477,138.4234,"Chokkun is the most beloved eating destination in Shibu Onsen among international visitors, and its appeal has nothing to do with a menu — because there is no menu. The host (and often his partner) cooks an omakase sequence of whatever inspires him that evening: local fish, seasonal vegetables, tofu, mushrooms, sometimes ramen. Prices are remarkably low (around ¥1,500–¥2,500 per person including drinks). The sign on the door says 'come meet the funny owner'. Beer is sometimes poured by guests themselves from taps behind the counter. A polaroid wall tracks visitors from around the world. Vegetarian guests have been accommodated when they told the owner in advance. The single most important social spot in the village. Cash only; QR code payments accepted. Opens around 18:00–18:30.",Izakaya Chokkun,居酒屋 ちょっくん,,cash_only,,https://www.tripadvisor.com/Restaurant_Review-g1117904-d13837635-Reviews-Izakaya_Chokkun-Yamanouchi_machi_Shimotakai_gun_Nagano_Prefecture_Koshinetsu_Ch.html,$,yamanouchi,not_accepted,,No-menu omakase izakaya — Shibu Onsen's Midnight Diner. The charismatic host cooks what he feels like; the result is always generous and often unforgettable.,"Nightly omakase (chef's choice, no fixed menu) | Local sake selection | Draft beer (sometimes self-serve)",https://tabelog.com/en/nagano/A2001/A200104/20021441/ | https://www.tripadvisor.com/Restaurant_Review-g1117904-d13837635-Reviews-Izakaya_Chokkun-Yamanouchi_machi_Shimotakai_gun_Nagano_Prefecture_Koshinetsu_Ch.html,,shibu_onsen,izakaya,limited,https://tabelog.com/en/nagano/A2001/A200104/20021441/
"2271 Heion, Yamanouchi-machi, Shimotakai-gun, Nagano 381-0401",,JP,ramen | Japanese | Chinese-style,picture_menu,,,,"11:00–14:00, 17:00–00:00",,"11:00–14:00, 17:00–00:00",,,"11:00–14:00, 17:00–00:00","11:00–14:00, 17:00–00:00","11:00–14:00, 17:00–00:00",closed,"11:00–14:00, 17:00–00:00",ramen-tokumi,yes,23:30,36.7482,138.424,"Tokumi might look closed from the outside, but venture in and you'll find a small counter-seating ramen shop that feels very local and very authentic. The menu is limited — ramen, gyoza, oyako-don, a few sides — but it's cheap, filling, and warming after a cold day's bathing. An English menu exists, which is a pleasant surprise. The late closing time (midnight on weekdays and weekends) makes this the de facto last-resort dinner option in a village that largely closes by 21:00. Closes Tuesday. Noted to serve alcohol.",Ramen Tokumi,ラーメン 徳味,,cash_only,+81-269-33-5464,https://www.tripadvisor.com/Restaurant_Review-g1117904-d4901757-Reviews-Rarmen_Tokumi-Yamanouchi_machi_Shimotakai_gun_Nagano_Prefecture_Koshinetsu_Chubu.html,$,yamanouchi,not_needed,,"Shibu Onsen's no-frills ramen shop — cheap, warming, counter seating, and one of the only places open for both lunch and late dinner.",Ramen (local Shinshu-style broth) | Gyoza | Oyako-don (chicken and egg rice bowl),https://tabelog.com/en/nagano/A2001/A200104/20010415/ | https://www.tripadvisor.com/Restaurant_Review-g1117904-d4901757-Reviews-Rarmen_Tokumi-Yamanouchi_machi_Shimotakai_gun_Nagano_Prefecture_Koshinetsu_Chubu.html,,shibu_onsen,ramen,no,https://www.tripadvisor.com/Restaurant_Review-g1117904-d4901757-Reviews-Rarmen_Tokumi-Yamanouchi_machi_Shimotakai_gun_Nagano_Prefecture_Koshinetsu_Chubu.html
"2267-3 Heion, Yamanouchi-machi, Shimotakai-gun, Nagano 381-0401",,JP,French | Japanese fusion | wine bar,yes,,,,,,,,Hours not consistently published. Reservations via TableCheck recommended. Confirm before visiting.,,,,,,gonki-shokudo,no,unknown,36.7481,138.4242,"Gonki occupies a remarkable niche in Shibu Onsen: a French-inspired small restaurant and wine bar that uses local Yamanouchi produce — mountain vegetables, river fish, wild game — to create dishes that feel more Burgundy than Nagano while remaining entirely rooted in their valley. The TableCheck listing describes it as 'French-inspired cuisine uniquely evolved in Shibu Onsen.' Accepts credit cards (JCB, AMEX) and QR payments — one of the rare cashless-friendly establishments in the village. The Tripadvisor listing flags it as $$$$, reflecting dinner tasting-menu pricing. Hours not officially published; contact or check locally before visiting.",Shibu Onsen Shokudo gonki,渋温泉食堂 gonki,,cards_accepted,+81-269-38-0246,https://www.tripadvisor.com/Restaurant_Review-g1117904-d20139462-Reviews-Shibu_Onsen_Shokudo_gonki-Yamanouchi_machi_Shimotakai_gun_Nagano_Prefecture_Kos.html,$$$,yamanouchi,recommended,https://www.tablecheck.com/en/gonki,"An unexpected Franco-Japanese food bar using local mountain vegetables, river fish, and game — a creative outlier in a traditionally conservative food village.",Seasonal mountain vegetable dishes | River fish preparations | Local game | Curated local sake and wine selection,https://tabelog.com/en/nagano/A2001/A200104/20023691/ | https://www.tripadvisor.com/Restaurant_Review-g1117904-d20139462-Reviews-Shibu_Onsen_Shokudo_gonki-Yamanouchi_machi_Shimotakai_gun_Nagano_Prefecture_Kos.html | https://www.tablecheck.com/en/gonki,,shibu_onsen,restaurant,limited,https://www.tablecheck.com/en/gonki
"2229 Heion, Yamanouchi-machi, Shimotakai-gun, Nagano",,JP,izakaya | yakitori | Japanese,yes,,,,,,,,Opens at 18:30. Closing time unconfirmed; typically 22:00–23:00. Verify locally.,,,,,,motoya-izakaya,no,22:00 (approx.),36.7478,138.423,"Motoya is the grilled-chicken izakaya of Shibu Onsen, situated 100 metres from the main bus stop. It opens late (18:30) and has attracted a local following. Unlike Chokkun, Motoya runs a conventional menu and accepts reservations (walk-in friendly but reservation possible). An English multilingual menu is available — notable for an izakaya in a rural Japanese village. The ¥300 appetiser (otoshi) is charged automatically. Children not admitted. Cash only; no cards or electronic money accepted. The yakitori and local sake pairing is the reason to go.",Motoya,やきとり居酒屋 もとや,,cash_only,,https://tabelog.com/en/nagano/A2001/A200104/20003122/,$$,yamanouchi,not_needed,,"Yakitori-focused izakaya steps from the Shibu Wagobashi bus stop, opening at 18:30 — a good evening option when Chokkun is full.",Yakitori (grilled chicken skewers) | Local sake,https://tabelog.com/en/nagano/A2001/A200104/20003122/,,shibu_onsen,izakaya,no,https://tabelog.com/en/nagano/A2001/A200104/20003122/
"2226 Hirao, Matsuda-ya 1F, Yamanouchi-machi, Shimotakai-gun, Nagano 381-0401",,JP,cafe | coffee | breakfast,yes,,,,06:00–14:00 (Dec–May) / 07:00–15:00 (Jun–Nov),,06:00–14:00 (Dec–May) / 07:00–15:00 (Jun–Nov),,,06:00–14:00 (Dec–May) / 07:00–15:00 (Jun–Nov),06:00–14:00 (Dec–May) / 07:00–15:00 (Jun–Nov),closed,06:00–14:00 (Dec–May) / 07:00–15:00 (Jun–Nov),06:00–14:00 (Dec–May) / 07:00–15:00 (Jun–Nov),yamanouchi-coffee,yes,13:30 (Dec–May) / 14:30 (Jun–Nov),36.748,138.4238,"Yamanouchi Coffee has developed a cult following as the best-quality coffee in the Shibu Onsen/Yudanaka area. Run by a barista owner, it sources specialty-grade beans from BMC Coffee (a local Nagano roaster) and serves them via AeroPress, hand-drip, and espresso. The signature AeroPress (¥650) is the order. In winter (December–May) the shop opens at 6 AM — crucial for skiers heading to Shiga Kogen early. A hearty all-day breakfast plate using local ingredients is the most popular food item. Mobile pre-order available for 6:15 AM pickup. Free WiFi and power outlets. Located at Matsuda-ya building ground floor, 2226 Hirao. Closed Thursdays.",Yamanouchi Coffee,YAMANOUCHI COFFEE / 山ノ内コーヒー,,both,,https://yamanouchi.coffee,$,yamanouchi,not_needed,,"The early-riser's anchor — opens at 6 AM in ski season, serves AeroPress and specialty pour-over, with a popular all-day breakfast plate.","AeroPress coffee (BMC Coffee beans, ¥650) | All-day breakfast plate (local ingredients, most popular item) | Single-origin hand-drip coffee | Specialty espresso drinks",https://yamanouchi.coffee | https://www.snownavi.com/en/topics/eat_26041401en | https://www.tripadvisor.com/Restaurants-g1117904-c8-Yamanouchi_machi_Shimotakai_gun_Nagano_Prefecture_Koshinetsu_Chubu.html,,shibu_onsen,cafe,yes,https://yamanouchi.coffee
"2150 Heion, Yamanouchi-machi, Shimotakai-gun, Nagano",,JP,cafe | breakfast | Japanese | Western,yes,,,18:00–21:30 (LO 21:00),,closed until further notice,,07:30–10:00 (LO 09:30),Reservation required at check-in for dinner. Lunch suspended since July 2024.,,,,,,koishiya-cafe-restaurant,yes,09:30 (morning) / 21:00 (dinner),36.7477,138.4233,"Open to non-staying guests, Koishiya's café is the most refined coffee destination in the village, using a Synesso Hydra-3 espresso machine and specialty-grade beans for hand-crafted lattes and pour-overs. Morning service (7:30–10:00) offers Japanese-style breakfast and baguette sandwiches alongside espresso drinks. Evening dinner service (18:00–21:30) provides a sit-down option for guests who don't have ryokan meals. Lunch and midday café service suspended since July 2024 with no confirmed return date. Last dinner order at 21:00. Both services require advance reservation. This is the primary dinner option for guests staying at Koishiya Ryokan (which doesn't include meals) or other B&B-style accommodation.",Koishiya Café & Restaurant,渋温泉 小石屋旅館 カフェ,,both,+81-269-33-2155,https://koishiya.com/en/cafe/,$$,yamanouchi,recommended,https://koishiya.com/en/cafe/,"The in-house café of Koishiya Ryokan, open to outside guests for morning specialty coffee and a dinner service — the only dedicated barista café in the village.",Specialty latte art cappuccino | Hand-drip single-origin pour-over | Japanese-style breakfast set | Baguette sandwich,https://koishiya.com/en/cafe/ | https://koishiya.com/en/faq/,,shibu_onsen,cafe,yes,https://koishiya.com/en/cafe/
"2184 Heion, Yamanouchi-machi, Shimotakai-gun, Nagano",,JP,cafe | gelato | sweets,picture_menu,,,,,,,,"Daytime hours, seasonal. Typically 10:00–17:00. Confirm locally.",,,,,,wakabaya-gelato,yes,16:30 (approx.),36.7479,138.4235,"Wakabaya Shoten (not to be confused with Wakaba Ryokan) is a cheerful gelato café on Shibu Onsen's main cobbled street — a classic kiosk-style shop where yukata-clad guests pause between bathhouses for a scoop or a warm drink. In winter, hot drinks are the obvious choice; in shoulder seasons, the gelato selection emphasises local milk and Shinshu flavours. The phone number is 0269-33-3305 and the address is 2184 Heion. One of the institutions of the kuyu meguri walk. Cash preferred; hours are daytime only and seasonal — confirm before visiting.",Wakabaya Shoten,ジェラートカフェ 若葉屋商店,,cash_only,0269-33-3305,https://shibuonsen.net/shop/wakabaya/,$,yamanouchi,not_needed,,The gelato café on the cobblestone walk — a beloved mid-bath-hop stop serving handmade ice cream and light fare on the main street.,Shinshu milk gelato | Seasonal local-flavour gelato | Hot drinks,https://shibuonsen.net/shop/wakabaya/ | https://shibuonsen.net/shop/category/eat/,,shibu_onsen,cafe,yes,https://shibuonsen.net/shop/wakabaya/
"2267-2 Heion, Yamanouchi-machi, Shimotakai-gun, Nagano 381-0401",,JP,seafood | Japanese | washoku,no,,,,"11:00–14:00, 17:30–21:30",,"11:00–14:00, 17:30–21:30",,,"11:00–14:00, 17:30–21:30","11:00–14:00, 17:30–21:30",17:30–21:30 (dinner only),"11:00–14:00, 17:30–21:30",closed,kaneshin-seafood,yes,21:00,36.7481,138.4243,"Kaneshin is a rare beast in mountain-locked Shibu Onsen: a restaurant specialising in seafood washoku (Japanese cuisine). Fresh fish is transported daily from the coast, prepared in traditional Japanese style — sashimi, grilled fish, small-plate kaiseki elements. Open for lunch and dinner (with a dinner-only Thursday). Closed Wednesdays. Accepts reservations by phone. A useful option for guests who want proper washoku without the full ryokan commitment, and a lifeline for those staying at B&B-style accommodation. Phone 0269-33-3565.",Kaneshin (Seafood Washoku),海鮮和食 金新,,cash_only,0269-33-3565,https://www.tripadvisor.com/Restaurant_Review-g1117904-d13439223-Reviews-Kaneshin-Yamanouchi_machi_Shimotakai_gun_Nagano_Prefecture_Koshinetsu_Chubu.html,$$,yamanouchi,recommended,,"The village's only dedicated seafood and washoku restaurant — landlocked Shibu's answer to izakaya, rated 4.4 on Tripadvisor.",Seasonal sashimi set | Grilled fish (daily catch) | Kaiseki small plates,https://tabelog.com/en/nagano/A2001/A200104/20020583/ | https://www.tripadvisor.com/Restaurant_Review-g1117904-d13439223-Reviews-Kaneshin-Yamanouchi_machi_Shimotakai_gun_Nagano_Prefecture_Koshinetsu_Chubu.html,,shibu_onsen,restaurant,limited,https://tabelog.com/en/nagano/A2001/A200104/20020583/
"2300 Andai, Yamanouchi-machi, Shimotakai-gun, Nagano",,JP,ramen | Chinese,no,,,,,,,,Hours unconfirmed. Typically lunch and early dinner. Confirm locally before visiting.,,,,,,rairaiken-chinese,yes,unknown,36.7475,138.4225,"Rairaiken (来々軒, meaning 'come come inn' in Chinese-Japanese fusion naming) is an unpretentious Chinese-Japanese restaurant near the main approach to Shibu Onsen. Ramen is the anchor — simple, warming, and inexpensive. The address is 2300 Andai (slightly outside the main street concentration), making it a good option before or after arriving by bus. Local reviews note the 'tasty ramen at standard prices of ¥700–¥800 per bowl'. Phone: +81-269-33-2269. A reliable fallback when the soba shops are sold out.",Rairaiken,来々軒,,cash_only,+81-269-33-2269,,$,yamanouchi,not_needed,,Small Chinese restaurant serving ramen at the entry to Shibu Onsen — one of the longest-operating food spots in the village.,Ramen (¥700–800) | Chinese-Japanese set meals,https://www.tripadvisor.com/Restaurant_Review-g1117904-d7494684-Reviews-Rairaiken-Yamanouchi_machi_Shimotakai_gun_Nagano_Prefecture_Koshinetsu_Chubu.html,,shibu_onsen,ramen,no,
"Main cobblestone street, Heion, Yamanouchi-machi, Shimotakai-gun, Nagano",,JP,wagashi | Japanese sweets | street food,no,,,,,,,,"Typically 09:00–17:00, some close by 16:00. Seasonal. Cash only.",,,,,,manju-senbei-street-shops,yes,16:30 (approx.),36.7479,138.4237,"Shibu Onsen's main street supports several small family-run shops selling traditional Japanese snacks that are integral to the kuyu meguri walk. These include: steamed manju (red-bean filled buns, often warm), senbei (grilled rice crackers, sometimes with miso or soy glaze), oyaki (Nagano's stuffed grilled dumplings — the best here use local wild vegetables like nozawana), and onsen tamago (eggs slow-cooked in spring water). Matsumoto Seika (松本製菓) is the best-known of these, listed on Tabelog as a wagashi (Japanese confectionery) shop. These are cash-only, seasonally variable, and typically open during daylight hours. They close early. This entry covers the category rather than a single shop because the street has 2–3 interchangeable small operators, and their stock and hours shift frequently.",Onsen Street Wagashi Shops (collective entry),温泉街 和菓子・煎餅店,,cash_only,,,$,yamanouchi,not_accepted,,The handful of traditional sweet and snack shops along the cobblestone main street — essential pauses between public bathhouses.,"Manju (steamed red-bean buns) | Oyaki (Nagano-style stuffed grilled dumplings, nozawana filling) | Senbei (rice crackers with miso or soy glaze) | Onsen tamago (spring-water slow-cooked eggs)",https://www.snowmonkeyresorts.com/activities/shibu-onsen-simple-fun-things-to-do-in-a-traditional-hot-spring-town/ | https://tabelog.com/nagano/S1/S73656/,,shibu_onsen,cafe,yes,https://shibuonsen.net/shop/category/eat/
"Heion, Yamanouchi-machi, Shimotakai-gun, Nagano",,JP,bar | sake | Japanese small plates,no,,,,,,,,"Evening only, typically 18:00–22:00. Verify locally.",,,,,,kadoya-standing-bar,no,21:30 (approx.),36.7478,138.4234,"Kadoya Standing Bar (not to be confused with the Shibu Onsen Kadoya ryokan/hotel nearby) is listed on the Shibu Onsen official site as one of the village's eating and drinking establishments. The standing-bar format is common in Japan — you drink and eat at a counter or high table without seats. It serves local Nagano sake, beer, and small plates. The casual, neighbourhood format makes it the most approachable place for a drink without committing to an izakaya dinner. Hours are evening-only; cash preferred. One of the few places where you can drop in for a quick sake between bathhouses without ordering a full meal.",Kadoya Standing Bar,KADOYA STANDING BAR,,cash_only,,,$,yamanouchi,not_needed,,"A standing bar in the heart of the village — the most casual drinks spot for sake, craft beer, and small bites after a round of the nine baths.",Local Nagano sake (several labels) | Craft beer | Japanese small plates / otsumami,https://shibuonsen.net/shop/category/eat/,,shibu_onsen,bar,limited,https://shibuonsen.net/shop/category/eat/
"Heion, Yamanouchi-machi, Shimotakai-gun, Nagano",,JP,bar | karaoke,no,,,,,,,,"Late evening only, typically 20:00–01:00. Irregular. Verify locally.",,,,,,snack-senryo,no,00:30 (approx.),36.7477,138.4233,"Japanese 'snack bars' (スナック) are a uniquely Japanese institution: small counter bars run by a female proprietor (mama-san) who pours drinks, chats with guests, and occasionally sings karaoke. Senryo is one of two such snacks operating in Shibu Onsen (the other being Uncle Tom's). They are not a place to eat dinner; they are a place to drink, talk, and be entertained. Foreigners who stumble in are generally welcomed warmly. Best visited late evening after dinner. Language barrier is real but karaoke crosses borders. Cash only. Hours are late evening.",Snack Senryo,スナック せんりょう,,cash_only,,,$,yamanouchi,not_needed,,"A classic Japanese 'snack bar' (mama-san bar) — intimate counter seating, karaoke, sake and whisky, the kind of place that only exists in Japanese onsen villages.",Whisky highball | Local sake | Karaoke,https://shibuonsen.net/shop/category/eat/,,shibu_onsen,bar,yes,https://shibuonsen.net/shop/category/eat/
"Heion, Yamanouchi-machi, Shimotakai-gun, Nagano",,JP,izakaya | Japanese,no,,,,,,,,"Evening only, typically 18:00–22:00. Verify locally as hours are irregular.",,,,,,shibu-izakaya,no,21:30 (approx.),36.748,138.4237,"Izakaya Shibu is listed on the Shibu Onsen official dining registry and provides an alternative evening option when Chokkun is full (which it frequently is). The format is conventional izakaya — a menu of grilled items, tofu, salads, seasonal vegetables, and standard izakaya fare, paired with local sake and beer. The name echoes the village itself, suggesting ownership with a strong sense of local pride. Evening opening hours only; cash preferred. Good for groups that want a more structured ordering experience than Chokkun's omakase style.",Izakaya Shibu,居酒屋 しぶ,,cash_only,,,$,yamanouchi,not_needed,,"The other izakaya in the village — straightforward evening dining with local sake, beer, and izakaya staples for those who can't get into Chokkun.",Izakaya small plates | Seasonal vegetable dishes | Local sake,https://shibuonsen.net/shop/category/eat/,,shibu_onsen,izakaya,limited,https://shibuonsen.net/shop/category/eat/
"Heion, Yamanouchi-machi, Shimotakai-gun, Nagano",,JP,Japanese | kaiseki-style,no,,,,,,,,"Lunch 12:00–14:00, Dinner 18:00–20:00. Reservation recommended. Verify locally.",,,,,,fujiya-ryokan-dining,yes,19:30 (dinner approx.),36.7481,138.4238,"Several of Shibu Onsen's smaller ryokan open their dining rooms to outside guests, and Fujiya is listed among the official dining establishments on the Shibu Onsen tourism site (味乃宿 ふじや旅館 appears on the eat category). Fujiya's name translates as 'inn of flavour', suggesting a kitchen-first philosophy. For guests staying at accommodation without meal plans, restaurants like Fujiya that serve non-guest diners fill the gap left by the thin standalone restaurant scene. Cuisine is traditional Japanese home-style; hours roughly follow meal service times (lunch and dinner). Reserve by phone. Cash preferred.",Fujiya Ryokan Restaurant (Ajinoyado Fujiya),味乃宿 ふじや旅館,,cash_only,+81-269-33-2233,,$$,yamanouchi,recommended,,"The dining room of Ajinoyado Fujiya ryokan, listed as a public restaurant — useful for non-guests wanting home-style Japanese cooking at moderate prices.",Home-style Japanese set meals | Seasonal local ingredients | Miso soup with mountain vegetables,https://shibuonsen.net/shop/category/eat/,,shibu_onsen,restaurant,limited,https://shibuonsen.net/shop/category/eat/
"2493-6 Yomase, Yamanouchi-machi, Shimotakai-gun, Nagano 381-0405",,JP,Japanese | ramen | teishoku,no,,,,"11:30-13:30, 17:00-20:00",,closed,,,"11:30-13:30, 17:00-20:00","11:30-13:30, 17:00-20:00","11:30-13:30, 17:00-20:00","11:30-13:30, 17:00-20:00","11:30-13:30, 17:00-20:00",takagiya-shokudo-yomase,yes,19:30 (estimated),36.7558,138.4025,"Takagiya Shokudo sits just 21 metres from the Nagano Electric Railway Yomase Station, making it the easiest dining option for guests arriving by train or killing time before departure. The menu is classic Japanese station-diner fare: ramen, set meals (teishoku), comfort food at very low prices (under ¥1,000). The small room has limited seating. Cash only; no card payments. Closed Mondays. Reviews on Retty and Tabelog describe it as unpretentious and essential for the area.",Takagiya Shokudo,多加技屋食堂,,cash_only,+81-269-33-3401,,$,yamanouchi,not_needed,,"Tiny station-front diner immediately beside Yomase Station — the closest thing to a local canteen in the village; ramen, set meals, under ¥1,000.",ramen | daily teishoku set,https://tabelog.com/nagano/A2001/A200104/20007119/,,yomase,restaurant,limited,
"8156-5 Yomase, Yamanouchi-machi, Shimotakai-gun, Nagano 381-0405",,JP,soba | Japanese regional | teishoku,no,,,,"10:30-14:00, 17:00-20:00",,"10:30-14:00, 17:00-20:00",,,"10:30-14:00, 17:00-20:00","10:30-14:00, 17:00-20:00","10:30-14:00, 17:00-20:00",closed,"10:30-14:00, 17:00-20:00",eichyu-shokudo-yomase,yes,13:30 (lunch) / dinner by prior reservation only,36.7578,138.4052,"Eichyu Shokudo is a small, family-run diner in the Yomase village centre serving soba and local Shinshu dishes. Lunch runs from 10:30 to 14:00; dinner (17:00–20:00) is reservation-only and must be booked the day before — an important detail for travellers planning an evening meal. The restaurant has a following among regular ski-visitors who appreciate its honest, no-fuss local cooking. Closed Tuesdays. Located near Kitashiga Kaden Soba Part in the same part of Yomase, making this stretch of road the closest thing to a 'restaurant row' in the village.",Eichyu Shokudo,栄忠食堂,,cash_only,+81-269-33-6230,,$,yamanouchi,required,https://tabelog.com/nagano/A2001/A200104/20011710/,Local soba and regional-cuisine diner in Yomase — dinner by advance reservation only; a dependable choice for home-style Shinshu food.,soba | local Shinshu set meals,https://tabelog.com/nagano/A2001/A200104/20011710/,,yomase,restaurant,limited,
"8156 Yomase (Nakasugawa), Yamanouchi-machi, Shimotakai-gun, Nagano 381-0405",,JP,soba,no,,,,11:00-sold out (reservation required),,11:00-sold out (reservation required),,,11:00-sold out (reservation required),11:00-sold out (reservation required),11:00-sold out (reservation required),11:00-sold out (reservation required),11:00-sold out (reservation required),kitashiga-kaden-soba-yomase,no,when sold out,36.758,138.4055,"One of the most unusual restaurants in the Yomase area, Kitashiga Kaden ('Kita-Shiga Electronics') is an electrician's workshop that doubles as a tiny soba restaurant when the owner — a dedicated amateur soba craftsman — decides to open. The owner uses in-situ preserved native-variety (Kiri-fuji, Oeyamaborotchi) buckwheat, manages every step from de-hulling to milling to noodle-making himself, and serves in two tatami rooms (max ~16 diners, no shared tables). The name and shop premises are unchanged from the electronics business. Reservation is mandatory; call first. Limited hours (11:00 until sold out). A remarkable experience for those who know to seek it out.",Kitashiga Kaden Soba Part,北志賀家電 そば部,,cash_only,+81-269-33-6234,,$,yamanouchi,required,https://tabelog.com/nagano/A2001/A200104/20001491/,"Eccentric hobbyist soba restaurant in a family home — reservation essential; owner mills, husks and hand-makes buckwheat noodles from native Kiri-fuji variety soba.",hand-milled in-situ soba | native-variety buckwheat noodles,https://tabelog.com/nagano/A2001/A200104/20001491/ | https://db.go-nagano.net/topics_detail6/id=11427,,yomase,restaurant,yes,http://s-adplan.net/kaden/
"7078 Yomase, Yamanouchi-machi, Shimotakai-gun, Nagano 381-0405",,JP,Japanese | Italian fusion | ramen,picture_menu,,,,8:00-16:00 (food 10:00-15:30) — winter only for lunch,,8:00-16:00 (food 10:00-15:30) — winter only for lunch,,,8:00-16:00 (food 10:00-15:30) — winter only for lunch,8:00-16:00 (food 10:00-15:30) — winter only for lunch,8:00-16:00 (food 10:00-15:30) — winter only for lunch,8:00-16:00 (food 10:00-15:30) — winter only for lunch,8:00-16:00 (food 10:00-15:30) — winter only for lunch,restaurant-la-mule-hotel-meiko,yes,15:30,36.7558,138.4032,"La Mule is the main dining room of Hotel Meiko and in winter it doubles as the primary sit-down slope-side restaurant for Yomase Onsen ski resort. The menu ranges across Japanese, Italian, and seasonal fusion dishes — breakfast is buffet-style; lunch (winter only, open to non-guests skiing at the resort) features recommended dishes such as two styles of ramen and miso katsudon. The restaurant is operated directly by Hotel Meiko and opens intermittently in summer. Useful for day-skiers who want a warm meal mid-mountain without venturing off the resort base.",Restaurant La Mule (Hotel Meiko),レストラン ラ・ミュール,,cards_accepted,+81-269-33-1171,,$$,yamanouchi,not_needed,,"Slope-side restaurant at the Yomase Onsen ski resort base (Hotel Meiko 1F), serving ramen, miso katsudon and seasonal Japanese-Italian fusion for lunch in winter.",ramen | miso katsudon | seasonal set meals,http://www.hotel-meiko.jp/en/index.php | https://x-jam.jp/facility/,,yomase,restaurant,limited,https://hotel-meiko.jp/
"7078 Yomase (Faro Base Centre), Yamanouchi-machi, Shimotakai-gun, Nagano 381-0405",,JP,Japanese | comfort food,picture_menu,,,,8:00-16:00 (food 10:00-15:00),,8:00-16:00 (food 10:00-15:00),,,8:00-16:00 (food 10:00-15:00),8:00-16:00 (food 10:00-15:00),8:00-16:00 (food 10:00-15:00),8:00-16:00 (food 10:00-15:00),8:00-16:00 (food 10:00-15:00),restaurant-apple-yomase-base,yes,15:00,36.7558,138.4033,"Restaurant Apple is the second dining outlet operated by Hotel Meiko at the Yomase ski resort base centre (Faro). Opening from 8:00 — earlier than most slope restaurants — it is a practical pit stop for those catching the first lifts. Food is served from 10:00 to 15:00. The menu covers Japanese comfort food (rice dishes, noodles) and lighter options. Located inside the Faro base centre building alongside the rental shop and lift ticket counter.",Restaurant Apple (Yomase Onsen base),レストラン あっぷる,,cards_accepted,+81-269-33-1171,,$,yamanouchi,not_needed,,On-mountain restaurant run by Hotel Meiko at the Yomase Onsen ski resort base; serves from 8 am for early starters.,rice dishes | noodles | hot drinks,https://x-jam.jp/facility/,,yomase,restaurant,limited,https://x-jam.jp/facility/
"11700-315 Yomase (inside Kitashiga Holiday Inn), Yamanouchi-machi, Shimotakai-gun, Nagano 381-0405",,JP,soba,no,,,,11:30-14:30,,11:30-14:30,,,11:30-14:30,11:30-14:30,closed,closed,closed,yamanomi-soba-kitashiga-holiday-inn,limited,13:00 (last seating start),36.7682,138.4128,"Yamanomi (山の実) is an unusual find in a ski lodge setting: a genuinely award-winning soba restaurant (Tabelog Award 2025 Bronze, 食べログ そば EAST 百名店 2025, #1 Nagano soba ranking) housed inside Kitashiga Holiday Inn. The owner-chef Sudo Tetsu oversees every step from grain preservation to milling to noodle-making, using the pure waters of the Kita-Shiga highland. Open Thursday–Sunday + Monday from 11:30 with two seatings (11:30 and 13:00, reservation strongly recommended). Closed Tuesday–Thursday and from late November to late April due to snow road closures — in winter it reopens in a different format as the 'Winter Slope-Side Restaurant Yamanomi' with soba and pizza. Worth planning a day around if visiting in autumn.",Yamanomi Soba (Kitashiga Holiday Inn),石臼挽き蕎麦香房 山の実,,cash_only,+81-269-33-7577,,$$,yamanouchi,recommended,https://tabelog.com/nagano/A2001/A200104/20000397/,"Tabelog Award-winning soba restaurant inside Kitashiga Holiday Inn — stone-milled buckwheat, seasonal country vegetables, open spring to early winter; also operates as a winter slope-side dining room.",stone-milled soba | seasonal vegetable sides,https://tabelog.com/nagano/A2001/A200104/20000397/,,yomase,restaurant,yes,
"3016-1 Yomase, Yamanouchi-machi, Shimotakai-gun, Nagano 381-0405",,JP,convenience food | snacks | hot drinks,picture_menu,,,,00:00-24:00,,00:00-24:00,,,00:00-24:00,00:00-24:00,00:00-24:00,00:00-24:00,00:00-24:00,seven-eleven-kitashiga-yomase,yes,,36.7606,138.4066,"This Seven-Eleven is a critical practical resource for anyone staying in Yomase. Open 24 hours with no closing days, it stocks onigiri, hot snacks, instant noodles, beverages, alcohol, confectionery, basic ski supplies (hand warmers, etc.) and Seven Bank ATM. Located on the main road (Nagano Route 40 / Kitashiga road) approximately 3 minutes' walk from Chateautel Kitashiga and within driving distance of all Yomase properties. For ski-trip groups on a budget, this is often the go-to breakfast and après-ski stop. The Yamazaki Y-Shop inside Hotel Meiko's Faro base centre (hotel guests and day-visitors) is also worth noting but has more limited hours (8:00–17:00).",7-Eleven Kitashiga Yomase,セブンイレブン 北志賀夜間瀬店,,both,+81-269-33-8000,,$,yamanouchi,not_needed,,"The only convenience store in Yomase — 24 hours, 300 metres from Yomase Station; essential for early starts, late returns, and snacks between runs.",onigiri | hot snacks | ramen cups | hand warmers,https://www.mapion.co.jp/phonebook/M02005/20561/ILSP0000491024_ipclm/ | https://location.sevenbank.co.jp/sevenbank/spot/detail?code=0000005573,,yomase,cafe,limited,https://www.sej.co.jp/
"2521 Yomase, Yamanouchi-machi, Shimotakai-gun, Nagano 381-0405",,JP,farm produce | fruit | vegetables,no,,,,8:30-17:00,,8:30-17:00,,Seasonal: August to December only,8:30-17:00,closed,8:30-17:00,8:30-17:00,8:30-17:00,ja-shiga-kogen-farm-stall-yomase,yes,17:00,36.7571,138.4038,"This small agricultural cooperative direct-sales stall in central Yomase sells produce grown locally in the valley: apples (the Yomase area is apple-farming country), seasonal vegetables, mountain herbs, and preserved goods. It is a farm-shop rather than a restaurant, but relevant for self-catering guests and those wanting to pick up fresh local produce. Open only from August through December — closed for the ski season itself — so of limited use to ski visitors unless passing through in early season (late November–December). The JA also operates the Yomase Kajitsu Kyosenjo (fruit sorting facility) nearby.",Shiga Kogen JA Farm Produce Stall,志賀高原農業協同組合 直売所,,cash_only,+81-269-38-1004,,$,yamanouchi,not_needed,,"Seasonal JA-affiliated farm shop selling Yomase-grown apples, vegetables and local produce — open August to December only.",Yomase apples | seasonal mountain vegetables | local preserves,https://www.ja-nagano.iijan.or.jp/office/directsales-2/,,yomase,restaurant,yes,https://www.ja-nagano.iijan.or.jp/office/directsales-2/
"7078 Yomase (Faro Base Centre, Hotel Meiko 1F), Yamanouchi-machi, Shimotakai-gun, Nagano 381-0405",,JP,convenience food | snacks | souvenirs,picture_menu,,,,8:00-17:00 (ski season only),,8:00-17:00 (ski season only),,,8:00-17:00 (ski season only),8:00-17:00 (ski season only),8:00-17:00 (ski season only),8:00-17:00 (ski season only),8:00-17:00 (ski season only),yamazaki-yshop-faro-meiko,yes,17:00,36.7558,138.4033,"The Yamazaki Y-Shop inside the Faro base centre of Yomase Onsen ski resort (Hotel Meiko, ground floor) is the most convenient in-resort retail option for skiers. It stocks souvenirs, ski-day essentials, snacks, soft drinks and basic groceries during resort operating hours. As it is inside the base centre, it is accessible before the first lift and after the last run. More limited than the Seven-Eleven nearby but eliminates the need to drive. Note: this is not a full convenience store — for alcohol, ATM and fuller grocery needs, the Seven-Eleven at Yomase 3016-1 (3 minutes' drive) is necessary.",Yamazaki Y-Shop (Faro / Hotel Meiko),ヤマザキＹショップ ファーロ,,both,+81-269-33-1171,,$,yamanouchi,not_needed,,"In-resort mini-mart inside the Yomase Onsen ski base centre (Faro) — souvenirs, daily necessities, food, drinks; open 8:00–17:00 on ski days.",local souvenirs | ski snacks | hot drinks,https://x-jam.jp/facility/ | http://www.hotel-meiko.jp/en/index.php,,yomase,cafe,limited,https://x-jam.jp/facility/
"8153-1 Yomase, Yamanouchi-machi, Shimotakai-gun, Nagano 381-0405",,JP,café | light meals,no,,,,unknown,,unknown,,Hours unconfirmed — call ahead,unknown,unknown,unknown,unknown,unknown,classic-joint-cafe-yomase,yes,unknown,36.7574,138.4048,"Classic Joint is a small café-type diner in the Yomase village area (address 8153-1) that appears on Tabelog as a 食堂 (diner). It has a modest Tabelog rating and review count suggesting a genuine neighbourhood café rather than a destination. Limited opening information is publicly available; it is best treated as a drop-in option when passing through. Given the scarcity of café options in Yomase, it is worth including. Travellers should call ahead to confirm hours in shoulder season.",Classic Joint,クラシック・ジョイント,,cash_only,,,$,yamanouchi,not_needed,,"Small café-diner on the main road through Yomase — a quiet stop for coffee, light meals and a break from the slopes.",coffee | light meals,https://tabelog.com/nagano/C20561/C55568/rstLst/,,yomase,cafe,limited,
"6995 Yomase, Yamanouchi-machi, Shimotakai-gun, Nagano 381-0405",,JP,Japanese regional | buffet | shabu-shabu,limited,,,,"breakfast 7:00-9:00, dinner 18:00-20:00",,"breakfast 7:00-9:00, dinner 18:00-20:00",,Guests only (non-guest day-trip onsen visitors may dine — confirm in advance),"breakfast 7:00-9:00, dinner 18:00-20:00","breakfast 7:00-9:00, dinner 18:00-20:00","breakfast 7:00-9:00, dinner 18:00-20:00","breakfast 7:00-9:00, dinner 18:00-20:00","breakfast 7:00-9:00, dinner 18:00-20:00",restaurant-hotel-selan-yomase,yes,19:30 (dinner estimated),36.7541,138.4021,"Hotel Selan's dining room serves as the primary restaurant for guests of the hotel; it does not operate as a public restaurant for walk-ins in the conventional sense, though the hotel does attract some non-guest day-trip onsen visitors who may also dine. The menu is buffet-style: wide variety of Shinshu regional dishes including shabu-shabu (Miyuki pork), Shinshu premium beef, pickled vegetables, soba, and seasonal mountain produce. Breakfast and dinner are served. The dining room's standout quality in the region — Tabelog lists it separately from Hotel Selan as a distinct food entry (夜間瀬 area) — confirms it as one of the better meal experiences available in Yomase without driving away.",Hotel Selan Dining (Tominoyu Restaurant),ホテルセラン 食事処,,cards_accepted,+81-269-33-1111,,$$,yamanouchi,required,,"In-hotel buffet dining room at Hotel Selan — open to guests only; Shinshu rustic cuisine with seasonal produce, Miyuki pork shabu-shabu, and Shinshu premium beef.",Shinshu shabu-shabu (Miyuki pork) | Shinshu premium beef | buffet soba | mountain vegetable dishes,http://www.hotel-selan.com/en/ | https://www.jalan.net/en/japan_hotels_ryokan/Ryokan/Nagano_Ryokan/Shiga_KitaShiga_Yudanakashibu_Ryokan/KitaShiga_Ryuo_Okushiga_Ryokan/hotel_selan/,,yomase,restaurant,limited,http://www.hotel-selan.com/en/
