address,amenities,booking_links.agoda,booking_links.airbnb,booking_links.booking_com,booking_links.expedia,booking_links.jalan,booking_links.official,booking_links.rakuten,check_in,check_out,country,distance_to_perisher_km,distance_to_skitube_km,distance_to_thredbo_km,drive_min_to_each_mountain.charlotte_pass,drive_min_to_each_mountain.kita_shiga_kogen,drive_min_to_each_mountain.kita_shiga_komaruyama,drive_min_to_each_mountain.okushiga_kogen,drive_min_to_each_mountain.perisher,drive_min_to_each_mountain.perisher_via_oversnow,drive_min_to_each_mountain.perisher_via_skitube,drive_min_to_each_mountain.ryuoo,drive_min_to_each_mountain.ryuoo_ski_park,drive_min_to_each_mountain.shiga_kogen,drive_min_to_each_mountain.shiga_kogen_hasuike,drive_min_to_each_mountain.shiga_kogen_main_area,drive_min_to_each_mountain.shiga_kogen_okushiga,drive_min_to_each_mountain.thredbo,drive_min_to_each_mountain.xjam_takai_fuji,drive_min_to_each_mountain.yakebitai,drive_min_to_each_mountain.yomase_mount_jeans,drive_min_to_each_mountain.yomase_onsen,drive_min_to_each_mountain.yomase_onsen_xjam,drive_min_to_nearest_mountain,drying_room,english_spoken,id,lat,lng,long_description,meal_plan,name,name_local,nearest_mountain,notes,onsen,pet_friendly,phone,photos,price_band,region,room_count,self_contained,short_description,ski_storage,source_urls,tattoo_policy,town,type,walk_min_to_yudanaka_station,website,yukata_provided
"1650 Alpine Way, Crackenback NSW 2627",indoor pool | heated pool | day spa | sauna | gym | tennis court | restaurant | bar | BBQ facilities | laundry | free wifi | free parking | fireplace (select rooms) | private balcony | fully equipped kitchen,https://www.agoda.com/search?q=Lake+Crackenback+Resort+Jindabyne,https://www.airbnb.com.au/s/Crackenback--NSW/homes?query=Lake+Crackenback+Resort,https://www.booking.com/searchresults.html?ss=Lake+Crackenback+Resort+Spa+Jindabyne,https://www.expedia.com.au/Hotel-Search?destination=Lake+Crackenback+Resort+Jindabyne,,https://www.oakshotels.com/en/oaks-lake-crackenback-resort,,15:00,10:00,AU,20,0.5,20,45,,,,,,20,,,,,,,15,,,,,,20,yes,yes,lake-crackenback-resort,-36.4697,148.4862,"Nestled in the Thredbo Valley on the banks of the Thredbo River, Lake Crackenback Resort & Spa offers studio apartments, chalets and lakeview apartments, all fully self-contained with kitchens and private balconies. Guests can unwind at the full-service day spa, indoor heated pool, gym, sauna and on-site restaurant. The resort sits a 15-minute drive from Thredbo and has private driveway access to Bullocks Flat Skitube terminal (0.5km), making it uniquely central to all three major ski fields.",,Lake Crackenback Resort & Spa (Oaks),,Perisher (via Skitube),,,no,+61 2 6451 3000,https://www.oakshotels.com/media/hotels/LCR/property/oaks-lake-crackenback-resort-exterior-1920x1080.jpg | https://www.oakshotels.com/media/hotels/LCR/rooms/oaks-lake-crackenback-resort-chalet-living-1920x1080.jpg,$$$$,snowy_mountains,150,yes,"4.5-star alpine resort on 150 acres bordering Kosciuszko National Park, with spa, indoor pool and direct access to Skitube.",yes,https://www.oakshotels.com/en/oaks-lake-crackenback-resort | https://www.booking.com/hotel/au/lake-crackenback-resort-amp-spa.html | https://www.trivago.com/en-US/oar/oaks-lake-crackenback-resort-jindabyne?search=100-246071,,jindabyne,lodge,,https://www.oakshotels.com/en/oaks-lake-crackenback-resort,
"1 Kosciuszko Road, Jindabyne NSW 2627",restaurant (2) | bar (3) | brewery on site | free wifi | free parking | flat screen TV | refrigerator | baggage storage | continental breakfast included | live music | nightclub/DJ events | pool table,https://www.agoda.com/search?q=Banjo+Paterson+Inn+Jindabyne,,https://www.booking.com/hotel/au/banjo-paterson.html,https://www.expedia.com.au/Hotel-Search?destination=Banjo+Paterson+Inn+Jindabyne,,https://www.banjopatersoninn.com.au,,14:00,10:00,AU,33,32,36,55,,,,,,28,,,,,,,32,,,,,,30,yes,yes,banjo-paterson-inn,-36.4144,148.6119,"A true Snowy Mountains institution, the Banjo Paterson Inn sits in the heart of Jindabyne with lakeside views and vibrant pub atmosphere. Rooms range from budget doubles to family loft suites, and guests have immediate access to Clancy's Brasserie, The Overflow burger-and-pizza bar, and the multi-award-winning Kosciuszko Brewhouse. Live music, nightly events and a continental breakfast (boxed, in-room) make this a lively choice for ski groups and families alike.",,Banjo Paterson Inn,,Perisher,,,no,,https://www.banjopatersoninn.com.au/wp-content/uploads/2023/05/Banjo-Paterson-Inn-Exterior.jpg,$$,snowy_mountains,40,no,"Iconic Jindabyne pub-hotel with 40 rooms, two restaurants, three bars and Kosciuszko Brewhouse on site.",yes,https://www.banjopatersoninn.com.au | https://www.booking.com/hotel/au/banjo-paterson.html | https://www.tripadvisor.com/Hotel_Review-g261617-d1509898-Reviews-Banjo_Paterson_Inn-Jindabyne_New_South_Wales.html,,jindabyne,hotel,,https://www.banjopatersoninn.com.au,
"62 Kosciusko Road, Jindabyne NSW 2627",indoor heated pool | tennis court | gym | ski storage | restaurant (Embers Fireside) | bar (Squires Cocktail Bar) | beer garden | free breakfast | free wifi | free parking | washer/dryer in rooms | conference facilities | beauty salon | fireplace in lobby | full kitchen in rooms | private balcony | lake views,https://www.agoda.com/search?q=Horizons+Lake+Jindabyne,,https://www.booking.com/searchresults.html?ss=Horizons+Lake+Jindabyne,https://www.expedia.com/Jindabyne-Hotels-Rydges-Horizons-Snowy-Mountains.h573982.Hotel-Information,,https://www.horizonslakejindabyne.com.au,,15:00,10:00,AU,33,32,36,55,,,,,,28,,,,,,,32,,,,,,28,yes,yes,horizons-lake-jindabyne,-36.417,148.607,"Horizons Lake Jindabyne (previously known as Rydges Horizons Snowy Mountains) is Jindabyne's largest full-service hotel, offering 120 individually decorated apartments with full kitchens, washing machines and lake-facing balconies. The property features an indoor heated pool, outdoor tennis court, gym, ski equipment storage, two dining venues (including the premium Embers Fireside Restaurant) and two bars. Free breakfast is included in most room rates, making it great value for ski families.",,Horizons Lake Jindabyne,,Perisher,,,no,+61 2 6456 2562,https://www.horizonslakejindabyne.com.au/wp-content/uploads/2024/03/Horizons-Lake-Jindabyne-Exterior.jpg,$$$,snowy_mountains,120,yes,"4-star hotel formerly Rydges Horizons with 120 lake-view apartments, indoor pool, two restaurants and complimentary breakfast.",yes,https://www.horizonslakejindabyne.com.au | https://www.expedia.com/Jindabyne-Hotels-Rydges-Horizons-Snowy-Mountains.h573982.Hotel-Information | https://www.tripadvisor.com/Hotel_Review-g261617-d4378131-Reviews-Horizons_Lake_Jindabyne-Jindabyne_New_South_Wales.html,,jindabyne,hotel,,https://www.horizonslakejindabyne.com.au,
"8228 Snowy River Way, Jindabyne NSW 2627",restaurant | bar (3 bars) | guest laundry | free parking | ski rental | free wifi | TV | bar fridge (motel rooms) | full kitchen (apartments) | dishwasher (2BR apartments),https://www.agoda.com/search?q=The+Station+Jindabyne,,https://www.booking.com/hotel/au/the-station.html,https://www.expedia.com/Jindabyne-Hotels-The-Station.h9623837.Hotel-Information,,https://www.perisher.com.au/the-station,,16:00,10:00,AU,26,25,43,50,,,,,,22,,,,,,,40,,,,,,22,yes,yes,the-station-resort,-36.462,148.58,"The Station is run by Perisher Resort and sits 7km south of Jindabyne town centre on Snowy River Way. It offers no-frills motel rooms and self-contained one and two-bedroom apartments, ideal for budget ski groups. On-site facilities include a restaurant, bar, guest laundry and free parking. Reception is open until midnight (2am Fridays), and Epic Australia Pass holders receive 15% off motel rates.",,The Station (Snow Stay),,Perisher,,,no,,,$,snowy_mountains,,yes,"Budget-friendly Perisher-owned motel and apartment resort 7km from Jindabyne town, with restaurant, bar and shuttle connections.",yes,https://www.perisher.com.au/the-station | https://www.tripadvisor.com/Hotel_Review-g261617-d1486963-Reviews-The_Station-Jindabyne_New_South_Wales.html | https://www.booking.com/hotel/au/the-station.html,,jindabyne,lodge,,https://www.perisher.com.au/the-station,
"Kosciuszko Road, Charlotte Pass, Kosciuszko National Park NSW 2630",ski-in ski-out | restaurant | bar/lounge | live music | open fireplace | kids club (complimentary) | babysitting | lift passes (included in winter package) | oversnow transport (included in winter package) | free wifi,https://www.agoda.com/search?q=Kosciuszko+Chalet+Hotel+Charlotte+Pass,,https://www.booking.com/searchresults.html?ss=Kosciuszko+Chalet+Hotel+Charlotte+Pass,https://www.expedia.com.au/Hotel-Search?destination=Kosciuszko+Chalet+Hotel+Charlotte+Pass,,https://charlottepass.com.au/accommodation/kosciuszko-chalet-hotel/,,,,AU,20,20,,0,,,,,30,,,,,,,,,,,,,,0,yes,yes,kosciuszko-chalet-hotel,-36.435,148.339,"Situated at the heart of Charlotte Pass Village at around 1755m elevation, the Kosciuszko Chalet Hotel is Australia's most remote and highest alpine lodge, accessible only by oversnow transport from Perisher in winter. Winter packages include oversnow transfer, lift passes, daily breakfast and a three-course à la carte dinner, plus complimentary Kids Club running to 9pm. The historic property has a cosy lounge with open fireplace, live music and bar; room types range from classic rooms sleeping up to 6 to luxury suites.",,Kosciuszko Chalet Hotel,,Charlotte Pass,,,no,,https://charlottepass.com.au/wp-content/uploads/2022/06/Charlotte-Pass-Kosciuszko-Chalet-Hotel-1.jpg,$$$$,snowy_mountains,,no,Historic ski-in ski-out lodge at Charlotte Pass – Australia's highest resort – with all-inclusive winter packages including meals and lift passes.,yes,https://charlottepass.com.au/accommodation/kosciuszko-chalet-hotel/ | https://www.tripadvisor.com/Hotel_Review-g1216438-d1216624-Reviews-Kosciuszko_Chalet_Hotel-Charlotte_Pass_Kosciuszko_National_Park_New_South_Wales.html | https://www.visitnsw.com/destinations/snowy-mountains/kosciuszko-national-park/charlotte-pass/accommodation/kosciuszko-chalet-hotel,,jindabyne,lodge,,https://charlottepass.com.au/accommodation/kosciuszko-chalet-hotel/,
"21 McLure Circuit, Jindabyne NSW 2627",restaurant/bistro | bar | sauna | indoor pool | games room | library | playground | darts | billiards | outdoor terrace | lake views | free breakfast | free wifi | free parking | wheelchair access,https://www.agoda.com/search?q=Lake+Jindabyne+Hotel,,https://www.booking.com/hotel/au/lake-jindabyne.html,https://www.expedia.com.au/Hotel-Search?destination=Lake+Jindabyne+Hotel,,,,15:00,10:00,AU,33,32,36,55,,,,,,28,,,,,,,32,,,,,,28,yes,yes,lake-jindabyne-hotel,-36.4138,148.6228,"Occupying a prime position on McLure Circuit at the water's edge, the Lake Jindabyne Hotel combines affordable motel-style rooms with a well-regarded bistro, sauna, indoor pool, games room and outdoor terrace with sweeping lake views. Rooms are modest but clean, and free breakfast is included. The bistro is famous locally for generous steaks and pub classics, and the outdoor lakeside terrace is a favourite apres-ski spot.",,Lake Jindabyne Hotel,,Perisher,,,no,+61 2 6456 2203,,$$,snowy_mountains,40,no,"Lakefront pub-hotel with 40 rooms, popular bistro and sauna, rated #1 hotel in Jindabyne on Tripadvisor.",yes,https://www.tripadvisor.com/Hotel_Review-g261617-d1052830-Reviews-Lake_Jindabyne_Hotel-Jindabyne_New_South_Wales.html | https://www.booking.com/hotel/au/lake-jindabyne.html,,jindabyne,hotel,,,
"18 Clyde Street, Jindabyne NSW 2627",ensuite bathroom | balcony or terrace (all rooms) | lake views (select rooms) | fireside lounge | beauty therapy | hot buffet breakfast | free wifi | flat screen TV | refrigerator | tea/coffee,https://www.agoda.com/search?q=Jindy+Inn+Jindabyne,,https://www.booking.com/searchresults.html?ss=Jindy+Inn+Jindabyne,https://www.expedia.com.au/Hotel-Search?destination=Jindy+Inn+Jindabyne,,,,14:00,10:00,AU,33,32,36,55,,,,,,28,,,,,,,32,,,,,,28,yes,yes,jindy-inn,-36.4148,148.6143,"The Jindy Inn sits on Clyde Street, a short stroll from Jindabyne town centre and within walking distance of cafes, bars and restaurants. All 14 rooms are ensuite and feature either a balcony with lake views or a terrace onto a rose garden. A cosy fireside lounge makes it popular in winter, and the property offers beauty therapy, waxing and facial services. A hot buffet breakfast is served daily, making it ideal for ski-day fuelling.",,Jindy Inn,,Perisher,,,no,,,$,snowy_mountains,14,no,"Rated #1 B&B/Inn in Jindabyne on Tripadvisor – 14-room boutique motel with lake views, fireside lounge and beauty therapy.",yes,https://www.tripadvisor.com/Hotel_Review-g261617-d1845480-Reviews-Jindy_Inn-Jindabyne_New_South_Wales.html,,jindabyne,hotel,,,
"6532 Kosciuszko Road, Jindabyne NSW 2627",BBQ facilities | laundry | playground | dump point | kiosk/store | family bathroom | hire equipment | bike station | tennis court | bouncing pillow | lake views | foreshore walking path | powered/unpowered sites | self-contained cabins with full kitchen | fireplace (deluxe cabins) | free parking,https://www.agoda.com/search?q=Discovery+Parks+Jindabyne,,https://www.booking.com/searchresults.html?ss=Discovery+Parks+Jindabyne,https://www.expedia.com/Jindabyne-Hotels-Discovery-Parks-Jindabyne.h9085583.Hotel-Information,,https://www.discoveryholidayparks.com.au/caravan-parks/new-south-wales/snowy-mountains/jindabyne,,14:00,10:00,AU,33,32,36,55,,,,,,28,,,,,,,32,,,,,,28,no,yes,discovery-holiday-park-jindabyne,-36.4085,148.625,"Perched on the shores of Lake Jindabyne, Discovery Parks offers powered and unpowered camping sites alongside modern self-contained cabins ranging from budget to deluxe two-bedroom with fireplace. The park is well-maintained with a kiosk, laundry, bike station, playground and tennis court. Cabins have full kitchens and the lakefront location means you can walk or cycle the foreshore path into town. Pets are allowed seasonally (summer).",,Discovery Holiday Park – Jindabyne,,Perisher,,,yes,+61 2 6456 2099,,$,snowy_mountains,,yes,"Lakefront caravan park and cabin resort with BBQ, laundry, bouncing pillow and lake access; 20 min to ski resorts.",no,https://www.discoveryholidayparks.com.au/caravan-parks/new-south-wales/snowy-mountains/jindabyne | https://www.tripadvisor.com/Hotel_Review-g261617-d1763061-Reviews-Discovery_Parks_Jindabyne-Jindabyne_New_South_Wales.html | https://www.expedia.com/Jindabyne-Hotels-Discovery-Parks-Jindabyne.h9085583.Hotel-Information,,jindabyne,apartment,,https://www.discoveryholidayparks.com.au/caravan-parks/new-south-wales/snowy-mountains/jindabyne,
Jindabyne NSW 2627,full kitchen | lounge area | free parking | BBQ facilities | free wifi | ski storage,https://www.agoda.com/search?q=Aspen+Chalets+Jindabyne,https://www.airbnb.com.au/s/Jindabyne--NSW/homes?query=Aspen+Chalets,https://www.booking.com/searchresults.html?ss=Aspen+Chalets+Jindabyne,https://www.expedia.com.au/Hotel-Search?destination=Aspen+Chalets+Jindabyne,,https://aspenchalet.au,,15:00,10:00,AU,33,32,36,55,,,,,,28,,,,,,,32,,,,,,28,yes,yes,aspen-chalets-jindabyne,-36.416,148.61,"Aspen Chalets offers a collection of fully self-contained chalet and apartment-style properties in and around Jindabyne, each equipped with full kitchens, lounge areas and parking. Properties vary in size from studio to multi-bedroom configurations, catering to couples and large groups. The chalet aesthetic – with ski storage, mountain décor and proximity to town – makes them a perennial favourite for ski season.",,Aspen Chalets,,Perisher,,,,,,$$$,snowy_mountains,,yes,"Self-contained chalet-style apartments in Jindabyne, popular with families seeking home-away-from-home ski accommodation.",yes,https://aspenchalet.au | https://onsnow.com.au/accommodation/perisher/3-bedroom-apartment-aspen-chalet-heidis-apartments/,,jindabyne,apartment,,https://aspenchalet.au,
"1 Lucas Street, Adaminaby NSW 2629",restaurant | log fireplace | guest lounge | billiards table | arcade games | tennis court | recreation room | free wifi | free parking | memory foam beds | TV,https://www.agoda.com/search?q=Snowy+Mountains+Resort+Adaminaby,,https://www.booking.com/searchresults.html?ss=Snowy+Mountains+Resort+Function+Centre+Adaminaby,https://www.expedia.com.au/Hotel-Search?destination=Snowy+Mountains+Resort+Adaminaby,,https://snowy-mountains-resort-and-function-cent.mydirectstay.com,,,,AU,,,,60,,,,,,65,,,,,,,90,,,,,,60,,yes,snowy-mountains-resort-function-centre,-36.001,148.77,"Located in the heritage township of Adaminaby, 45km north of Jindabyne, the Snowy Mountains Resort & Function Centre is a family-run property popular for weddings, functions and ski-season stopovers. Rooms feature memory foam beds, flat-screen TVs and tea/coffee facilities, and the restaurant serves cooked-to-order breakfast. A log fireplace in the guest lounge, billiards table and arcade games round out the facilities. Note: this property is best suited as a base for Charlotte Pass or Selwyn Snowfields rather than Thredbo/Perisher.",,Snowy Mountains Resort & Function Centre,,Charlotte Pass / Selwyn,,,,,,$$,snowy_mountains,,no,"3-star country hotel in Adaminaby with log fireplace, restaurant, recreation room and proximity to Lake Eucumbene.",,https://snowy-mountains-resort-and-function-cent.mydirectstay.com | https://www.hotels.com/ho501017/snowy-mountains-resort-and-function-centre-adaminaby-australia/,,jindabyne,hotel,,https://snowy-mountains-resort-and-function-cent.mydirectstay.com,
"10 Clyde Street, Jindabyne NSW 2627","drying room | free continental breakfast | recreation room with fireplace | communal kitchen facilities (microwave, fridge) | billiards | sun terrace | BBQ facilities | laundry service | free wifi | free parking | flat screen TV | ensuite (select rooms) | shared bathrooms",https://www.agoda.com/search?q=Kookaburra+Lodge+Jindabyne,,https://www.booking.com/hotel/au/kookaburra-lodge-jindabyne.html,https://www.expedia.com.au/Hotel-Search?destination=Kookaburra+Lodge+Jindabyne,,https://www.kookaburraskilodge.net.au,,14:00,10:00,AU,33,32,36,55,,,,,,28,,,,,,,32,,,,,,28,yes,yes,kookaburra-lodge,-36.4152,148.6138,"Kookaburra Lodge on Clyde Street is consistently rated the best budget accommodation in the Snowy Mountains. The newly renovated property has 12 rooms ranging from motel-style ensuite doubles to dorm-style bunks, with all linen provided. A drying room is a major ski-season asset, and the communal recreation room has tea/coffee facilities, microwave, fridge, TV, lounge and fireplace. Continental breakfast is included, and the town centre is a short stroll away.",,Kookaburra Lodge,,Perisher,,,no,,,$,snowy_mountains,12,no,"Best-value lodge in Jindabyne – renovated 12-room property with drying room, free breakfast and walking distance to town.",yes,https://www.kookaburraskilodge.net.au | https://www.booking.com/hotel/au/kookaburra-lodge-jindabyne.html | https://www.tripadvisor.com/Hotel_Review-g261617-d6943211-Reviews-Kookaburra_Lodge-Jindabyne_New_South_Wales.html,,jindabyne,hostel,,https://www.kookaburraskilodge.net.au,
"67 Gippsland Street, Jindabyne NSW 2627",sauna | open fireplace | billiards table | games room | BBQ facilities | large balcony | continental breakfast included | free wifi | free parking | TV/DVD | Netflix | ski storage | drying room | ensuite (select rooms),https://www.agoda.com/search?q=Chalet+Jindabyne,,https://www.booking.com/searchresults.html?ss=Chalet+Jindabyne,https://www.expedia.com.au/Hotel-Search?destination=Chalet+Jindabyne,,https://chaletjindabyne.com,,15:00,10:00,AU,33,32,36,55,,,,,,28,,,,,,,30,,,,,,28,yes,yes,chalet-jindabyne,-36.421,148.615,"Chalet Jindabyne is a local, family-run ski lodge occupying three storeys and 720sqm of mountain living space. Thirteen rooms (10 ensuite, 3 shared bathroom) spread across family and twin configurations, and guests enjoy a sauna, billiards table, large balcony with BBQ, and cosy open fire in the lounge. The continental breakfast is buffet-style, Netflix is available in the TV lounge, and the 2-minute drive to Lake Jindabyne and 30-minute drive to Thredbo or Perisher make it a reliable mid-range ski base.",,Chalet Jindabyne,,Perisher,,,no,+61 2 6456 2064,,$$,snowy_mountains,13,no,"Family-owned 13-room ski lodge on Gippsland Street with sauna, fireplace, billiards and continental breakfast included.",yes,https://chaletjindabyne.com | https://au.hotels.com/ho514359/,,jindabyne,lodge,,https://chaletjindabyne.com,
"16 Nettin Circuit, Jindabyne NSW 2627",restaurant/bar (seasonal) | ski storage | free parking | wheelchair access | games room | guest laundry | free wifi | lake views | mountain views | free breakfast (winter),https://www.agoda.com/search?q=Panorama+Jindabyne,,https://www.booking.com/searchresults.html?ss=Panorama+Jindabyne,https://www.expedia.com.au/Hotel-Search?destination=Panorama+Jindabyne,,https://panoramajindabyne.com.au,,15:00,10:00,AU,33,32,36,55,,,,,,28,,,,,,,32,,,,,,28,yes,yes,panorama-jindabyne,-36.4168,148.6095,"Panorama Jindabyne sits on Nettin Circuit with unobstructed views over Lake Jindabyne and the surrounding mountain ranges. The 25 air-conditioned rooms span budget to lake-view premium options, and a three-bedroom apartment is available in winter. Breakfast is included during winter. The on-site restaurant and bar operates seasonally, and ski storage is available. Off-street parking and wheelchair-accessible rooms are also offered.",,Panorama Jindabyne,,Perisher,,,no,+61 2 6456 2918,,$$,snowy_mountains,25,no,Motel with 25 rooms and sweeping Snowy Mountains and lake panoramas; seasonal restaurant/bar and ski storage on site.,yes,https://panoramajindabyne.com.au | https://www.tripadvisor.com/Hotel_Review-g261617-d4378131-Reviews-Horizons_Lake_Jindabyne-Jindabyne_New_South_Wales.html,,jindabyne,hotel,,https://panoramajindabyne.com.au,
"56 Jerrara Drive, Jindabyne NSW 2627",restaurant/bistro | bar | spa bath | ski equipment rental | games room | pool table | balcony (all rooms) | lake views | free parking | free wifi | flat screen TV | playground | continental/buffet breakfast,https://www.agoda.com/search?q=Siesta+Villa+Jindabyne,,https://www.booking.com/hotel/au/siesta-villa.html,https://www.expedia.com.au/Hotel-Search?destination=Siesta+Villa+Jindabyne,,,,15:00,10:00,AU,33,32,36,55,,,,,,28,,,,,,,32,,,,,,28,yes,yes,siesta-villa,-36.422,148.631,"Siesta Villa is a 3-star motel located on Jerrara Drive with 31 rooms, all featuring balconies and lake views. The property includes a restaurant and bar (Lakeside Bistro & Bar), spa bath, on-site ski rental, and a games room with pool table. Under new management as of recent years, it represents good value for families and couples seeking a quieter lakeside setting away from the main strip.",,Siesta Villa Motel,,Perisher,,,no,+61 2 6456 7146,,$$,snowy_mountains,31,no,"31-room lakeside motel on Jerrara Drive with spa bath, on-site bistro and ski equipment rental, 3km from town centre.",yes,https://www.tripadvisor.com/Hotel_Review-g261617-d4378131-Reviews-Horizons_Lake_Jindabyne-Jindabyne_New_South_Wales.html | https://www.booking.com/hotel/au/siesta-villa.html,,jindabyne,hotel,,,
"82 Carinya Lane, Jindabyne NSW 2627",restaurant | conference facilities | ski gear storage | garden | picnic area | games/arcade room | laundry facilities | luggage storage | free wifi | mini fridge | free bottled water,https://www.agoda.com/search?q=Carinya+Village+Jindabyne,,https://www.booking.com/searchresults.html?ss=Carinya+Village+Jindabyne,https://www.expedia.com.au/Hotel-Search?destination=Carinya+Village+Jindabyne,,https://www.carinyavillage.com.au,,16:00,10:00,AU,33,32,36,55,,,,,,28,,,,,,,32,,,,,,28,yes,yes,carinya-village-jindabyne,-36.425,148.602,"Carinya Village is a boutique mountain lodge set on Carinya Lane, offering 15 individually furnished rooms in a tranquil setting. The property includes a restaurant, conference facilities, ski gear storage, guest garden and picnic area. Check-in is from 4pm and limited to guests over 18, making it better suited to couples and corporate groups. Built in 1979, the traditional mountain architecture and garden setting provide a genuine alpine feel.",,Carinya Village Jindabyne,,Perisher,,,no,,,$$,snowy_mountains,15,no,"Secluded 15-room mountain lodge on 14km-from-slopes lake access with restaurant, conference rooms and traditional architecture.",yes,https://www.travelocity.com/Jindabyne-Hotels-Carinya-Village-Jindabyne.h9627589.Hotel-Information | https://au.hotels.com/ho514140/carinya-village-jindabyne-jindabyne-australia/,,jindabyne,lodge,,https://www.carinyavillage.com.au,
"Crackenback Valley, Crackenback NSW 2627",restaurant (French country-farmhouse) | bar | open fireplace | private lounge for in-house guests | games room | country cooked breakfast included | free wifi | free parking | garden | massage services,https://www.agoda.com/search?q=Crackenback+Farm+Guesthouse,,https://www.booking.com/hotel/au/crackenback-farm-guesthouse.html,https://www.expedia.com.au/Hotel-Search?destination=Crackenback+Farm+Guesthouse,,https://www.crackenback.com,,14:00,10:00,AU,18,8,20,40,,,,,,10,,,,,,,18,,,,,,10,yes,yes,crackenback-farm-guesthouse,-36.453,148.493,"Designed by Glenn Murcutt and set in the Crackenback Valley five minutes from Jindabyne, this intimate guesthouse has six beautifully appointed rooms, each with a queen bed and private bathroom, with cooked country breakfast included. The French country-farmhouse restaurant has a cathedral ceiling, an open fireplace, and a well-curated wine list – and draws accolades for some of the best food in the Snowy Mountains. Less than 10 minutes from Bullocks Flat Skitube terminal and 20 minutes from Thredbo Village.",,Crackenback Farm Restaurant & Guesthouse,,Perisher (via Skitube),,,,+61 2 6456 2601,,$$$,snowy_mountains,6,no,"Award-winning 6-room boutique guesthouse by Glenn Murcutt, 5 min from Jindabyne with acclaimed French country restaurant and ski valley views.",yes,https://www.crackenback.com | https://www.tripadvisor.com/Hotel_Review-g1858103-d1216485-Reviews-Crackenback_Farm_Restaurant_Guesthouse-Crackenback_New_South_Wales.html | https://www.booking.com/hotel/au/crackenback-farm-guesthouse.html,,jindabyne,lodge,,https://www.crackenback.com,
"1 Jerrara Drive, East Jindabyne NSW 2627",free wifi | free parking | laundry | mini fridge | microwave | toaster oven | rainfall shower | hair dryer | lake proximity,https://www.agoda.com/search?q=Alps+Lakeview+Lodge+Jindabyne,https://www.airbnb.com.au/s/East-Jindabyne--NSW/homes?query=Alps+Lakeview+Lodge,https://www.booking.com/searchresults.html?ss=Alps+Lakeview+Lodge+Jindabyne,https://www.expedia.com/East-Jindabyne-Hotels-Alps-Lakeview-Lodge.h91315862.Hotel-Information,,,,,,AU,33,32,36,55,,,,,,28,,,,,,,32,,,,,,28,,yes,alps-lakeview-lodge,-36.4195,148.6295,"Formerly known as East Lake Travellers Lodge, Alps Lakeview Lodge sits on Jerrara Drive in East Jindabyne within 500m of Lake Jindabyne. The property offers budget-friendly rooms with mini-fridges, microwaves and toaster ovens, making it popular with self-sufficient ski groups. Free WiFi, parking and laundry facilities are available, and the lake foreshore path provides direct access to the main town area without needing to drive.",,Alps Lakeview Lodge,,Perisher,,,no,,,$,snowy_mountains,,yes,"Budget lakeside lodge in East Jindabyne with self-catering rooms, free parking and lake proximity.",,https://www.expedia.com/East-Jindabyne-Hotels-Alps-Lakeview-Lodge.h91315862.Hotel-Information | https://www.tripadvisor.com/Hotel_Review-g25280574-d23161944-Reviews-Alps_Lakeview_Lodge-East_Jindabyne_New_South_Wales.html,,jindabyne,lodge,,,
Jindabyne NSW 2627,full kitchen | lounge/dining area | laundry facilities | ski storage | free parking | free wifi,https://www.agoda.com/search?q=Snow+Ski+Apartments+Jindabyne,https://www.airbnb.com.au/s/Jindabyne--NSW/homes?query=snow+ski+apartments,https://www.booking.com/searchresults.html?ss=Snow+Ski+Apartments+Jindabyne,https://www.expedia.com.au/Hotel-Search?destination=Snow+Ski+Apartments+Jindabyne,,https://jindabyneskiaccommodation.com.au,,15:00,10:00,AU,33,32,36,55,,,,,,28,,,,,,,32,,,,,,28,yes,yes,snow-ski-apartments-jindabyne,-36.416,148.612,"Snow Ski Apartments Jindabyne provides a range of self-contained apartments in Jindabyne town, ideal for ski groups who prefer the flexibility of cooking their own meals. Properties typically feature fully equipped kitchens, separate living areas, laundry facilities and ski storage, with the town's supermarkets, restaurants and ski hire shops within walking distance. Booking is managed through the Jindabyne Ski Accommodation platform.",,Snow Ski Apartments – Jindabyne,,Perisher,,,,,,$$,snowy_mountains,,yes,"Self-contained ski apartments in central Jindabyne, offering affordable self-catering accommodation for ski groups.",yes,https://jindabyneskiaccommodation.com.au,,jindabyne,apartment,,https://jindabyneskiaccommodation.com.au,
Jindabyne NSW 2627,shared bathrooms | free wifi | common area | free parking,https://www.agoda.com/search?q=Snowy+Valley+Jindabyne,,https://www.booking.com/searchresults.html?ss=Snowy+Valley+Jindabyne,https://www.expedia.com.au/Hotel-Search?destination=Snowy+Valley+Jindabyne,,,,,,AU,33,32,36,55,,,,,,28,,,,,,,32,,,,,,28,,yes,snowy-valley-jindabyne,-36.416,148.61,Snowy Valley Jindabyne offers share-room dormitory-style accommodation for budget-conscious ski travellers. Rooms typically sleep 4–5 people and share bathroom facilities. The property is walking distance to the ski hire and supermarkets in town. Basic but functional for those whose priority is spending their money on the mountain rather than the accommodation.,,Snowy Valley Jindabyne,,Perisher,,,,,,$,snowy_mountains,,no,"Budget shared-room accommodation in Jindabyne, popular with ski groups looking for the lowest-cost base option.",,https://www.tripadvisor.com/HotelsList-Jindabyne-Ski-Hotels-zfp453373.html,,jindabyne,hostel,,,
Jindabyne NSW 2627,full kitchen | separate lounge/dining | BBQ facilities | free parking | free wifi | ski storage (property dependent) | mountain views (select properties),,https://www.airbnb.com.au/s/Jindabyne--NSW/homes?query=alpine+country+holidays,,,,https://alpinecountryholidays.com.au,,15:00,10:00,AU,33,32,36,55,,,,,,28,,,,,,,32,,,,,,28,,yes,alpine-country-holidays-apartments,-36.416,148.612,"Alpine Country Holidays is a boutique local accommodation manager offering a handpicked selection of modern apartments, cosy chalets and spacious country homes across Jindabyne, Lake Crackenback and Thredbo surrounds. Properties range from studio apartments to large group homes sleeping 10+, all with full kitchens, lounge areas and high-quality furnishings. Guests report excellent locations within walking distance of Jindabyne's restaurants and bars.",,Alpine Country Holidays – Jindabyne Apartments,,Perisher,,,,,,$$$,snowy_mountains,,yes,"Curated portfolio of handpicked self-contained apartments and chalets in Jindabyne and surrounds, bookable through a local boutique agency.",yes,https://alpinecountryholidays.com.au,,jindabyne,apartment,,https://alpinecountryholidays.com.au,
"Kosciuszko Road, Jindabyne NSW 2627",full kitchen | lounge/dining | laundry | free parking | ski/snowboard rental packages,,https://www.airbnb.com.au/s/Jindabyne--NSW/homes,,,,https://snowaccommodation.com.au,,,,AU,33,32,36,55,,,,,,28,,,,,,,32,,,,,,28,,yes,jindabyne-snowy-mountains-accommodation-centre,-36.4155,148.61,"The Jindabyne and Snowy Mountains Accommodation Centre manages a large portfolio of self-contained holiday homes, units and apartments across Jindabyne. The agency's point of difference is bundled ski/snowboard rental packages, allowing groups to book accommodation and gear hire together at a discounted rate. Properties suit couples through to large family groups, and the booking service is available online with phone support.",,Jindabyne & Snowy Mountains Accommodation Centre,,Perisher,,,,+61 2 6456 2174,,$$,snowy_mountains,,yes,"Local agency offering a wide range of self-contained Jindabyne units and homes, plus ski and snowboard rental packages.",yes,https://snowaccommodation.com.au,,jindabyne,apartment,,https://snowaccommodation.com.au,
Jindabyne NSW 2627,full kitchen | lounge/dining | ski storage | free parking | free wifi,,https://www.airbnb.com.au/s/Jindabyne--NSW/homes,,,,https://jindabyneskiaccommodation.com.au,,15:00,10:00,AU,33,32,36,55,,,,,,28,,,,,,,32,,,,,,28,,yes,jindabyne-ski-accommodation-holiday-rentals,-36.4165,148.611,"Jindabyne Ski Accommodation is the Snowy Mountains' leading online holiday rental platform, listing over 50 self-contained properties ranging from affordable studio apartments to award-winning luxury chalets. All properties are fully equipped with kitchens and most include ski storage. The platform's high occupancy rates and regular repeat guests reflect consistent quality. Properties are spread across Jindabyne town, Crackenback and Thredbo approaches.",,Jindabyne Ski Accommodation – Holiday Rentals,,Perisher,,,,,,$$$,snowy_mountains,,yes,"Online rental platform offering 50+ self-contained ski apartments, townhouses and chalets across Jindabyne and the Snowy Mountains.",yes,https://jindabyneskiaccommodation.com.au,,jindabyne,apartment,,https://jindabyneskiaccommodation.com.au,
"Various, Jindabyne NSW 2627",full kitchen (most listings) | parking | free wifi | ski storage (select listings) | drying room (select listings) | BBQ facilities (select listings),,https://www.airbnb.com.au/s/Jindabyne--NSW/homes,https://www.booking.com/searchresults.html?ss=Jindabyne+NSW,,,https://www.airbnb.com.au/s/Jindabyne--NSW/homes,,,,AU,33,32,36,55,,,,,,28,,,,,,,32,,,,,,28,,yes,snowy-valley-airbnb-vr-rentals,-36.416,148.612,"Jindabyne has a large inventory of privately listed Airbnb and VRBO properties, particularly popular during the July–August ski season when they often represent the best value for groups of 4–10. Options range from lakefront studios to 5-bedroom homes with hot tubs and mountain views. Booking well in advance (3+ months) is essential for peak dates. Many listings include ski storage, drying rooms and are within 5 minutes' drive of Thredbo or Perisher roads.",,Snowy Mountains Airbnb / Holiday Rentals (Jindabyne),,Perisher,,,,,,$$$,snowy_mountains,,yes,"Wide range of private Airbnb homes and holiday rentals in Jindabyne, from lakefront studios to large group homes with ski storage.",,https://www.airbnb.com.au/s/Jindabyne--NSW/homes,,jindabyne,airbnb,,https://www.airbnb.com.au/s/Jindabyne--NSW/homes,
"Various, Jindabyne NSW 2627",drying room | ski storage | communal kitchen | open fireplace | communal lounge | buffet dinner (some lodges) | laundry | free parking,,,,,,https://snowaccommodation.com.au,,,,AU,33,32,36,55,,,,,,28,,,,,,,32,,,,,,28,yes,yes,jindabyne-ski-lodge-private,-36.416,148.612,"Beyond the commercially listed hotels, Jindabyne has a thriving network of private ski club lodges that open casual bookings in peak season. These typically offer bunk or twin rooms in a communal lodge setting with drying rooms, full kitchens, fireplaces and buffet dinners. They cater primarily to ski groups seeking an authentic lodge atmosphere at prices below commercial hotels. Booking is usually via direct contact with individual clubs or through snowaccommodation.com.au.",,Jindabyne Ski Lodge Accommodation Centre – Private Lodges,,Perisher,,,no,,,$,snowy_mountains,,yes,"Network of private ski club lodges in Jindabyne available for casual bookings, with drying rooms and communal ski-season facilities.",yes,https://snowaccommodation.com.au,,jindabyne,lodge,,https://snowaccommodation.com.au,
"1 Kosciuszko Road, Jindabyne NSW 2627",brewery on site (Kosciuszko Brewhouse) | restaurant (2) | bar (3) | lake views | loft apartment rooms | balcony | free wifi | free parking | flat screen TV | refrigerator | live music | continental breakfast included,https://www.agoda.com/search?q=Banjo+Paterson+Inn+Jindabyne+apartments,,https://www.booking.com/hotel/au/banjo-paterson.html,https://www.expedia.com.au/Hotel-Search?destination=Banjo+Paterson+Inn+Jindabyne,,https://www.banjopatersoninn.com.au,,14:00,10:00,AU,33,32,36,55,,,,,,28,,,,,,,32,,,,,,28,yes,yes,kosciuszko-brewhouse-accommodation,-36.4144,148.6119,"The Banjo Paterson Inn complex on Kosciuszko Road includes apartment-style accommodation with loft configurations, lake views and direct access to the Kosciuszko Brewhouse, Clancy's Brasserie and The Overflow. These are among the most social rooms in Jindabyne, favoured by groups who want to walk from bed to bar to slopes without needing a car. Quad loft rooms comfortably sleep 4–6 and include balconies and lake views. The vibrant pub atmosphere means this isn't the quietest option.",,Kosciuszko Brewing Accommodation (Banjo Paterson Complex),,Perisher,,,no,,,$$,snowy_mountains,40,no,"Self-contained apartment-style rooms in the Banjo Paterson Inn complex, with access to on-site brewery, restaurants and bars.",yes,https://www.banjopatersoninn.com.au | https://www.tripadvisor.com/Hotel_Review-g261617-d1509898-Reviews-Banjo_Paterson_Inn-Jindabyne_New_South_Wales.html,,jindabyne,apartment,,https://www.banjopatersoninn.com.au,
"Lot 3 Southern Cross Drive, Berridale NSW 2628",Restaurant (SnowGate Restaurant) | Bar/lounge | Hot tub/spa | Sauna | Fireplace in lobby | Ski hire on site | Free WiFi (public areas) | 24-hour front desk | Express check-in/out | Luggage storage | Smoke-free property | Flat-screen TV | Heating,,,,https://www.expedia.com.au/Berridale-Hotels-Snow-Gate-Motel-And-Apartments.h19287269.Hotel-Information,,https://snowgatemotel.com.au,,15:00,10:00,AU,57,55,75,65,,,,40,,,,,,,,,55,,,,,,40,,yes,snowgate-motel-berridale,-36.3812,148.8235,"The Snowgate Motel is a family-run property offering bunk and family rooms designed for ski groups, plus self-contained apartments for longer stays. On-site facilities include the SnowGate Restaurant (breakfast and dinner, international menu), a bar, hot tub, and sauna — rare amenities in Berridale at this price point. Ski equipment hire is available on site, making it a practical one-stop shop for budget mountain trips.",,Snowgate Motel & Apartments,,Perisher,,,no,+61 2 6456 3111,,$$,snowy_mountains,,yes,"Affordable family motel with on-site restaurant, bar, sauna, and ski hire in the heart of Berridale.",yes,https://snowgatemotel.com.au | https://snowymountains.com.au/directory/snow-gate-motel | https://www.expedia.com.au/Berridale-Hotels-Snow-Gate-Motel-And-Apartments.h19287269.Hotel-Information | https://www.trivago.com.au/en-AU/oar/entire-house-apartment-snow-gate-motel-and-apartments-berridale?search=100-8176162,,berridale,motel,,https://snowgatemotel.com.au,
"3-5 William Street, Berridale NSW 2628",Drying room for ski gear | Licensed bar | Communal dining room | Open fireplace (dining room) | Games room with pool table | BBQ area | Seasonal outdoor pool | Free WiFi | Free off-street parking | Private bathroom (all rooms) | Flat-screen TV | Heating | Tea and coffee facilities | All linen and towels,,,,,,https://www.cottonwoodlodge.com.au,,14:00,10:00,AU,57,55,75,65,,,,40,,,,,,,,,55,,,,,,40,yes,yes,cottonwood-lodge-berridale,-36.3805,148.823,"Cottonwood Lodge is a long-established, locally owned ski lodge purpose-built for winter accommodation. It offers a range of room types from double rooms to family rooms sleeping up to 8, all with private bathrooms, flat-screen TVs, and heating. Communal facilities include a dining room with open fireplace, a licensed bar, BBQ area, games room with pool table, drying room for wet ski gear, and a seasonal outdoor pool. One of the few Berridale properties with a confirmed drying room.",,Cottonwood Lodge,,Perisher,,,no,+61 2 6456 3374,,$$,snowy_mountains,,no,"Locally owned ski lodge with drying room, fireplace lounge, bar, and rooms for couples to large groups.",yes,https://www.cottonwoodlodge.com.au | https://www.tripadvisor.com/Hotel_Review-g528921-d505038-Reviews-Cottonwood_Lodge-Berridale_New_South_Wales.html,,berridale,lodge,,https://www.cottonwoodlodge.com.au,
"1-2 Oliver Street, Berridale NSW 2628",Buffet breakfast | Free parking | Free WiFi | Flat-screen TV with satellite | Refrigerator | Electric kettle | Hairdryer | Separate shower and toilet | Group booking services | Ski hire booking assistance | Lift ticket booking assistance,,,,,,https://www.smmotorinn.com.au,,,,AU,57,55,75,65,,,,40,,,,,,,,,55,,,,,,40,,yes,snowy-mountains-motor-inn-berridale,-36.38,148.8228,"The Snowy Mountains Motor Inn is one of the larger properties in Berridale, with 41 rooms and capacity for up to 220 guests across its group-booking packages. The property primarily caters to school camps and sporting groups but accepts general public bookings. Rooms feature flat-screen TVs, kettles, and refrigerators; buffet breakfast is served each morning. Positioned on Jindabyne Road making it convenient for the Perisher and Thredbo runs.",,Snowy Mountains Motor Inn,,Perisher,,,no,+61 451 818 568,,$$,snowy_mountains,41,no,Large 41-room motel on Jindabyne Road specialising in group and school bookings with buffet breakfast included.,,https://www.smmotorinn.com.au | https://ie.hotels.com/ho2641264416/ | https://snowy-mountains-motor-inn.newsouthwaleshotels.net/en/,,berridale,motel,,https://www.smmotorinn.com.au,
"1 Middlingbank Road, Berridale NSW 2628",Restaurant (100-seat) | Bar/lounge | Open fireplace | Ski hire shop | Lift ticket booking service | Free WiFi | Free parking | Kitchenette (rooms) | Flat-screen TV | Fridge | Non-smoking rooms | Family rooms | Laundry services | Caravan/tourist park section,,,,,,,,15:00,10:00,AU,57,55,75,65,,,,40,,,,,,,,,55,,,,,,40,,yes,southern-cross-motor-inn-berridale,-36.3793,148.8218,"The Southern Cross Motor Inn is the biggest single accommodation complex in Berridale, set on six acres with a 63-room motel plus caravan/tourist park. An on-site 100-seat restaurant, bar/lounge with open fire, ski hire shop, and lift ticket organising service make it a self-contained ski base. Rooms include standard and deluxe options, most with kitchenette, fridge, and flat-screen TV. Value ratings are consistently high in reviews despite the basic styling.",,Southern Cross Motor Inn & Tourist Park,,Perisher,,,,+61 2 6456 3289,,$,snowy_mountains,63,no,"Large budget motel on six acres with restaurant, bar, fireplace lounge, ski hire shop, and 63 rooms.",yes,https://www.tripadvisor.com/Hotel_Review-g528921-d1104595-Reviews-Southern_Cross_Motor_Inn_Tourist_Park-Berridale_New_South_Wales.html | https://www.hotelscombined.com/Hotel/Southern_Cross_Motor_Inn_Tourist_Park.htm | https://southern-cross-motor-inn.newsouthwaleshotels.net/en/,,berridale,motel,,,
"66 Jindabyne Road, Berridale NSW 2628",En-suite bathroom (all rooms) | Coffee/tea making | Flat-screen TV | Heating | Off-street parking | Restaurant (adjoining) | Public bar | Lounge bar (family-friendly) | Beer garden | Kids playroom | Pool table | ATM | TAB/Keno | Darts,,,,,,https://www.facebook.com/p/Berridale-Inn-100083099834437/,,14:00,12:00,AU,57,55,75,65,,,,40,,,,,,,,,55,,,,,,40,,yes,berridale-inn-hotel-motel,-36.3808,148.8242,"The Berridale Inn is the town's main pub and only hotel-motel in a traditional Australian pub format. The 7 en-suite rooms sleep up to 7 each and have coffee-making facilities, TV, and heating. The adjoining restaurant and bar are open seven days, and the premises include a public bar with TAB and Keno, a family-friendly lounge bar with pool table, a beer garden, and a kids' playroom. Note: the pub has experienced temporary closures; verify current trading before booking.",,Berridale Inn Hotel Motel,,Perisher,,,no,+61 2 6456 3209,,$$,snowy_mountains,7,no,"Classic country pub hotel with 7 en-suite rooms, public bar, lounge bar, restaurant, and a kids playroom.",,https://www.tripadvisor.com/Hotel_Review-g528921-d10040541-Reviews-Berridale_Inn-Berridale_New_South_Wales.html | https://inn-motel-2628.newsouthwaleshotels.net/en/ | https://www.trip.com/hotels/berridale-hotel-detail-9279782/berridale-inn-hotel-motel/,,berridale,hotel,,https://www.facebook.com/p/Berridale-Inn-100083099834437/,
"1 William Street, Berridale NSW 2628","Continental breakfast (help-yourself, included) | Communal kitchen | Communal dining area | Communal lounge with fireplace | BBQ area | En suite bathroom (most rooms) | Shared bathroom (some lodge rooms) | Queen bed and bunks (most rooms) | All linen and towels | Reverse-cycle air-conditioning | Flat-screen TV | DVD | Microwave | Refrigerator | Tea and coffee | Parking at door",,,,,,,,,,AU,57,55,75,65,,,,40,,,,,,,,,55,,,,,,40,,yes,snowdream-motel-berridale,-36.3805,148.8228,"The Snowdream Motel is a consistently well-reviewed budget option in central Berridale. The 40 rooms range from singles to family rooms sleeping up to 8, most with queen bed, bunks, and en suite. Communal facilities include a large kitchen, dining area, lounge with fireplace, and BBQ area. Help-yourself continental breakfast is included. The motel's value rating is one of the highest in Berridale at 4.5/5 on Tripadvisor.",,Snowdream Motel,,Perisher,,,,+61 422 678 773,,$,snowy_mountains,40,no,"Owner-operated budget motel in central Berridale with 40 rooms, communal kitchen, fireplace lounge, and help-yourself continental breakfast.",,https://www.tripadvisor.com/Hotel_Review-g528921-d1789041-Reviews-Snowdream_Motel-Berridale_New_South_Wales.html | https://www.accommodationaustralia.com.au/accommodation/cities/berridale/nsw,,berridale,motel,,,
"56 Oliver Street, Berridale NSW 2628",Breakfast included (B&B) | Communal lounge | TV (5 channels) | Games room with pool table | BBQ area | Self-contained 2BR unit (separate),,,,,,,,,,AU,57,55,75,65,,,,40,,,,,,,,,55,,,,,,40,,yes,sierra-villa-lodge-berridale,-36.38,148.8222,"Sierra Villa Lodge is a B&B-style lodge property on Oliver Street offering affordable ski-season accommodation in a quiet, residential setting. The property aims for a relaxed, homely atmosphere with a communal lounge area. Amenities include TV, games room with pool table, and BBQ area. Reviews note the friendly host environment and good value for families. A separate self-contained 2-bedroom unit also available.",,Sierra Villa Lodge,,Perisher,,,,+61 2 6456 3878,,$,snowy_mountains,,yes,"Bed-and-breakfast lodge in a quiet Berridale street offering relaxed, homely accommodation for families and groups.",,https://berridale-nsw.place-advisor.com/sierra-villa-lodge/ | https://www.accommodationaustralia.com.au/accommodation/cities/berridale/nsw | http://snow.com.au/store/accommodation/NSW/Berridale/Berridale.htm,,berridale,lodge,,,
Berridale NSW 2628,Free WiFi | Self-contained | Sleeps 6-8 | Linen provided | Parking,,https://www.airbnb.com/berridale-australia/stays,,,,,,14:00,,AU,57,55,75,65,,,,40,,,,,,,,,55,,,,,,40,,yes,berridale-alpine-retreat-airbnb,-36.3808,148.824,"A guest-favourite Airbnb cabin in central Berridale, within walking distance to the pub, cafe, restaurant, and winery. The cabin sleeps up to 8 guests (6 comfortably) and is positioned as a practical ski base — Jindabyne is 15 minutes away and ski resorts are 45 minutes drive. Check-in during the June–September ski season is 4:30pm Mon–Thu; contact host for earlier times. Also listed on Stayz.",,Berridale Alpine Retreat,,Perisher,,,,,,$$,snowy_mountains,,yes,"Spacious self-contained cabin in Berridale township, walking distance to cafes, sleeping 6-8 guests.",,https://www.airbnb.com/berridale-australia/stays | https://www.stayz.com.au/holiday-rental/p9963108,,berridale,airbnb,,https://www.airbnb.com/berridale-australia/stays,
Berridale NSW 2628,Vintage decor | 1960s jazz/pop record collection | Après-ski martinis (supplied) | Strong coffee | Self-contained,,https://www.airbnb.com/berridale-australia/stays,,,,,,,,AU,57,55,75,65,,,,40,,,,,,,,,55,,,,,,40,,yes,martini-vintage-ski-lodge-berridale,-36.381,148.8238,"A top-rated Airbnb in Berridale that leans hard into vintage Australian ski culture. The property is a heritage Snowy Mountains Scheme-era house kitted out with 1960s decor, jazz and pop records, retro appliances, and the promise of après-ski martinis. Unique and characterful — this is the antidote to sterile motel rooms. Great for couples or groups wanting something memorable over budget-anonymous accommodation. Exact room count not disclosed by host.",,Martini: Vintage Ski Lodge,,Perisher,,,,,,$$,snowy_mountains,,yes,"Heritage Snowy Scheme house decked out in 1960s ski nostalgia — records, martinis, and après-ski character.",,https://www.airbnb.com/berridale-australia/stays | https://www.airbnb.com/berridale-australia/stays/family-friendly,,berridale,airbnb,,https://www.airbnb.com/berridale-australia/stays,
Berridale NSW 2628,3 bedrooms | 2 bathrooms | Open-plan living | Laundry | Free WiFi | BBQ | Firepit | Outdoor dining table | Linen and towels supplied,,https://www.airbnb.com/berridale-australia/stays,,,,,,,,AU,57,55,75,65,,,,40,,,,,,,,,55,,,,,,40,,yes,rust-on-kiparra-berridale,-36.381,148.824,"A top-guest-favourite Airbnb on Kiparra Street in Berridale, this 3-bedroom/2-bathroom home is custom-designed using recycled and handmade rustic materials. The open-plan layout includes full laundry, outdoor BBQ, firepit, and outdoor dining table. Linen and towels supplied, free WiFi included. Centrally located — 5-minute walk to the winery, pub, cafes, and shops. Drive times: Jindabyne 25 min, Thredbo/Perisher 50–55 min.",,Rust on Kiparra,,Perisher,,,,,,$$,snowy_mountains,3,yes,"Top-rated 3-bedroom artistic home with rustic recycled features, firepit, and 5-minute walk to the winery and pub.",,https://www.airbnb.com/berridale-australia/stays | http://dwcreations.com.au/accommodation/,,berridale,airbnb,,http://dwcreations.com.au/accommodation/,
"360 Bobundara Road, Berridale NSW 2628","Kitchenette (oven, microwave) | Private bathroom (shower) | Air-conditioning | Heating | Outdoor fireplace | Sun terrace/patio | Mountain views | Free WiFi | Free private parking | Luggage storage | Smoke alarms | Fire extinguisher | First aid kit | Board games",,https://www.airbnb.com/berridale-australia/stays,,,,,,14:00,11:00,AU,57,55,75,65,,,,40,,,,,,,,,55,,,,,,40,no,yes,bliss-cabin-belaxed-farm-berridale,-36.402,148.815,"A superhost Airbnb/Booking.com property set on a 62.5-acre farm outside Berridale at 360 Bobundara Road. The one-bedroom, 36 m² cabin has a kitchenette with oven and microwave, private bathroom, air-conditioning, patio with mountain views, outdoor fireplace, and sun terrace. Pet-friendly with a damage deposit. The property hosts kangaroos, wombats, and farm animals. Located 24 km from the snowfields and 29 km from Lake Jindabyne.",,Bliss Cabin @ Belaxed Farm,,Perisher,,,yes,,,$$,snowy_mountains,1,yes,"Pet-friendly 1-bedroom farm cabin on 62.5 acres with firepit, mountain views, wildlife, and self-contained kitchen.",no,https://www.bedandbreakfast.eu/en/a/Dh7Zu4m6NPbT/bliss-cabin-belaxed-farm-berridale | https://www.booking.com/chalet/region/au/snowy-mountains.en-gb.html | https://www.airbnb.com/berridale-australia/stays,,berridale,airbnb,,https://www.airbnb.com/berridale-australia/stays,
Berridale NSW 2628,"Finnish wood-fired sauna | Campfire | Farm animals | Snowy River access | Wildlife spotting (platypus, wombat) | Off-grid feel | Pet-friendly cabins | Canoe hire",,https://www.airbnb.com/berridale-australia/stays,,,,https://www.lappifarm.com.au,,,,AU,62,60,80,70,,,,45,,,,,,,,,60,,,,,,45,,yes,lappi-farm-berridale,-36.42,148.78,"Lappi Farm is a Finnish-heritage farmstay offering five handcrafted solid cedar log cabins (built in the 1980s) on the banks of the Snowy River near Berridale. Each cabin is positioned for privacy with uninterrupted views of the river and Monaro Plains. Facilities include a traditional wood-fired Finnish sauna, campfire areas, and the opportunity to meet farm animals and spot platypus and wombats. Pet-friendly. Accessible by AWD only for some sections. Also listed on Airbnb as 'Mokki'. 2 hours from Canberra.",,Lappi Farm Cabins,,Perisher,,,yes,,,$$,snowy_mountains,5,no,"Pet-friendly Finnish-style cedar log cabins on the Snowy River with wood-fired sauna, campfire, and farmstay atmosphere.",,https://www.lappifarm.com.au | https://www.airbnb.com/berridale-australia/stays,,berridale,lodge,,https://www.lappifarm.com.au,
"35 Sharp Street, Cooma NSW 2630",free_wifi | free_parking | air_conditioning | heating | microwave | toaster | fridge | tea_coffee | ensuite | family_rooms | self_contained_apartments | daily_housekeeping,,,https://www.booking.com/hotel/au/cooma-motor-inn.html,,,https://www.coomamotorinn.com.au,,14:00,10:00,AU,90,,95,95,,,,80,,,,,,,,,90,,,,,,80,no,yes,cooma-motor-inn,-36.2357,149.1251,"Cooma Motor Inn (formerly Sovereign Inn) sits centrally on Sharp Street with 43 well-appointed rooms including standard queen, twin, family, and self-contained one- and two-bedroom garden apartments. The property is next door to Rhythm Snowsports ski-hire and walking distance from the main café strip. A reliable base for ski season families who want kitchen facilities without the price premium of mountain resorts.",,Cooma Motor Inn,,Perisher,,,no,+61 2 6452 1366,https://www.coomamotorinn.com.au,$$,snowy_mountains,43,yes,Largest motel in Cooma CBD; 43 rooms ranging from standard queens to self-contained apartments.,no,https://www.coomamotorinn.com.au | https://www.tripadvisor.com/Hotel_Review-g261610-d1766106-Reviews-Cooma_Motor_Inn-Cooma_New_South_Wales.html,,cooma,motel,,https://www.coomamotorinn.com.au,
"19 Monaro Highway, Cooma NSW 2630",free_wifi | free_parking | air_conditioning | heating | fridge | kettle | bar | pool_table | fireplace_lobby | laundry | daily_housekeeping | family_rooms,,,https://www.booking.com/hotel/au/marlborough-motor-inn.html,https://www.expedia.com/Cooma-Hotels-Snow-Season-Motor-Inn.h18553989.Hotel-Information,,https://snowseasonmotorinn.com,,14:00,10:00,AU,90,,95,95,,,,80,,,,,,,,,90,,,,,,80,no,yes,snow-season-motor-inn,-36.228,149.1202,"Snow Season Motor Inn (formerly Marlborough Motor Inn) on the Monaro Highway is Cooma's biggest single motel, with 60 units spread across 4 low-rise buildings. The log-fire lobby bar and pool table give it a ski-lodge feel. Note: the on-site restaurant (Stockman's) is currently closed, but the bar remains open. Good choice for groups and coach tours given its scale and ample parking.",,Snow Season Motor Inn,,Perisher,,,no,+61 2 6452 1900,https://snowseasonmotorinn.com,$$,snowy_mountains,60,no,Largest-capacity motel in Cooma with 60 rooms; first motel on entry from Canberra/Sydney.,no,https://snowseasonmotorinn.com | https://www.booking.com/hotel/au/marlborough-motor-inn.html | https://www.tripadvisor.com/Hotel_Review-g261610-d255901-Reviews-Snow_Season_Motor_Inn-Cooma_New_South_Wales.html,,cooma,motel,,https://snowseasonmotorinn.com,
"15 Sharp Street, Cooma NSW 2630",free_wifi | free_parking | indoor_heated_pool | spa_rooms | bbq_area | guest_laundry | air_conditioning | heating | kettle | family_rooms | interconnecting_rooms | kitchenette,,,https://www.booking.com/hotel/au/kinross-inn.html,,,https://www.kinrossinn.com.au,,14:00,10:00,AU,90,,95,95,,,,80,,,,,,,,,90,,,,,,80,no,yes,kinross-inn,-36.2328,149.1228,"Kinross Inn on Sharp Street offers a step up from the typical Cooma motel with an indoor heated saltwater pool, executive spa rooms, and family suites with kitchenettes. The property is set back from the highway for quiet, yet is less than a kilometre from the main café strip. A popular choice for ski families who want more than a basic room without paying mountain resort prices.",,Kinross Inn,,Perisher,,,no,+61 2 6452 3577,https://www.kinrossinn.com.au,$$,snowy_mountains,30,yes,Well-appointed motel with indoor heated pool; short walk from CBD restaurants.,no,https://www.kinrossinn.com.au | https://www.kayak.com/Cooma-Hotels-Kinross-Inn.487921.ksp | https://www.booking.com/hotel/au/kinross-inn.html,,cooma,motel,,https://www.kinrossinn.com.au,
"252 Sharp Street, Cooma NSW 2630",free_wifi | free_parking | smart_tv_netflix | air_conditioning | heating | electric_blankets | microwave | toaster | fridge | kettle | daily_housekeeping | garden,,,,,,https://www.whitemanor.com.au,,14:00,10:00,AU,90,,95,95,,,,80,,,,,,,,,90,,,,,,80,no,yes,white-manor-motel,-36.239,149.1295,"White Manor Motel consistently earns top TripAdvisor scores for cleanliness and is one of the best mid-range options in Cooma. The 12 air-conditioned rooms (queen, twin, family) feature smart TVs with Netflix, microwave, toaster, and fridge. The property sits on Sharp Street with mountain backdrop views. Small and personal — the antithesis of the highway chain motel.",,White Manor Motel,,Perisher,,,no,+61 2 6452 1152,https://www.whitemanor.com.au,$$,snowy_mountains,12,no,Highly-rated family-run motel 1.1 km from CBD; 12 immaculate rooms with mountain views.,no,https://www.whitemanor.com.au | https://www.hotelscombined.com/Hotel/White_Manor_Motel.htm | https://www.tripadvisor.com/Hotels-g261610-Cooma_New_South_Wales-Hotels.html,,cooma,motel,,https://www.whitemanor.com.au,
"42 Bombala Street, Cooma NSW 2630",free_wifi | free_parking | air_conditioning | heating | fridge | tea_coffee | daily_housekeeping,,,,,,https://www.nebulacooma.com.au,,14:00,10:00,AU,90,,95,95,,,,80,,,,,,,,,90,,,,,,80,no,yes,nebula-motel,-36.2357,149.1258,"Nestled in central Cooma, the Nebula Motel pitches itself as a boutique stay within walking distance of all town amenities — shops, restaurants, pubs, and the Visitors Centre. Popular with skiers who want to be on foot for the evening without needing a car. The motel has a solid review base (249 TripAdvisor reviews) and consistent scores for location and value.",,Nebula Motel,,Perisher,,,no,+61 2 6452 4133,https://www.nebulacooma.com.au,$,snowy_mountains,20,no,Central boutique motel on Bombala Street; walking distance to shops and restaurants.,no,https://www.nebulacooma.com.au | https://www.friendlyfaces.info/accommodation/details/nebula-motel | https://www.tripadvisor.com/Hotels-g261610-Cooma_New_South_Wales-Hotels.html,,cooma,motel,,https://www.nebulacooma.com.au,
"192 Sharp Street, Cooma NSW 2630",free_wifi | free_parking | air_conditioning | heating | fridge | tea_coffee,,,,,,https://www.altaircooma.com.au,,14:00,10:00,AU,90,,95,95,,,,80,,,,,,,,,90,,,,,,80,no,yes,altair-motel,-36.237,149.1275,The Altair Motel is a purpose-designed boutique motel on Sharp Street aiming for a homely atmosphere — a notch above the standard highway motel. Positive TripAdvisor scores (3.8 from 75 reviews) reflect comfortable rooms and friendly service. Centrally located near cafes and snowsports hire shops. Contact is primarily mobile-first.,,Altair Motel,,Perisher,,,no,+61 422 787 131,https://www.altaircooma.com.au,$$,snowy_mountains,15,no,Boutique-style motel on Sharp Street designed as a home-away-from-home.,no,https://www.altaircooma.com.au | https://visitcooma.com.au/accommodation/altair-motel/,,cooma,motel,,https://www.altaircooma.com.au,
"12 Chapman Street, Cooma NSW 2630",free_parking | air_conditioning | heating | electric_blankets | bar | open_fire | restaurant | bbq | pool_outdoor_summer | recreation_room | karaoke | cots,,,https://www.booking.com/hotel/au/high-country-motel.html,,,https://www.coomahighcountrymotel.com,,14:00,10:00,AU,90,,95,95,,,,80,,,,,,,,,90,,,,,,80,no,yes,high-country-motel,-36.234,149.121,"The High Country Motel on Chapman Street offers 40 rooms set in a quiet bush-adjacent location, away from highway noise. Amenities include an outdoor pool (summer only), bar with open fire, licensed restaurant, karaoke, and BBQ area. Well-suited to larger groups and coach tours. Renovated rooms include microwaves and bar fridges. Accepts credit cards.",,High Country Motel,,Perisher,,,no,+61 2 6452 1111,https://www.coomahighcountrymotel.com,$$,snowy_mountains,40,no,"Quiet 40-unit motel with outdoor pool, bar, and restaurant; great for groups and coach tours.",no,https://www.coomahighcountrymotel.com | https://www.booking.com/hotel/au/high-country-motel.html | https://visitcooma.com.au/accommodation/high-country-motel/,,cooma,motel,,https://www.coomahighcountrymotel.com,
"6 Sharp Street, Cooma NSW 2630",free_wifi | free_parking | ev_chargers | air_conditioning | heating | fridge | kettle | bar | open_fire | restaurant | ski_hire_adjacent | laundry | soundproof_rooms,,,https://www.booking.com/hotel/au/cooma-motor-lodge-motel.html,,,,,14:00,10:00,AU,90,,95,95,,,,80,,,,,,,,,90,,,,,,80,no,yes,cooma-motor-lodge,-36.2345,149.123,"The Cooma Motor Lodge (6 Sharp Street, Golden Chain member) has been a Cooma institution since 1965 and was renovated in 2007. With 44 rooms on two floors and EV chargers recently installed, it suits road-trippers and snowfield-bound drivers alike. It sits directly next to Rhythm Snowsports ski hire, making it exceptionally practical for ski season. The in-house bistro and log fire bar create an après-ski atmosphere.",,Cooma Motor Lodge,,Perisher,,,yes,+61 2 6452 1888,,$$,snowy_mountains,44,no,44-room Golden Chain motel next to Rhythm Snowsports hire; EV chargers on-site.,yes,https://www.travelweekly.com/Hotels/Cooma-Australia/Cooma-Motor-Lodge-p3635533 | https://www.kayak.com/Cooma-Hotels-Cooma-Motor-Lodge-Motel.46671.ksp | https://www.guestreservations.com/cooma-motor-lodge-motel/booking,,cooma,motel,,https://www.coomamotorlodge.com.au,
"170 Sharp Street, Cooma NSW 2630",free_wifi | free_parking | air_conditioning | bar | bistro | open_fire | secure_parking_motorcycles | atm | conference_space | wheelchair_accessible_parking,,,https://www.booking.com/hotel/au/the-alpine.html,,,https://www.alpinehotel.com.au,,14:00,10:00,AU,90,,95,95,,,,80,,,,,,,,,90,,,,,,80,no,yes,alpine-hotel-cooma,-36.2362,149.1265,"The Alpine Hotel on Sharp Street is a renovated two-storey pub hotel with 27 guestrooms, an open fire lounge, and a bistro serving lunch and dinner 7 days. With 10 beers on tap and secure garage parking for motorcycles, it caters to a wide mix of travellers. Ranked #1 Best Value in Cooma on TripAdvisor. Pet policy: no pets. Airport shuttle: not available.",,Alpine Hotel,,Perisher,,,no,+61 2 6452 1466,,$,snowy_mountains,27,no,"Central pub hotel with 27 rooms, bistro, and 10 beers on tap; TripAdvisor #1 best-value.",no,https://www.accommodationaustralia.com.au/accommodation/tasmania/nsw/cooma/alpine-hotel/31665 | https://www.hotelscombined.com/Hotel/The_Alpine_Hotel.htm | https://www.tripadvisor.com/Hotels-g261610-Cooma_New_South_Wales-Hotels.html,,cooma,hotel,,https://www.alpinehotel.com.au,
"59-61 Lambie Street (cnr Sharp & Lambie), Cooma NSW 2630",bar | bistro | games_room | shared_bathrooms | heater | towels_linen | front_verandah_dining,,,,,,https://royalhotelcooma.com,,14:00,12:00,AU,90,,95,95,,,,80,,,,,,,,,90,,,,,,80,no,yes,royal-hotel-cooma,-36.2379,149.1163,"The Royal Hotel is a heritage-listed two-storey dressed-freestone pub on the corner of Sharp and Lambie Streets, built in 1858 and listed on the NSW State Heritage Register in 1999. Pub-style rooms (shared bathrooms) are budget-priced — great for skiers on a tight budget. The Royal Bistro serves traditional Australian pub meals Tuesday–Sunday. The building's Georgian/Victorian character makes it one of Cooma's most photographed landmarks.",,Royal Hotel Cooma,,Perisher,,,no,+61 2 6452 2132,,$,snowy_mountains,12,no,NSW State Heritage-listed sandstone pub (1858) with budget pub rooms and a popular bistro.,no,"https://en.wikipedia.org/wiki/Royal_Hotel,_Cooma | https://publocation.com.au/pubs/nsw/cooma/royal-hotel | https://www.trivago.com.au/en-AU/oar/royal-hotel-cooma?search=100-6733194",,cooma,hotel,,https://royalhotelcooma.com,
"79 Massie Street, Cooma NSW 2630",bar | bistro | drive_through_bottle_shop | cinema | function_rooms,,,https://www.booking.com/hotel/au/cooma.html,,,,,14:00,10:00,AU,90,,95,95,,,,80,,,,,,,,,90,,,,,,80,no,yes,cooma-hotel,-36.2348,149.1238,"Built in 1862, the Cooma Hotel on the corner of Massie and Vale Streets claims the title of Cooma's oldest continually operating hotel. Beyond accommodation, it functions as a community hub with bar, bistro serving lunch and dinner, drive-through bottle shop, cinema, and function facilities. Budget pub-style rooms are available. Phone updated to +61 2 6404 7530 under new management.",,Cooma Hotel,,Perisher,,,no,+61 2 6404 7530,,$,snowy_mountains,10,no,"Oldest continuously operating hotel in Cooma (1862); bar, bistro, drive-through bottle shop.",no,https://visitcooma.com.au/coffee-food-wine/cooma-hotel/ | https://www.tripadvisor.com/Restaurant_Review-g261610-d6107786-Reviews-Cooma_Hotel-Cooma_New_South_Wales.html | https://www.booking.com/hotel/au/cooma.html,,cooma,hotel,,https://www.coomahotel.com.au,
"32 Massie Street, Cooma NSW 2630",free_wifi | free_parking | breakfast_included | central_heating | en_suite | garden | library | parlour | off_street_parking,,,,,,https://www.ellstanmor.com.au,,14:00,10:00,AU,90,,95,95,,,,80,,,,,,,,,90,,,,,,80,no,yes,ellstanmor-country-guesthouse,-36.2355,149.1247,"Ellstanmor Country Guesthouse occupies an 1875 Victorian home on Massie Street in the heart of Cooma's CBD. The property features ornate staircases, French doors, a library, parlour, and 4 queen rooms each with en-suite. Guests are served self-service continental or cooked-to-order country breakfasts. A treadmill, astronomical telescope, and genuine character distinguish this B&B from any motel. Rated #1 B&B in Cooma and in the top 10% of TripAdvisor properties globally.",,Ellstanmor Country Guesthouse,,Perisher,,,no,,https://www.ellstanmor.com.au,$$,snowy_mountains,4,no,Victorian-era B&B (1875) in Cooma CBD with 4 en-suite rooms; TripAdvisor #1 B&B.,no,https://www.tripadvisor.com/Hotel_Review-g261610-d506727-Reviews-Ellstanmor_Country_Guesthouse-Cooma_New_South_Wales.html | https://www.ellstanmor.com.au | https://au.hotels.com/ho3439252256/ellstanmor-guesthouse-cooma/,,cooma,lodge,,https://www.ellstanmor.com.au,
"Lambie Street, Cooma NSW 2630",fully_equipped_kitchen | outdoor_kitchen_bbq | underfloor_hydronic_heating | luxury_bathrooms | linen_bedding | smart_appliances | private_backyard | self_contained | no_wifi_noted,,,,,,https://neststays.com.au,,15:00,10:00,AU,90,,95,95,,,,80,,,,,,,,,90,,,,,,80,no,yes,nest-stays-by-birdsnest,-36.2378,149.1158,"Nest Stays comprises two lovingly restored 1860s heritage terrace homes on picturesque Lambie Street, curated by Australian fashion retailer birdsnest. Terrace 1 sleeps 6 adults across 3 bedrooms; Terrace 2 sleeps 6 across 4 bedrooms with an oversized stone bath. Both feature fully equipped kitchens, cosy lounges, underfloor hydronic heating, 100% linen bedding, iKou organic bath products, and private backyard patios with outdoor kitchens. TripAdvisor's top-rated property in Cooma (5.0/5, 24 reviews). Perfect for girlfriend groups or ski families wanting a premium basecamp.",,Nest Stays by Birdsnest,,Perisher,,,no,,https://www.stayinthebush.com.au/stay-in-the-bush/p/neststays-by-birdsnest,$$$$,snowy_mountains,7,yes,Two boutique heritage terraces on Lambie Street by fashion brand birdsnest; luxury self-contained.,no,https://www.tripadvisor.com/Hotel_Review-g261610-d24166722-Reviews-Nest_Stays_By_Birdsnest-Cooma_New_South_Wales.html | https://www.stayinthebush.com.au/stay-in-the-bush/p/neststays-by-birdsnest,,cooma,apartment,,https://neststays.com.au,
"286 Sharp Street (Snowy Mountains Hwy), Cooma NSW 2630",cabins_self_contained | powered_sites | unpowered_sites | bbq_area | camp_kitchen | mini_golf | playground | activity_room | modern_amenities | drive_through_sites,,,,,,https://coomaholidaypark.com.au,,14:00,10:00,AU,90,,95,95,,,,80,,,,,,,,,90,,,,,,80,no,yes,cooma-holiday-park,-36.24,149.13,"Formerly the Cooma Snowy Mountains Tourist Park and now operating as Cooma Holiday Park, this central park at 286 Sharp Street sits on the Snowy Mountains Highway. Options range from self-contained Banksia Cabins (2 bedrooms, full kitchen, sleeps 4) to budget Snowgum Cabins and powered/unpowered caravan sites from $35/night. Facilities include mini golf, playground, activity room, and BBQ areas. Walking distance to town centre shops and cafes. The budget option for families and van travellers.",,Cooma Holiday Park,,Perisher,,,yes,+61 2 6452 1828,https://coomaholidaypark.com.au,$,snowy_mountains,100,yes,"Family-friendly caravan park in central Cooma with cabins, powered and unpowered sites.",no,https://coomaholidaypark.com.au | https://visitcooma.com.au/accommodation/cooma-holiday-park/ | https://www.tripadvisor.com/Hotel_Review-g261610-d6428997-Reviews-Cooma_Holiday_Park-Cooma_New_South_Wales.html,,cooma,hostel,,https://coomaholidaypark.com.au,
"651 Snowy Mountains Highway, Pine Valley, Cooma NSW 2630",free_parking | air_conditioning | heating | fridge | tea_coffee | bbq | complimentary_coffee | roadhouse_cafe_adjacent,,,https://www.booking.com/hotel/au/alpine-country-motel.html,,,,,14:00,10:00,AU,85,,90,90,,,,75,,,,,,,,,85,,,,,,75,no,yes,alpine-country-motel,-36.25,149.112,"The Alpine Country Motel (formerly Alpine Country Motor Inn) sits at 651 Snowy Mountains Highway on the approach from Jindabyne, 4–5 minutes south of central Cooma. On 4 acres of land with a Metro Roadhouse café attached, it's the first stop heading toward the ski fields from Cooma. Complimentary coffee for guests. The cheapest bookable rates in the Cooma area, often from $117/night.",,Alpine Country Motel,,Perisher,,,no,,,$,snowy_mountains,20,no,Roadside motel on Snowy Mountains Hwy 5 km south of Cooma CBD; adjacent Metro Roadhouse café.,no,https://www.booking.com/hotel/au/alpine-country-motel.html | https://alpine-country-motel.newsouthwaleshotels.net/en/ | https://www.guestreservations.com/alpine-country-motel/booking,,cooma,motel,,https://www.booking.com/hotel/au/alpine-country-motel.html,
Cooma NSW 2630,breakfast_included | free_wifi | free_parking,,,,,,,,14:00,10:00,AU,90,,95,95,,,,80,,,,,,,,,90,,,,,,80,no,yes,cromwell-house-cooma,-36.235,149.124,"Cromwell House is a boutique guesthouse property in central Cooma with exceptional TripAdvisor scores (4.9/5 from 49 reviews), indicating a genuinely outstanding guest experience. The property includes breakfast and is listed in the TripAdvisor B&B/inn category. It represents Cooma's premium heritage accommodation tier alongside Ellstanmor and Nest Stays.",,Cromwell House,,Perisher,,,no,,,$$$,snowy_mountains,6,no,Boutique B&B; highly-rated heritage-style guesthouse near Cooma CBD (TripAdvisor 4.9/5).,no,https://www.tripadvisor.com/Hotels-g261610-Cooma_New_South_Wales-Hotels.html,,cooma,lodge,,,
"28-30 Soho Street, Cooma NSW 2630",central_heating | tv | fridge | tea_coffee | toaster | cots | babysitting | parking | self_contained_units,,,,,,,,14:00,10:00,AU,90,,95,95,,,,80,,,,,,,,,90,,,,,,80,no,yes,bunkhouse-motel-cooma,-36.2343,149.1228,"The Bunkhouse Motel on Soho Street is a budget-friendly option with 29 units — 18 standard rooms and 11 self-contained units with cooking facilities. Ground-floor access, central heating, TV, and babysitting availability make it popular with budget ski families. One block from the Cooma Ex-Services Club (RSL) and central to the main street strip.",,Bunkhouse Motel,,Perisher,,,no,,,$,snowy_mountains,29,yes,Budget 29-unit motel centrally located 1 block from the RSL club; some self-contained units.,no,https://visitcooma.com.au/accommodation/bunkhouse-motel/ | https://www.tripadvisor.com/Hotel_Review-g261610-d278975-Reviews-Bunkhouse_Motel-Cooma_New_South_Wales.html,,cooma,motel,,https://visitcooma.com.au/accommodation/bunkhouse-motel/,
Cooma NSW 2630,free_wifi | free_parking | air_conditioning | heating | fridge | tea_coffee,,,,,,,,14:00,10:00,AU,90,,95,95,,,,80,,,,,,,,,90,,,,,,80,no,yes,alkira-motel,-36.236,149.126,"The Alkira Motel earns strong TripAdvisor marks (4.1/5, 71 reviews) and appears repeatedly in best-value and family-friendly shortlists for Cooma. Located close to the Snowy Hydro Discovery Centre and within reach of the town's cafes and snowsports hire shops. A solid mid-tier option for those prioritising cleanliness and value.",,Alkira Motel,,Perisher,,,no,,,$$,snowy_mountains,20,no,"Well-reviewed motel near the Snowy Hydro Discovery Centre; family-friendly, TripAdvisor 4.1.",no,https://www.tripadvisor.com/Hotels-g261610-Cooma_New_South_Wales-Hotels.html,,cooma,motel,,,
"Yamanouchi, Shimotakai-gun, Nagano 381-0401",onsen | rotenburo | private_spa | sauna | restaurant | bar | parking | wifi | shuttle_to_station | shuttle_to_snow_monkey_park,,,https://www.booking.com/hotel/jp/yorozuya.html,,,https://yudanaka-yoroduya.com,,15:00,10:00,JP,,,,,20,,,,,,,15,,30,,50,,,,20,,,30,,limited,yorozuya-yudanaka,36.7443,138.4221,"Yorozuya is one of Yudanaka's most storied inns, blending Meiji-era elegance with modern comforts. Its showpiece is the Momoyama-buro (桃山風呂), a stunning wooden bathhouse registered as a Tangible Cultural Property of Japan, featuring soaring ceilings and ornate joinery. The property offers both indoor and outdoor rotenburo, kaiseki cuisine using north-Nagano mountain and river produce, and — since 2023 — a private spa suite called 'Bon'. Shuttle service available to Yudanaka Station and Snow Monkey Park.",half_board,Yorozuya,よろづや,Shiga Kogen (Hasuike/Tannenomori gate),Momoyama-buro is a registered Tangible Cultural Property of Japan. Private SPA 'Bon' opened Feb 2023 — 2 sauna types + private bath. Highly recommended for special occasions.,both,,+81-269-33-3131,,$$$$,yamanouchi,30,,Historic prestige ryokan with a nationally registered cultural property bathhouse (Momoyama-buro) and abundant natural hot spring flow.,,https://yudanaka-yoroduya.com | https://www.booking.com/hotel/jp/yorozuya.ja.html,unknown,yudanaka,ryokan,10,https://yudanaka-yoroduya.com,yes
"Yamanouchi, Shimotakai-gun, Nagano",onsen | rotenburo | private_bath_reservable | jacuzzi | restaurant | bar | lounge | massage | karaoke | wifi | shuttle_to_station | shuttle_to_snow_monkey_park | shuttle_to_ski_area | day_trip_bathing_available,,,https://www.booking.com/hotel/jp/ryokan-biyu-no-yado.html,,,https://yudanakaview.co.jp/en/,https://travel.rakuten.com/usa/en-us/hotel_info_item/cnt_japan/sub_nagano_prefecture/cty_yamanouchi_town/10123456873249,15:00,10:00,JP,,,,,20,,,,,,,15,,30,,50,,,,20,,,30,,yes,hotel-issa-tei-biyu-no-yado,36.7441,138.4215,"Named after the famous haiku poet Kobayashi Issa who was born in nearby Kashiwabara, this ryokan sits in central Yudanaka and manages three hot spring sources producing soft alkaline water (弱アルカリ性単純泉) prized for skin-beautifying properties. All baths are 100% kakenagashi (continuously flowing, never recycled). Rooms range from classic Japanese tatami to Japanese-Western hybrid and premium suites with private outdoor baths. The property offers a free shuttle to Yudanaka Station, Snow Monkey Park, and Shiga Kogen ski areas, with an English hotline operated by an English-speaking coordinator.",half_board,Hotel Issa-tei / Issa no Komichi Biyu no Yado,一茶のこみち 美湯の宿,Shiga Kogen,"English hotline: 080-6938-3361 (Craig Shaw). Day-trip bathing available ¥800. Private reserved bath ¥3,000 for 2 places. Free shuttle to Shiga Kogen ski areas is a major benefit for skiers. Tattoo policy: private baths available — public bath policy not explicitly confirmed as tattoo-friendly.",both,,+81-80-6938-3361,,$$$,yamanouchi,25,,Mid-sized onsen ryokan with 100% natural flowing hot springs including a rooftop outdoor bath and renowned hot spring management by an in-house 'onsen meister'.,,https://yudanakaview.co.jp/en/ | https://www.booking.com/hotel/jp/ryokan-biyu-no-yado.html | https://www.ryokan.or.jp/english/yado/main/42550,private_only,yudanaka,ryokan,8,https://yudanakaview.co.jp/en/,yes
"1410 Hirao, Kambayashi Onsen, Yamanouchi, Shimotakai-gun, Nagano 381-0401",onsen | rotenburo | private_bath_reservable | indoor_heated_pool | restaurant | lounge | garden | wifi | free_parking | shuttle_from_yudanaka_station,,,https://www.booking.com/hotel/jp/senjukaku.html,https://www.expedia.com/Nagano-Hotels-Kanbayashi-Hotel-Senjukaku.h15055848.Hotel-Information,,http://www.senjukaku.com/en/,,15:00,11:00,JP,,,,,22,,,,,,,18,,25,,45,,,,22,,,25,,yes,kambayashi-hotel-senjukaku,36.7512,138.4256,"Senjukaku sits at the end of the road near the Snow Monkey Park trailhead in Kambayashi Onsen, a quieter sister village to Yudanaka. The hotel boasts the largest natural hot spring source in Nagano Prefecture — 720 litres per minute, constantly drained for freshness — with communal indoor and outdoor baths, and private hinoki cypress or granite kashikiri baths (¥1,500/45 min). The traditional Japanese garden with 100-year-old sakura trees, koi stream, and lobby art exhibitions lend an atmosphere of cultivated elegance. Kaiseki meals use Shinshu beef, golden gamefowl, and seasonal local vegetables. Catering to international guests including for vegetarian and gluten-free dietary needs.",half_board,Kambayashi Hotel Senjukaku,上林ホテル仙壽閣,Shiga Kogen,"Note from Expedia: 'some properties do not permit guests with tattoos to use the onsite public bathing facilities' — public baths likely not_allowed for tattooed guests; private baths available. Can cater to vegetarian, gluten-free, dietary restrictions if requested at reservation. Indoor heated pool free (bring swimsuit). The largest natural hot spring source in Nagano Prefecture.",both,,,,$$$$,yamanouchi,34,,"Closest ryokan to Snow Monkey Park, with Nagano Prefecture's largest hot spring source and luxurious kaiseki dining.",,http://www.senjukaku.com/en/ | https://www.booking.com/hotel/jp/senjukaku.html | https://www.expedia.com/Nagano-Hotels-Kanbayashi-Hotel-Senjukaku.h15055848.Hotel-Information | https://www.tripadvisor.com/Hotel_Review-g1117904-d1167345,private_only,yudanaka,ryokan,20,http://www.senjukaku.com/en/,yes
"Yamanouchi, Shimotakai-gun, Nagano",onsen | private_bath_reservable | restaurant | wifi | parking,,,,,,https://shimaya-yudanaka.com,https://travel.rakuten.co.jp/HOTEL/2157/,15:00,10:00,JP,,,,,20,,,,,,,15,,30,,50,,,,20,,,30,,limited,shimaya-ryokan,36.744,138.4218,"Shimaya (島屋) is a quietly elegant, old-style ryokan that has maintained traditional hospitality for generations in the heart of Yudanaka. The property features three bathing options: the hinoki (Japanese cypress) bath called 'Hagi no Yu' (萩の湯), the communal large bath 'Shiga no Yu' (志賀の湯), and a private rental bath. All hot springs are 100% natural source water. The proprietor Mr. Yumoto is known for fast communication in English by email. Unlike most ryokan, food is offered as an add-on (not automatically included), making it a more flexible and affordable option. Meals are Japanese home-style cooking using seasonal local ingredients.",breakfast,Shimaya Ryokan,島屋,Shiga Kogen,"Meal plan is flexible — breakfast ¥800-1,300, dinner ¥2,500-4,500 as add-ons. Good-value choice. Shimaya Soba restaurant is a separate establishment (see eats). Owner responds to English emails. Price range may vary — ¥24,000-29,000/room based on TripAdvisor data.",both,,,,$$,yamanouchi,15,,"Traditional family-run ryokan with flowing hinoki cypress hot spring bath, communal bath, and private rental bath.",,https://shimaya-yudanaka.com | https://www.tripadvisor.jp/Hotel_Review-g1117904-d598464 | https://travel.rakuten.co.jp/HOTEL/2157/ | http://www.hiohio.net/travel-blog/shimaya-ryokan-nagano,unknown,yudanaka,ryokan,5,https://shimaya-yudanaka.com,yes
"4115 Hirao, Yamanouchi, Shimotakai-gun, Nagano 381-0401",onsen | rotenburo | private_bath_reservable | restaurant | souvenir_shop | wifi | parking | massage,,,https://www.booking.com/hotel/jp/tawaraya.html,,,,,15:00,10:00,JP,,,,,20,,,,,,,15,,30,,50,,,,20,,,30,,yes,yudanaka-tawaraya-ryokan,36.7435,138.4212,"Tawaraya Ryokan is a 10-room traditional inn set around a tranquil garden in central Yudanaka, a 5-minute walk from the station. The outdoor garden rotenburo can be reserved privately (30-minute slots) and has drawn consistent praise from international guests as one of the most atmospheric baths in the area. Staff are well-regarded for their English ability and warm service. Rooms feature tatami mats, futon bedding, and shoji screens. Kaiseki multi-course dinners featuring seasonal local produce and Shinshu beef, with a Japanese set breakfast. Souvenir shop on site.",half_board,Tawaraya Ryokan,俵屋旅館,Shiga Kogen,Highly rated for English service and private garden onsen. 'Amazing kaiseki meals worth ordering in advance.' — Guest review. Rooms have private toilet but shared bathrooms (shared with Japanese facilities).,both,,,,$$$,yamanouchi,10,,"Charming small ryokan with reservable private outdoor onsen garden bath, English-speaking staff, and excellent kaiseki meals.",,https://www.booking.com/hotel/jp/tawaraya.html | https://www.tripadvisor.com/Hotel_Review-g1117904-d1169037,unknown,yudanaka,ryokan,5,https://www.booking.com/hotel/jp/tawaraya.html,yes
"Yamanouchi, Shimotakai-gun, Nagano",onsen | rotenburo | jacuzzi | private_bath_some_rooms | restaurant | terrace | boutique_shop | wifi | parking,,,https://www.booking.com/hotel/jp/aburaya-tousen.html,https://www.expedia.com/Nagano-Hotels-Aburaya-Tosen.h5542217.Hotel-Information,,,,14:30,11:00,JP,,,,,20,,,,,,,15,,30,,50,,,,20,,,30,,limited,aburaya-tousen,36.7437,138.421,"Aburaya Tousen is a stylish mid-luxury ryokan blending traditional aesthetics with contemporary design touches. Located about an 8-minute walk from Yudanaka Station, it is particularly popular with couples and international guests. Rooms include suites with private open-air onsen baths on balconies, and the communal baths include an outdoor rooftop rotenburo with panoramic views and a jacuzzi. The on-site restaurant serves kaiseki cuisine for dinner in private dining rooms. An on-site boutique carries premium regional crafts and chopsticks. Staff are noted for being thoughtful and welcoming to international guests.",half_board,Aburaya Tousen,油屋温泉旅館,Shiga Kogen,#8 of 81 onsen ryokan in Yamanouchi on TripAdvisor. Owner greeted guests personally. Known for excellent chopsticks in gift shop. Some staff speak English. Rooftop rotenburo particularly praised.,both,,,,$$$,yamanouchi,20,,"Upscale modern ryokan with private room onsen, rooftop rotenburo, and in-house boutique and gift shop.",,https://www.booking.com/hotel/jp/aburaya-tousen.html | https://www.expedia.com/Nagano-Hotels-Aburaya-Tosen.h5542217.Hotel-Information | https://www.tripadvisor.com/Hotel_Review-g1117904-d1167351,unknown,yudanaka,ryokan,8,,yes
"2563 Sano, Yamanouchi, Shimotakai-gun, Nagano 381-0402",onsen | restaurant | wifi | parking,,,https://www.booking.com/hotel/jp/uotoshi.html,https://www.expedia.com/Nagano-Hotels-Uotoshi-Ryokan.h22824257.Hotel-Information,,,,15:00,10:00,JP,,,,,20,,,,,,,15,,30,,50,,,,20,,,30,,limited,uotoshi-ryokan,36.743,138.423,"Uotoshi Ryokan (魚敏) is a compact 8-room inn offering an authentic low-key ryokan experience in Yudanaka. The communal onsen is separated by gender and is open 24 hours, with the traditional mineral water providing a pleasantly aromatic and perfectly tempered soak. Rooms are spacious Japanese-style with excellent mountain and valley views; balcony rooms facing the fountain are particularly recommended by guests. The half-board rate is standard and meals must be confirmed before check-in. Located just 500 metres from Yudanaka Station.",half_board,Uotoshi Ryokan,魚敏旅館,Shiga Kogen,Rated $71-99 USD per room (TripAdvisor). Half-board guests must check in by 6pm for dinner. 24-hour public bath. Highly affordable by Yudanaka standards. TripAdvisor rating 4.3/5 from 36 reviews.,public,,,,$$,yamanouchi,8,,"Small traditional ryokan with gender-separated communal onsen and rooms overlooking the valley, 500m from Yudanaka Station.",,https://www.booking.com/hotel/jp/uotoshi.html | https://www.expedia.com/Nagano-Hotels-Uotoshi-Ryokan.h22824257.Hotel-Information | https://www.tripadvisor.com/Hotel_Review-g1117904-d1048869,unknown,yudanaka,ryokan,7,,yes
"Yamanouchi, Shimotakai-gun, Nagano",onsen | restaurant | parking,,,,,,,,15:00,10:00,JP,,,,,20,,,,,,,15,,30,,50,,,,20,,,30,,no,honke-bansho,36.7438,138.422,"Honke Bansho (本家伴勝) is a long-standing traditional ryokan in the Yudanaka Onsen district. As a 'honke' (main house) property, it emphasises traditional hospitality rooted in Nagano inn-keeping heritage. The property offers communal hot spring bathing and seasonal kaiseki-style meals featuring Shinshu regional specialities including river fish from the Chikuma River, wild mountain vegetables (sansai), and local mushrooms. The intimate atmosphere suits travellers seeking an authentic Japanese inn experience away from larger hotel crowds.",half_board,Honke Bansho,本家伴勝,Shiga Kogen,"Note: Do not confuse with 'Honke Bankyu' (本家伴久) which is a separate, unrelated luxury ryokan in Yunishigawa Onsen, Nikko (Tochigi Prefecture). Honke Bansho is specific to Yudanaka. Limited online booking availability — best booked via Jalan or Rakuten Travel. English spoken is limited to no.",public,,,,$$,yamanouchi,12,,Traditional Yudanaka ryokan with onsen and local Shinshu cuisine in central hot spring town.,,https://www.tripadvisor.com | https://www.booking.com,unknown,yudanaka,ryokan,8,,yes
"Yamanouchi, Shimotakai-gun, Nagano",onsen | sauna | steam_room | tea_bath | restaurant | lounge | wifi,,,,https://www.expedia.co.jp/en/Yamanouchi-Hotels-Hotel-Yudanaka.h11529608.Hotel-Information,,,,15:00,10:00,JP,,,,,20,,,,,,,15,,30,,50,,,,20,,,30,,limited,hotel-sanyokan,36.7432,138.4228,"Hotel Sanyokan (山陽館) is a large-format traditional hotel in Yudanaka Onsen with one of the most extensive onsen bath complexes in the town, featuring multiple pools including a tea bath, waterfall massage pool, sauna, and steam room. The sprawling layout and multiple bath types attract both ryokan guests and day-trippers. Rooms range from spacious tatami-style (some with mini-kitchenettes) to private Western rooms. The hotel has a communal lounge area with TV and tatami seating. A casual in-house kitchen/diner operates during meal hours. Located close to Yudanaka Station.",breakfast,Hotel Sanyokan,山陽館,Shiga Kogen,Note: 'Hotel Yudanaka' as listed on some OTA sites may refer to this property or an adjacent hotel — both are similar large-format budget onsen hotels near the station. The property has also served as a community bathhouse for locals. Free shuttle to Snow Monkey Park. Rated as one of the largest onsen complexes in Yudanaka town.,public,,,,$$,yamanouchi,40,,Mid-range hotel with large communal onsen complex — one of the biggest in Yudanaka — near the station.,,https://www.tripadvisor.com/Hotel_Review-g1117904-d1426265,unknown,yudanaka,hotel,5,,yes
"Yamanouchi, Shimotakai-gun, Nagano",private_onsen | restaurant | complimentary_transport | wifi,,,https://www.booking.com/hotel/jp/yudanaka-onsen-yamazaki.html,,,,,15:00,10:00,JP,,,,,20,,,,,,,15,,30,,50,,,,20,,,30,,yes,yudanaka-onsen-yamazakiya,36.7436,138.4216,"Yamazakiya is a small family-operated ryokan run by Akira and his family (mother Kiyoko is a beloved local figure) on the charming main street of Yudanaka. Unlike most ryokan in the area, all onsen baths are private-use only, meaning guests need never share the bath — a significant advantage for tattooed travellers or those seeking complete privacy. Akira also holds keys to two public onsen nearby for guests who want that option. Traditional kaiseki breakfast and dinner are exceptional, featuring ultra-fresh local produce. Complimentary car service to the station and Snow Monkey Park trailhead. Rooms are tatami with kotatsu (heated table), futon, and river view options.",half_board,Yudanaka Onsen Yamazakiya,湯田中温泉 山崎屋,Shiga Kogen,Tattoo policy: ALLOWED in private baths — all baths are private-use only so tattoos are not an issue. Host Akira also has access to public onsen for guests who wish. Rated 9.x on Booking.com. Exceptional guest-host warmth. Yukata worn correctly taught by staff. Complimentary Shinshu apple given to guests. Highly recommended for first-time ryokan visitors.,private,,,,$$,yamanouchi,8,,"Intimate family-run ryokan with private onsen access, genuine hospitality from host Akira and family, and complimentary transport to Snow Monkey Park.",,https://www.booking.com/reviews/jp/hotel/yudanaka-onsen-yamazaki.html,allowed,yudanaka,ryokan,5,,yes
"4123-47 Hirao, Yamanouchi, Shimotakai-gun, Nagano 381-0401",onsen | private_bath_reservable | restaurant | wifi | free_parking,,,,https://www.expedia.com/Nagano-Hotels-Yudanaka-Ryokan-Hakura.h11577875.Hotel-Information,,,,15:00,10:00,JP,,,,,20,,,,,,,15,,30,,50,,,,20,,,30,,yes,yudanaka-ryokan-hakura,36.7433,138.4208,"Ryokan Hakura is a 5-minute walk from Yudanaka Station and offers both Japanese tatami rooms and Western-style rooms. The house onsen (100% kakenagashi natural hot spring) can be booked privately by room in 50-minute slots, ensuring guests never have to share. Staff are multilingual (English and Japanese). Unusually for a rural Nagano ryokan, the kitchen caters to various dietary needs including vegetarian, Muslim, and allergy-specific requirements with advance notice. Seasonal kaiseki meals feature Shinshu beef and locally foraged ingredients. Breakfast included; dinner add-on recommended.",half_board,Yudanaka Ryokan Hakura,湯田中旅館 白羅,Shiga Kogen,"Onsen available: 15:00-19:00 (shared access), 19:00-next day 9:00 (private booking by room, 50-min slots). Accommodates vegetarian, Muslim, allergy diets — request 24 hours in advance. Host owner is very helpful with transport arrangements. Also listed on Expedia under 'Ryokan near Shiga Kogen Ski Area'.",private,,,,$$,yamanouchi,12,,"Well-regarded mid-range ryokan with private-use onsen booking system, multilingual staff, and dietary-accommodating kaiseki meals.",,https://www.tripadvisor.com/Hotel_Review-g1117904-d1526782 | https://www.expedia.com/Nagano-Hotels-Yudanaka-Ryokan-Hakura.h11577875.Hotel-Information,private_only,yudanaka,ryokan,6,,yes
"Yamanouchi, Shimotakai-gun, Nagano",onsen | rotenburo | private_bath_some_rooms | wine_bar | restaurant | wifi | free_parking | shuttle_to_snow_monkey_park,,,https://www.booking.com/hotel/jp/tsubakino.html,https://www.expedia.com/Nagano-Hotels-Hotel-Tsubakino.h4167769.Hotel-Information,,,,15:00,10:00,JP,,,,,20,,,,,,,15,,30,,50,,,,20,,,30,,limited,hotel-tsubakino,36.7442,138.4205,"Hotel Tsubakino is a relaxed and comfortable onsen hotel set in the hills above Yudanaka, offering both Japanese-style tatami rooms and Western rooms. The signature feature is the 5th-floor open-air rotenburo with panoramic mountain views — especially spectacular in winter snow. Private outdoor baths are available in select premium rooms. The hotel also features a charming nightly wine bar (an unexpected find in rural Nagano) and serves highly regarded Japanese breakfasts. Staff are described as attentive and helpful. A 'monkey bus' for day trips to Snow Monkey Park departs from the property.",breakfast,Hotel Tsubakino,ホテル椿野,Shiga Kogen,Private outdoor rooftop onsen (5F) for couples available at additional cost. Nightly wine bar is a popular après-onsen hangout. Monkey bus departs daily. The private outdoor bath for a parent/child duo is highly reviewed.,both,,,,$$,yamanouchi,25,,"Mid-range hotel with rooftop outdoor onsen on the 5th floor, nightly wine bar, and excellent Japanese breakfasts, about 10 minutes walk from the station.",,https://www.booking.com/reviews/jp/hotel/tsubakino.html | https://www.expedia.com/Nagano-Hotels-Hotel-Tsubakino.h4167769.Hotel-Information | https://www.travelingblackwomen.com/onsen-hotel-in-nagano-hotel-tsubakino/,unknown,yudanaka,hotel,10,,yes
"Kanbayashi, Yamanouchi, Shimotakai-gun, Nagano",private_onsen | kitchenette | restaurant | lounge | complimentary_fridge | balcony | free_parking,,,,,,https://hotarutei.com/en/hotarutei-villas/,,15:00,10:00,JP,,,,,22,,,,,,,18,,25,,45,,,,22,,,25,,yes,hotarutei-villas,36.751,138.426,"Hotarutei Villas are a pair of high-end self-contained villas built in 2017 adjacent to the historic Hotarutei restaurant (est. 1987) in Kanbayashi, an 8-minute walk from the Snow Monkey Park trail entrance. Each villa sleeps 2-4 and features a private natural hot spring bath (half indoor, half outdoor), two bedrooms, spacious living room, kitchenette, and balcony. Fridge comes stocked with complimentary water, Shinshu apple juice, fresh milk, gelato, and Yebisu beer. Seasonal course dining available at the attached restaurant. The villas are constructed from a historic farmhouse relocated from Niigata. The 7-Eleven on Route 292 is a 5-minute drive.",dinner,Hotarutei Villas,蛍亭ヴィラ,Shiga Kogen,"Only 2 villas — books out fast in ski season and Snow Monkey peak season (Jan-Mar). Tattoo policy: ALLOWED — private baths only, no public bath on site. Price range: ¥22,000-74,000 per night (Snow Monkey Resorts listing). Nearest convenience store: 7-Eleven on R292 (5 min drive) or Lawson at Yudanaka Station (7 min drive / 50 min walk).",private,,,,$$$$,yamanouchi,2,,"Exclusive 2-villa property next to Snow Monkey Park with private indoor-outdoor natural hot spring baths, full seasonal dining, and luxury self-contained villas.",,https://hotarutei.com/en/hotarutei-villas/ | https://www.snowmonkeyresorts.com/hotels/hotarutei-villas/,allowed,yudanaka,lodge,25,https://hotarutei.com/en/hotarutei-villas/,yes
"Yamanouchi, Shimotakai-gun, Nagano",breakfast | common_area | wifi | complimentary_tea_coffee,,,,https://www.expedia.com/Nagano-Hotels-AIBIYA.h17625932.Hotel-Information,,https://hostelaibiya.com/en/,,14:00,11:00,JP,,,,,20,,,,,,,15,,30,,50,,,,20,,,30,,yes,aibiya-guesthouse-hostel,36.7434,138.4222,"Aibiya is the primary budget accommodation option in Yudanaka, combining hostel practicality with ryokan-style warmth. The hosts are a Japanese-Korean couple who speak English fluently and provide personalised recommendations for the area. Accommodation ranges from 4-bed dormitories to private rooms in both tatami and Western styles. A daily breakfast combining Japanese and Western dishes is served. While Aibiya does not have its own onsen, the hosts can direct guests to nearby public hot spring baths. The guesthouse attracts a largely international crowd and is the social hub of the Yudanaka backpacker scene.",breakfast,Aibiya,アイビヤ,Shiga Kogen,Check-in cut-off 20:00 — contact property if arriving late. No onsen on-site; hosts direct guests to nearby public baths (access to public onsen in Yudanaka area is easy). Tattoo: ALLOWED — no public onsen on-site so no restrictions. Excellent English spoken. Rated 10/10 on Expedia for service.,none,,+81-269-38-0926,,$,yamanouchi,10,,"International-friendly upscale hostel in central Yudanaka, run by a welcoming Japanese-Korean couple, with dorm beds and private rooms.",,https://hostelaibiya.com/en/ | https://www.expedia.com/Nagano-Hotels-AIBIYA.h17625932.Hotel-Information | https://thesnowmonkeys.com/yudanaka-onsen-accommodation-snow-monkey-ryokan-hotels/,allowed,yudanaka,hostel,5,https://hostelaibiya.com/en/,no
"2578-1 Sano, Yamanouchi, Shimotakai-gun, Nagano 381-0402",day_trip_onsen | restaurant | craft_brewery | parking,,,,,,https://yudanaka-u.jp/en/,,15:00,10:00,JP,,,,,20,,,,,,,15,,30,,50,,,,20,,,30,,yes,yudanaka-brewery-complex-u-accommodation,36.7418,138.425,"The Yudanaka Brewery Complex U is a contemporary multi-purpose tourist complex opened in 2022 that combines a craft brewery, restaurant, and day-trip onsen baths under one roof. While primarily a day-trip destination (see also in the Eats section for the restaurant), the complex also offers accommodation in modern rooms. The 2nd-floor day-trip onsen is open 10:00-18:00. On-site craft beers are brewed using water from Yudanaka Onsen spring water. The complex is a 5-minute drive from Yudanaka Station in the Sano area, with 30 parking spaces.",none,Yudanaka Brewery Complex U (Inn),ゆダナカ ブルワリーコンプレックスU (宿泊),Shiga Kogen,Primarily a day-trip complex. Day-trip onsen and restaurant open 10:00-18:00. Food LO: 17:00. Parking: 30 spaces free. QR-code ordering in English available. Accommodation confirmation needs direct contact with property. Also listed in eats as 'yudanaka-brewery-complex-u'.,public,,+81-269-33-4511,,$$,yamanouchi,,,"Modern craft-brewery-anchored complex with accommodation, day-trip onsen on the 2nd floor, and on-site Shinshu food and beer.",,https://yudanaka-u.jp/en/ | https://www.tripadvisor.com/Restaurant_Review-g1117904-d26363055,unknown,yudanaka,hotel,15,https://yudanaka-u.jp/en/,no
"Yamanouchi, Shimotakai-gun, Nagano (booking service — various properties)",english_support | ski_pass_booking | transfers | local_activities,,,,,,https://www.snowmonkeyresorts.com,,,,JP,,,,,20,,,,,,,15,,30,,50,,,,20,,,30,,yes,snow-monkey-resorts-base,,,"Snow Monkey Resorts is an English-language booking and concierge service specialising in the Yamanouchi region — Yudanaka, Snow Monkey Park, and Shiga Kogen. Rather than a single property, they represent multiple partner hotels and ryokan in the area, providing full English support for international travellers. Properties include Hotel Grand Phenix (Shiga Kogen), Hotel Sunny Shiga, T Hotel Ryuoo, and others. They also provide ski passes, transfers, and local activity booking. For travellers uncomfortable with Japanese-only booking systems, Snow Monkey Resorts provides a critical bridge.",half_board,Snow Monkey Resorts (Yamanouchi Area Booking Hub),スノーモンキーリゾーツ,Shiga Kogen,"This entry represents the Snow Monkey Resorts booking hub. Individual properties include Hotel Grand Phenix Okushiga, Hotel Sunny Shiga, T Hotel Ryuoo (Ryuoo Ski Park area). All properties booked via SMR include English concierge. Highly recommended for first-time visitors to the area. Partner property Kambayashi Hotel Senjukaku is also listed as a separate entry.",both,,,,$$,yamanouchi,,,"English-language concierge and booking service for Yamanouchi-area accommodation, including exclusive properties with full English support.",,https://www.snowmonkeyresorts.com | https://www.snowmonkeyresorts.com/hotels/yudanaka-onsen/,unknown,yudanaka,hotel,,https://www.snowmonkeyresorts.com,yes
"Yamanouchi, Shimotakai-gun, Nagano",onsen | restaurant | wifi | cashless_payments,,,,https://www.expedia.com/Nagano-Hotels-Wafu-No-Yado-MASUYA.h13522203.Hotel-Information,,,,15:00,10:00,JP,,,,,20,,,,,,,15,,30,,50,,,,20,,,30,,limited,wafu-no-yado-masuya,36.7435,138.4225,"Masuya is a traditional ryokan in the Yudanaka Onsen area offering classic Japanese hospitality with a communal hot spring bath. The property is notable for explicitly accepting credit cards (unlike many rural Nagano establishments) and for its cashless payment capability — a practical advantage for international travellers. Guests must contact the property in advance to reserve public bathing access, and the property is transparent that some guests with tattoos may not be permitted to use the public bath — pointing tattooed travellers to contact in advance.",half_board,Wafu no Yado Masuya,和風の宿 ますや,Shiga Kogen,Tattoo policy: NOT ALLOWED in public bath (explicitly stated in Expedia notes). Accepts credit cards and cashless payments — unusual for Yudanaka. Reserve public bath access in advance (contact property). Guests with tattoos should inquire about alternative bathing options.,public,,,,$$,yamanouchi,15,,"Traditional Japanese-style inn with communal hot spring bathing, accepting cards (no cash required), near Yudanaka Station.",,https://www.expedia.com/Nagano-Hotels-Wafu-No-Yado-MASUYA.h13522203.Hotel-Information,not_allowed,yudanaka,ryokan,7,,yes
"Various locations — Yamanouchi, Shimotakai-gun, Nagano",self_contained | kitchen,,https://www.airbnb.com/s/Yamanouchi--Nagano--Japan/homes,,,,,,,,JP,,,,,20,,,,,,,15,,30,,50,,,,20,,,30,,limited,airbnb-yudanaka-area,,,"Airbnb options in the Yamanouchi area are limited but include traditional kominka (古民家 — old Japanese farmhouse) rentals, private apartments in Nakano City (20 min drive), and occasional village houses in Yudanaka proper. These are ideal for groups or families wanting self-catering flexibility. Most Airbnb properties in this rural area do not include onsen; guests use public bathhouses (there are several in Yudanaka and Shibu Onsen villages). Tattoo policy is irrelevant for private rentals. English communication is available through the Airbnb platform with hosts.",none,Airbnb Listings — Yudanaka / Yamanouchi Area,エアビーアンドビー 湯田中・山ノ内エリア,Shiga Kogen,Airbnb supply in this area is thin. Check listings carefully for actual Yudanaka / Yamanouchi town location vs. Nakano City. Traditional kominka properties offer authentic Japanese rural atmosphere. No onsen on-site for most — use Yudanaka public baths or day-trip onsen at Brewery Complex U.,none,,,,$,yamanouchi,,,"Private homes, kominka (old farmhouses), and apartments available via Airbnb in the broader Yudanaka / Yamanouchi area.",,https://www.airbnb.com/s/Yamanouchi--Nagano--Japan/homes,allowed,yudanaka,airbnb,,https://www.airbnb.com/s/Yamanouchi--Nagano--Japan/homes,no
"Yamanouchi, Shimotakai-gun, Nagano",onsen | restaurant | wifi | parking,,,,,,,,15:00,10:00,JP,,,,,20,,,,,,,15,,30,,50,,,,20,,,30,,limited,yumotoya-ryokan-yudanaka,36.7437,138.422,"Yumotoya (湯元屋 — literally 'hot spring source house') is a traditional ryokan in central Yudanaka that emphasises family hospitality. The property offers communal gender-separated onsen and a kaiseki-style dinner featuring seasonal Shinshu specialties including river fish, wild mountain herbs, and local mushrooms, along with a Japanese breakfast. The name suggests the property draws directly from a natural hot spring source (yumoto). Suitable for both solo travellers and families. The property is within walking distance of Yudanaka Station.",half_board,Yumotoya,湯元屋,Shiga Kogen,Note: 'Yumotoya' (湯元屋) in Yudanaka should not be confused with 'Yumotoya' (ゆもとや) in Niigata/Iwamuro Onsen — they are completely different properties. Booking primarily via Jalan or Rakuten. Tattoo policy unconfirmed — contact property directly.,public,,,,$$,yamanouchi,15,,Family-oriented mid-sized ryokan with natural hot spring baths and traditional Shinshu cuisine in central Yudanaka.,,https://www.booking.com | https://www.jalan.net,unknown,yudanaka,ryokan,8,,yes
"Shiga Kogen, Yamanouchi, Shimotakai-gun, Nagano",ski_in_ski_out | onsen | restaurant,,,https://www.booking.com/searchresults.html?city=Yamanouchi&type=2,,https://www.jalan.net,https://www.snowmonkeyresorts.com/hotels/,https://travel.rakuten.co.jp,15:00,10:00,JP,,,,,35,,,,,,,45,,0,,15,,,,40,,,0,,limited,powderhounds-ski-accommodation,36.792,138.518,"For skiers wanting ski-in/ski-out convenience, there are dozens of lodges, pensions (minshuku), and hotels directly on the Shiga Kogen plateau (1,500-2,000m elevation). These include the Hotel Grand Phenix Okushiga (luxury), Hotel Sunny Shiga (budget-friendly), and the Shiga Kogen Prince Hotel. Most are booked via Jalan or Rakuten in Japanese. The tradeoff: Shiga Kogen lodges have limited restaurant variety outside their own dining rooms, and the village atmosphere is less interesting than Yudanaka. For ski-school families or those who want to maximise slope time, on-mountain accommodation makes sense; for après-ski culture and onsen town experience, Yudanaka wins.",half_board,Shiga Kogen Ski Area Accommodation (via Yudanaka as base),志賀高原スキー場エリア宿泊,Shiga Kogen,"This is a category entry covering the Shiga Kogen on-mountain accommodation. For English booking, use Snow Monkey Resorts (snowmonkeyresorts.com). Shuttle buses run from Yudanaka Station to Shiga Kogen daily during ski season. Drive from Yudanaka to Hasuike gate: ~30 min on R292 (Orinpikku Kaido). Road closes for heavy snow — check conditions.",both,,,,$$,yamanouchi,,,"Ski lodges and pensions directly on the Shiga Kogen ski area, primarily Japanese-language booking — Yudanaka is the comfortable English-accessible base town alternative.",,https://www.snowmonkeyresorts.com/hotels/,unknown,yudanaka,lodge,60,https://www.snowmonkeyresorts.com/hotels/,yes
"Nakano City, Nagano",wifi | parking,,,https://www.booking.com/searchresults.html?city=Nakano&type=2&country=jp,,,,,15:00,10:00,JP,,,,,40,,,,,,,35,,50,,70,,,,40,,,50,,limited,nakano-city-hotels-gateway,36.7441,138.3716,"Nakano City (中野市) is the closest business-hotel town to Yudanaka, served by the same Nagano Dentetsu line. Options include Toyoko Inn, Dormy Inn, and local business hotels ranging ¥5,000-10,000/night — dramatically cheaper than Yudanaka ryokan. The train from Nakano to Yudanaka takes approximately 15-20 minutes. This option is worth considering for groups on a budget who still want to day-trip to Yudanaka's onsen and restaurants without paying ryokan rates. No onsen on-site at most Nakano business hotels.",breakfast,Nakano City Hotels (Budget Gateway),中野市ホテル,Shiga Kogen,Nakano Station to Yudanaka Station: ~15 min on Nagano Dentetsu. Good option for budget travellers wanting to day-trip to onsen and Snow Monkey Park. Tsuruya supermarket (ツルヤ) has a branch near Nakano for self-catering. Nakano IC on the Joshinetsu Expressway provides fast access for drivers.,none,,,,$,yamanouchi,,,"Budget business hotels in Nakano City (20 min drive from Yudanaka), useful as a low-cost base with easy train access to Yudanaka Onsen.",,https://www.booking.com,allowed,yudanaka,hotel,,,no
"2202 Heion, Yamanouchi-machi, Shimotakai-gun, Nagano 381-0401","8 natural spring baths on-site (5 private, 2 indoor communal, 2 outdoor rotenburo) | Kuyu meguri key for all 9 public bathhouses | Nightly 30-minute cultural building tour | Kaiseki dinner and breakfast included | Yukata and haori jacket provided | Geta sandals for village walks | Air conditioning | Free WiFi | Luggage storage | Station pickup service available",,,,,https://www.jalan.net/en/japan_hotels_ryokan/Ryokan/Nagano_Ryokan/Shiga_KitaShiga_Yudanakashibu_Ryokan/Yudanaka_Shibu_Shiga_Kogen_Ryokan/kanaguya/,https://kanaguya.com,https://travel.rakuten.com/usa/en-us/hotel_info_item/10123456902114,15:00,10:00,JP,,,,,,,,,,,20,,35,,,,,,40,,,,35,,limited,kanaguya-rekishi-no-yado,36.7478,138.4237,"Founded around 1758 and rebuilt in glorious Showa-era timber, Kanaguya's four-storey illuminated facade on the main cobblestone street is one of the most photographed buildings in Japanese onsen culture. Corridors lit by low lanterns wind like streets between rooms, each uniquely designed. Eight natural spring baths are on-site — five private (no reservation needed, first-come), two indoor communal, and two outdoor rotenburo. A free 30-minute guided cultural tour of the building runs nightly before dinner. Kaiseki dinner and breakfast are included; rooms range from intimate 8-tatami suites to grand multi-room configurations.",half_board,Rekishi no Yado Kanaguya,歴史の宿 金具屋,Shiga Kogen,,both,,+81-269-33-3105,https://kanaguya.com | https://www.travelynotes.com/blog-japan/a-night-at-kanaguya-a-review-of-a-traditional-ryokan-in-shibu-onsen,$$$$,yamanouchi,29,,The most iconic inn in Japan — a registered national cultural property whose Showa-era wooden facade is an archetype for Spirited Away.,,https://kanaguya.com | https://www.travelynotes.com/blog-japan/a-night-at-kanaguya-a-review-of-a-traditional-ryokan-in-shibu-onsen | https://www.tripadvisor.com/Hotel_Review-g1117904-d1392777-Reviews-Rekishi_no_Yado_Kanaguya-Yamanouchi_machi_Shimotakai_gun_Nagano_Prefecture_Koshinetsu.html | https://www.jalan.net/yad330740/ | https://asocialnomad.com/japan/shibu-onsen-ryokans/,private_only,shibu_onsen,ryokan,,https://kanaguya.com,yes
"2200 Heion, Yamanouchi-machi, Shimotakai-gun, Nagano 381-0401",9 indoor baths (16 tubs total) from 6 spring sources | 3 outdoor rotenburo | 2 reservable private baths | 10 rooms with private open-air bath | Kuyu meguri key for all 9 public bathhouses | Full kaiseki dining (monthly seasonal menu) | Yukata provided | Karaoke | Free parking | Station pickup,,,https://www.booking.com/hotel/jp/kokuya.html,,,https://www.ichizaemon.com/lang_en/,,15:00,10:00,JP,,,,,,,,,,,20,,35,,,,,,40,,,,35,,limited,kokuya-shibu-onsen,36.7476,138.4235,"Kokuya stands at the geographical and spiritual heart of Shibu Onsen, operated by the same family for nearly 400 years. The current building dates from 1957 in faithful traditional style. Six distinct spring sources feed nine indoor baths (16 tubs total) — two of which are reservable private baths — plus three outdoor rotenburo, all 100% free-flow natural spring water. Ten rooms include private open-air baths. Kaiseki meals change monthly to reflect seasonality and use Shinshu premium ingredients; guests from overseas particularly appreciate the quality. The kuyu meguri key comes with every room.",half_board,Shibu Onsen Kokuya,古久屋,Shiga Kogen,,both,,+81-269-33-2511,https://www.ichizaemon.com/lang_en/,$$$,yamanouchi,20,,"Established 1625 and now in its 16th generation — nine indoor baths drawing from six spring sources, with private open-air rooms.",,https://www.ichizaemon.com/lang_en/ | https://shibuonsen.net/stay/kokuya/ | https://www.booking.com/hotel/jp/kokuya.html | https://www.tattoo-friendly.com/onsen/shibu-onsen/shibu-onsen-kokuya | https://whereandwander.com/the-complete-guide-to-shibu-onsen-and-the-nine-bathhouses/,private_only,shibu_onsen,ryokan,,https://www.ichizaemon.com/lang_en/,yes
"2222 Hirao, Yamanouchi-machi, Shimotakai-gun, Nagano 381-0401",2 private basement onsens (bookable free of charge) | Communal indoor hot spring bath | Kuyu meguri key for all 9 public bathhouses | Kaiseki dinner and breakfast included | Yukata provided | Station pickup/luggage delivery on request | Free WiFi,,,,https://www.expedia.com/Nagano-Hotels-Senshinkan-Matsuya.h33669094.Hotel-Information,,https://eihachi.com/english.html,,15:00,10:00,JP,,,,,,,,,,,20,,35,,,,,,40,,,,35,,limited,senshinkan-matsuya,36.748,138.4238,"Run by the Kodama family for generations, Senshinkan Matsuya occupies a multi-storey wooden building right on Shibu's iconic main lane. Eleven tatami rooms — some with birch trees growing through the room, an old-inn quirk beloved by guests. Two private basement onsens can be reserved at no extra charge. Breakfast is notably inventive, changing daily. Stairs are steep; not suitable for those with limited mobility. The Kodamas are known for going above and beyond — luggage delivery, restaurant tips, early check-in if possible.",half_board,Senshinkan Matsuya,洗心館 松屋,Shiga Kogen,,both,,+81-269-33-3181,https://eihachi.com/english.html | https://www.tripadvisor.com/Hotel_Review-g1117904-d1440172-Reviews-Senshinkan_Matsuya-Yamanouchi_machi_Shimotakai_gun_Nagano_Prefecture_Koshinetsu_Chubu.html,$$$,yamanouchi,11,,"Beloved 11-room family ryokan on the main cobbled street — warm Kodama-family hospitality, two private onsens bookable free of charge.",,https://eihachi.com/english.html | https://www.tripadvisor.com/Hotel_Review-g1117904-d1440172-Reviews-Senshinkan_Matsuya-Yamanouchi_machi_Shimotakai_gun_Nagano_Prefecture_Koshinetsu_Chubu.html | https://www.unique-nagano.com/detail.php?l=en&id=306 | https://www.expedia.com/Nagano-Hotels-Senshinkan-Matsuya.h33669094.Hotel-Information,private_only,shibu_onsen,ryokan,,https://eihachi.com/english.html,yes
"2149 Heion, Yamanouchi-machi, Shimotakai-gun, Nagano 381-0401",Indoor and outdoor communal hot spring baths | Private outdoor baths in select rooms | Reservable private onsen with sauna | Kuyu meguri key for all 9 public bathhouses | Kaiseki dinner and Japanese/Western breakfast included | Yukata (colourful selection) provided | Free station pickup | Free WiFi | Bar on-site | Café on-site,,,https://www.booking.com/hotel/jp/sakaeya.html,,https://www.jalan.net/en/japan_hotels_ryokan/Ryokan/Nagano_Ryokan/Shiga_KitaShiga_Yudanakashibu_Ryokan/Yudanaka_Shibu_Shiga_Kogen_Ryokan/shunran_no_yado_sakaeya/,https://e-sakaeya.jp,,15:00,12:00,JP,,,,,,,,,,,20,,35,,,,,,40,,,,35,,yes,sakaeya-shunran-no-yado,36.7482,138.4234,"Sakaeya consistently ranks among the highest-reviewed ryokan in Shibu Onsen, praised for exemplary service, exquisite kaiseki (multi-course dinners), and a notable checkout policy allowing guests to stay up to 21 hours from check-in. Rooms are traditional tatami with futon; select rooms include private outdoor baths. The staff greet guests with green tea and seasonal sweets on arrival and go out of their way to assist with local logistics. Both English and Japanese meal requests are accommodated. Colourful yukata selection is a small delight.",half_board,Shunran no Yado Sakaeya,春蘭の宿 さかえや,Shiga Kogen,,both,,+81-269-33-2531,https://e-sakaeya.jp | https://www.booking.com/hotel/jp/sakaeya.html,$$$,yamanouchi,16,,"Top-rated ryokan in the centre of the village, with private onsen rooms, exceptional kaiseki, and a generous 15-hour stay window.",,https://e-sakaeya.jp | https://www.booking.com/hotel/jp/sakaeya.html | https://www.jalan.net/en/japan_hotels_ryokan/Ryokan/Nagano_Ryokan/Shiga_KitaShiga_Yudanakashibu_Ryokan/Yudanaka_Shibu_Shiga_Kogen_Ryokan/shunran_no_yado_sakaeya/ | https://asocialnomad.com/japan/shibu-onsen-ryokans/ | https://www.expedia.com/Nagano-Hotels-Shibu-Onsen-Sakaeya.h11605354.Hotel-Information,private_only,shibu_onsen,ryokan,,https://e-sakaeya.jp,yes
"2200 Heion, Yamanouchi-machi, Shimotakai-gun, Nagano 381-0401",See Kokuya listing — identical property,,,https://www.booking.com/hotel/jp/kokuya.html,,,https://www.ichizaemon.com/lang_en/,,15:00,10:00,JP,,,,,,,,,,,20,,35,,,,,,40,,,,35,,limited,furuya-kokuya,36.7476,138.4235,"The property often listed as 'Furuya Ryokan' in English sources is the same inn as Kokuya (古久屋), a frequent transliteration variant. Founded in 1625, this 16th-generation family property remains one of Shibu Onsen's most celebrated inns. Guests receive the same nine-bath internal meguri and the public kuyu key. Please refer to the Kokuya entry for full details. When booking, confirm under the Japanese name 古久屋 or the English site at ichizaemon.com.",half_board,Furuya Ryokan (Kokuya),古久屋,Shiga Kogen,,both,,+81-269-33-2511,,$$$,yamanouchi,20,,Note: 'Furuya' (古久屋) is the same establishment as Kokuya — the original romanization of the kanji differs by reading. See Kokuya listing.,,https://www.ichizaemon.com/lang_en/ | https://shibuonsen.net/stay/kokuya/,private_only,shibu_onsen,ryokan,,https://www.ichizaemon.com/lang_en/,yes
"Heion, Yamanouchi-machi, Shimotakai-gun, Nagano 381-0401",All 28 rooms have private in-room hot spring baths | 1 additional reservable private bath | Heritage public indoor baths (gender-separated) | Kuyu meguri key for all 9 public bathhouses | Kaiseki dinner with Shinshu wagyu beef | Breakfast included | Yukata provided | Bar on-site | Restaurant on-site | Massage/spa services | Free parking | Station pickup (meets guests at Yudanaka Station),,,https://www.booking.com/hotel/jp/yorozuya.html,,,https://www.yorozuya-jp.com,,15:00,10:00,JP,,,,,,,,,,,20,,35,,,,,,40,,,,35,,limited,yorozuya,36.7479,138.423,"Yorozuya is a substantial ryokan with a history stretching back to the late Edo period, now offering 28 rooms across its main building. Every room comes with its own private hot spring bath — a rare full-property commitment to in-room onsen — plus there is one additional reservable shared private bath. The public indoor baths are heritage-listed spaces. Dinner is the famous Shinshu wagyu beef, handled with a kaiseki precision that draws repeat guests. Both Japanese traditional and Western-style rooms with divan beds are available, making it one of the more accessible options for mixed-preference groups. Rated 9.4 on Expedia. A newer affiliated annex, Shoraiso (opened March 2024), offers five additional suites, all with open-air private baths.",half_board,Yorozuya,よろづや旅館,Shiga Kogen,,both,,+81-269-33-3111,https://www.expedia.com/Yamanouchi-Hotels-Yorozuya.h10046447.Hotel-Information,$$$$,yamanouchi,28,,"Grand 28-room heritage inn built around 1789, with all rooms featuring private hot spring baths and a striking heritage public bath.",,https://selected-ryokan.com/ryokan/yorozuya_snow-monkey_yudanaka-shibu_nagano.html | https://www.booking.com/hotel/jp/yorozuya.html | https://www.expedia.com/Yamanouchi-Hotels-Yorozuya.h10046447.Hotel-Information | https://www.tripadvisor.com/Hotel_Feature-g1117904-d2167456-zft1-Yorozuya.html,private_only,shibu_onsen,ryokan,,https://www.yorozuya-jp.com,yes
"Heion, Yamanouchi-machi, Shimotakai-gun, Nagano 381-0401","6th-floor panoramic rooftop outdoor rotenburo (all-night access) | Indoor communal baths (male/female) | Kuyu meguri key for all 9 public bathhouses | Kaiseki dinner and breakfast included | Yukata, haori jacket, geta sandals provided | Bluetooth speaker in rooms | Smart toilet | Free WiFi | Free parking | Station pickup (13:00–18:00, reservation required)",,,https://www.booking.com/hotel/jp/suminoyu.html,,https://www.jalan.net/en/japan_hotels_ryokan/Ryokan/Nagano_Ryokan/Shiga_KitaShiga_Yudanakashibu_Ryokan/Yudanaka_Shibu_Shiga_Kogen_Ryokan/shibu_onsen_onyado_suminoyu/,https://www.suminoyu.com/en.html,https://travel.rakuten.com/usa/en-us/hotel_info_item/10123456872545,13:00,10:00,JP,,,,,,,,,,,20,,35,,,,,,40,,,,35,,yes,onyado-suminoyu,36.7481,138.424,"Suminoyu occupies a taller building than most Shibu inns, and makes excellent use of the height: the 6th-floor rooftop open-air bath offers panoramic views over the onsen town roofline to northern Shinshu mountain ranges. All-night bathing available. Rooms blend traditional tatami sensibility with modern comforts — Simmons semi-double beds in the twin rooms, kotatsu tables in tatami rooms, Bluetooth speakers, full smart toilets. Twelve rooms in total; frequently sells out. English spoken. Check-in from 1 PM, which is earlier than most ryokan in the village. Included in Rakuten Travel's recommended listings. Guests receive the kuyu key for the nine public bathhouses.",half_board,Onyado Suminoyu,御宿 炭乃湯,Shiga Kogen,,both,,+81-269-33-4126,https://www.suminoyu.com/en.html,$$$,yamanouchi,12,,12-room upscale ryokan with a 6th-floor panoramic rooftop rotenburo and Japanese-modern room interiors that suit solo travellers and couples.,,https://www.suminoyu.com/en.html | https://www.booking.com/hotel/jp/suminoyu.html | https://www.jalan.net/en/japan_hotels_ryokan/Ryokan/Nagano_Ryokan/Shiga_KitaShiga_Yudanakashibu_Ryokan/Yudanaka_Shibu_Shiga_Kogen_Ryokan/shibu_onsen_onyado_suminoyu/ | https://whereandwander.com/the-complete-guide-to-shibu-onsen-and-the-nine-bathhouses/,unknown,shibu_onsen,ryokan,,https://www.suminoyu.com/en.html,yes
"2219 Hirao, Yamanouchi-machi, Shimotakai-gun, Nagano 381-0401",Indoor and outdoor communal onsen baths | 1 private family bath (bookable) | Kuyu meguri key for all 9 public bathhouses | Kaiseki dinner and breakfast served in-room | Kotatsu heated table in rooms | Yukata provided | Free shuttle from Yudanaka Station (advance booking required) | Free WiFi | Free parking,,,,,,https://shibu-katei.jp/english.html,,15:00,10:00,JP,,,,,,,,,,,18,,25,,,,,,30,,,,25,,limited,ichinoyu-katei,36.7479,138.4236,"Ichinoyu Katei is a compact, characterful ryokan on Shibu Onsen's main street. The springs blend three distinct source types — guests notice the silky, warming quality that the chloride-iron combination creates. Indoor, outdoor, and private family baths are available. Notably, all meals are served in guests' rooms (traditional style), and dinner requires advance reservation (at least 3 days ahead). The free shuttle from Yudanaka Station must be booked in advance. 25 minutes by car to Shiga Kogen. Guests with visible tattoos are advised to use the private bath rather than the communal facilities.",half_board,Ichinoyu Katei,一乃湯 果亭,Shiga Kogen,,both,,+81-269-33-2219,https://shibu-katei.jp/english.html,$$,yamanouchi,11,,"Intimate 11-room ryokan with a blend of three spring sources, an in-room kotatsu table, and meals served in guests' own tatami rooms.",,https://shibu-katei.jp/english.html | https://www.tripadvisor.com/Hotel_Review-g1117904-d1169015-Reviews-Ichinoyu_Katei-Yamanouchi_machi_Shimotakai_gun_Nagano_Prefecture_Koshinetsu_Chubu.html | https://selected-ryokan.com/ryokan/ichinoyu-katei_snow-monkey_yudanaka-shibu_nagano.html,private_only,shibu_onsen,ryokan,,https://shibu-katei.jp/english.html,yes
"2150 Heion, Yamanouchi-machi, Shimotakai-gun, Nagano 381-0401",Kuyu meguri key for all 9 public bathhouses (no in-building onsen) | Barista café with specialty coffee (mornings and dinner service) | Yukata and geta provided | Shared modern bathrooms (gender-separated) | Free WiFi | Gift shop | Station shuttle (advance booking required) | Self-set futon bedding,,,https://www.booking.com/hotel/jp/koishiya.html,,,https://koishiya.com/en/,,15:00,10:00,JP,,,,,,,,,,,20,,35,,,,,,40,,,,35,,yes,koishiya-ryokan,36.7477,138.4233,"Koishiya threads an unusual needle: a 100-year-old handcrafted wooden building now operating as a casual inn with dormitory beds, private tatami rooms, and an espresso bar that has developed a cult following. No in-building onsen — instead, guests use their kuyu key to access all nine public bathhouses on foot. No TVs or fridges in rooms; bedding is self-set. The café serves specialty-grade pour-over and espresso (closed for lunch since July 2024; open mornings and dinners). A male-only dormitory option makes it the most budget-accessible bed in the village. Shuttle to Yudanaka Station with advance booking.",breakfast,Shibu Onsen Koishiya Ryokan,小石屋旅館,Shiga Kogen,,public,,+81-269-33-2155,https://koishiya.com/en/,$,yamanouchi,12,,"Budget-smart early-Showa-era guesthouse with a renowned barista café; no private onsen, but direct kuyu key access to all nine public baths.",,https://koishiya.com/en/ | https://koishiya.com/en/stay/ | https://www.booking.com/hotel/jp/koishiya.html | https://www.tripadvisor.com/Hotel_Review-g1117904-d1169018-Reviews-Koishiya_Ryokan-Yamanouchi_machi_Shimotakai_gun_Nagano_Prefecture_Koshinetsu_Chubu.html,unknown,shibu_onsen,ryokan,,https://koishiya.com/en/,yes
"2234 Heion, Yamanouchi-machi, Shimotakai-gun, Nagano 381-0401",Communal indoor and outdoor hot spring baths | 1 reservable private outdoor onsen | 1 reservable private indoor onsen | Kuyu meguri key for all 9 public bathhouses | Kaiseki dinner and breakfast included | Free stocked minibar in rooms | Yukata provided | Free WiFi | Free parking | Free station pickup | Gift shop | Tour/ticket assistance,,,,https://www.expedia.com/Nagano-Hotels-Shibu-Hotel.h6128046.Hotel-Information,,https://www.shibuhotel.com/english/,,15:00,10:00,JP,,,,,,,,,,,20,,35,,,,,,40,,,,35,,yes,shibu-hotel,36.7477,138.4241,"Shibu Hotel has been welcoming guests since 1935 and has evolved into one of the friendliest and most versatile properties in the village — not too formal, but thoroughly comfortable. Multiple bath options: communal indoor and outdoor baths, one reservable private outdoor bath, and one reservable private indoor bath. Dinner leans heavily on Shinshu ingredients; guests frequently compliment the beef. Staff have been noted for offering vegetarian kaiseki on request. Free stocked minibar in rooms is an unusual and appreciated amenity. Rated 9.8/10 on Expedia. Note: no elevator.",half_board,Shibu Hotel,渋ホテル,Shiga Kogen,,both,,+81-269-33-2231,https://www.shibuhotel.com/english/,$$$,yamanouchi,18,,"Since 1935, a relaxed mid-range inn with communal, outdoor, and reservable private baths, renowned kaiseki dinner, and free stocked minibars.",,https://www.shibuhotel.com/english/ | https://www.expedia.com/Nagano-Hotels-Shibu-Hotel.h6128046.Hotel-Information | https://www.tripadvisor.com/Hotel_Review-g1117904-d1169097-Reviews-Shibu_Hotel-Yamanouchi_machi_Shimotakai_gun_Nagano_Prefecture_Koshinetsu_Chubu.html,private_only,shibu_onsen,ryokan,,https://www.shibuhotel.com/english/,yes
"2276 Hirao, Yamanouchi-machi, Shimotakai-gun, Nagano 381-0401",2 types of reservable private baths (outdoor and indoor) | Communal bath | Kuyu meguri key for all 9 public bathhouses | Kaiseki dinner with Shinshu wagyu beef (steak or sukiyaki plan) | Breakfast included | Yukata provided | Free parking,,,,,,http://www.ozawaya.com,,15:00,10:00,JP,,,,,,,,,,,20,,35,,,,,,40,,,,35,,no,ozawaya-ryokan,36.7482,138.4243,Ozawaya sits in the middle of Shibu Onsen's main street and is well-regarded for its Shinshu beef kaiseki — menus include Shinshu wagyu steak and Shinshu wagyu sukiyaki options as dedicated plan features. Two distinct private bath types (both exclusively rentable) give guests with tattoos a natural entry point; the tattooed-visitor community has flagged Ozawaya as one of the more accessible properties for private-bath use. Rooms are traditional Japanese style. The official website offers HP-limited pricing that undercuts OTA rates.,half_board,Ozawaya Ryokan,小澤屋旅館,Shiga Kogen,,both,,+81-269-33-2276,http://www.ozawaya.com,$$,yamanouchi,12,,Centrally located traditional ryokan offering two types of reservable private baths and signature Shinshu wagyu-centred kaiseki meals.,,http://www.ozawaya.com | https://www.tattoo-friendly.com/onsen/shibu-onsen/shibu-onsen-ozawaya | https://shibuonsen.net/stay/,private_only,shibu_onsen,ryokan,,http://www.ozawaya.com,yes
"Heion, Yamanouchi-machi, Shimotakai-gun, Nagano 381-0401",Communal onsen baths | Private onsen bookable for exclusive use (surcharge) | Kuyu meguri key for all 9 public bathhouses | Kaiseki dinner and breakfast included | Yukata provided,,,,,,https://shibuonsen.net/stay/,,15:00,10:00,JP,,,,,,,,,,,20,,35,,,,,,40,,,,35,,limited,shimaya-ryokan,36.748,138.4236,"Shimaya is one of those Shibu Onsen properties that gets recommended by travellers who value personal connection over polished luxury. Run by host Ichiro and his wife, the inn is small, traditional, and unhurried. The private onsen (shared in rotation but bookable for exclusive use at a surcharge) is the main draw for guests with tattoos — it's been specifically noted by tattooed visitors as having been welcoming when privacy was arranged in advance. The cobbled main street location places guests right in the heart of village life.",half_board,Shimaya Ryokan,志まや,Shiga Kogen,,both,,+81-269-33-2155,,$$,yamanouchi,8,,"A small, personally run inn known for its warm host Ichiro, private onsen access by reservation, and an atmosphere of quiet authenticity.",,https://www.littletranquility.com/little-tranquility/tattoo-friendly-onsen-in-nagano-japan | https://shibuonsen.net/stay/,private_only,shibu_onsen,ryokan,,https://shibuonsen.net/stay/,yes
"Heion, Yamanouchi-machi, Shimotakai-gun, Nagano 381-0401",Communal indoor onsen baths | Kuyu meguri key for all 9 public bathhouses | Kaiseki dinner and breakfast included | Yukata provided | Free parking,,,,,,https://shibuonsen.net/stay/,,15:00,10:00,JP,,,,,,,,,,,20,,35,,,,,,40,,,,35,,no,marukyo-ryokan,36.7478,138.4237,"Marukyo is one of the classic mid-scale ryokan that form the backbone of Shibu Onsen's lodging landscape. Fully traditional in layout — tatami rooms, communal baths, yukata walking culture — it offers a more affordable entry into the full kuyu meguri experience. Meals are home-style kaiseki using local ingredients; the inn is small enough that service feels personal. Situated along the main cobblestone street within easy walking of all nine public bathhouses.",half_board,Marukyo Ryokan,丸京旅館,Shiga Kogen,,public,,+81-269-33-2288,,$$,yamanouchi,10,,Traditional small ryokan in the heart of Shibu Onsen with classic tatami rooms and kuyu key access to the nine public bathhouses.,,https://shibuonsen.net/stay/,not_allowed,shibu_onsen,ryokan,,https://shibuonsen.net/stay/,yes
"Heion, Yamanouchi-machi, Shimotakai-gun, Nagano 381-0401",Communal indoor onsen baths | Kuyu meguri key for all 9 public bathhouses | Kaiseki dinner and breakfast included | Yukata provided,,,,,,https://shibuonsen.net/stay/,,15:00,10:00,JP,,,,,,,,,,,20,,35,,,,,,40,,,,35,,no,yumotoya-ryokan,36.7483,138.4234,"Yumotoya (literally 'inn at the hot spring source') is one of the traditional ryokan listed on the Shibu Onsen official registry. The name references the deep connection to the spring water — Shibu Onsen's waters are among the most mineral-rich in Nagano Prefecture, and properties like Yumotoya have been built around these sources for generations. Standard tatami rooms, communal baths, kuyu meguri key access, and half-board kaiseki follow the village template. Good choice for travellers seeking an affordable, unhurried stay without the premium of flagship properties.",half_board,Yumotoya Ryokan,湯本旅館,Shiga Kogen,,public,,+81-269-33-2224,,$$,yamanouchi,12,,A long-established Shibu ryokan taking its name from the hot spring source itself — 'Yumoto' means the root of the hot water.,,https://shibuonsen.net/stay/ | https://tabelog.com/nagano/S1/S73656/,not_allowed,shibu_onsen,ryokan,,https://shibuonsen.net/stay/,yes
"Heion, Yamanouchi-machi, Shimotakai-gun, Nagano 381-0401",Communal indoor onsen baths | Kuyu meguri key for all 9 public bathhouses | Kaiseki dinner and breakfast included | Yukata provided,,,,,,https://shibuonsen.net/stay/,,15:00,10:00,JP,,,,,,,,,,,20,,35,,,,,,40,,,,35,,no,wakaba-ryokan,36.7479,138.4232,"Wakaba is among the smaller ryokan in Shibu Onsen, consistently noted for staff warmth and cleanliness. The name means 'young leaves', apt for a property that has a fresh, unpretentious character within an old building. Standard tatami rooms, communal baths, kuyu meguri key, and half-board kaiseki follow the Shibu template. Not to be confused with Wakabaya Shoten, the gelato shop on the main street. Good option for couples or solo travellers wanting an intimate, manageable stay.",half_board,Wakaba Ryokan,若葉旅館,Shiga Kogen,,public,,+81-269-33-2299,,$$,yamanouchi,8,,Warmly rated small ryokan (4.7 on Ctrip) prized for attentive service; quiet and traditional in feel.,,https://m.ctrip.com/html5/hotel/hoteldetail/1676259.html | https://shibuonsen.net/stay/,not_allowed,shibu_onsen,ryokan,,https://shibuonsen.net/stay/,yes
"Upper Heion, Yamanouchi-machi, Shimotakai-gun, Nagano 381-0401",Communal indoor onsen baths | Kuyu meguri key for all 9 public bathhouses (steps from #9 Shibu-o-yu) | Kaiseki dinner and breakfast included | Yukata provided,,,,,,https://shibuonsen.net/stay/,,15:00,10:00,JP,,,,,,,,,,,20,,35,,,,,,40,,,,35,,no,onyado-hishiya-torazo,36.7485,138.4245,"Hishiya Torazo occupies a quiet corner of Shibu Onsen's upper end, neighbours with Shibu-o-yu (#9 bathhouse, the largest of the nine public baths). This positioning makes it ideal for guests who want to use the public baths frequently without long cobblestone walks in geta. Small, atmospheric, and traditional — the type of inn that defines what Shibu Onsen is. Baths and cooking are frequently praised in reviews. The name, with its tiger motif (torazo), gives the property a playful character.",half_board,Onyado Hishiya Torazo,御宿 ひしや寅蔵,Shiga Kogen,,both,,+81-269-33-2888,,$$,yamanouchi,8,,Tucked beside the #9 bathhouse at the top of the village — a serene oasis known for its well-regarded baths and traditional cuisine.,,https://whereandwander.com/the-complete-guide-to-shibu-onsen-and-the-nine-bathhouses/ | https://shibuonsen.net/stay/,not_allowed,shibu_onsen,ryokan,,https://shibuonsen.net/stay/,yes
"Heion, Yamanouchi-machi, Shimotakai-gun, Nagano 381-0401",1 private outdoor rotenburo garden onsen | 2 additional private indoor baths | Kuyu meguri key for all 9 public bathhouses | Breakfast served in-room (dinner available on request) | Yukata provided | Free station pickup and drop-off to monkey park | English spoken by owners | TV in rooms | Fridge in rooms,,,https://www.booking.com/hotel/jp/daimaru-ryokan.html,,,,,15:00,10:00,JP,,,,,,,,,,,20,,35,,,,,,40,,,,35,,yes,daymaruya-ryokan,36.7481,138.4239,"Daymaruya is a small, family-operated inn run by a husband and wife couple who have cultivated a devoted following among international visitors. They speak excellent English and handle pickup from Yudanaka Station, drop-off at the Jigokudani Monkey Park trailhead, and general logistics with remarkable care. The private outdoor onsen — set in a quiet garden — is the property's star attraction: guests have described it as 'magical' and worth staying for alone. Three in-house onsens total. Rooms look out over the onsen street and can accommodate families. Breakfast delivered to rooms is excellent. Rated 9.1 on Booking.com. Very popular; books out quickly in ski season.",breakfast,Daymaruya Ryokan,貸切露天の宿 大丸屋,Shiga Kogen,,both,,+81-269-33-2500,https://www.booking.com/hotel/jp/daimaru-ryokan.html,$$,yamanouchi,6,,"Owner-run budget gem with magical private outdoor onsen, husband-and-wife couple who speak excellent English and drive guests everywhere.",,https://www.booking.com/hotel/jp/daimaru-ryokan.html | https://www.tripadvisor.com/Hotel_Review-g1117904-d1238413-Reviews-Daimaruya-Yamanouchi_machi_Shimotakai_gun_Nagano_Prefecture_Koshinetsu_Chubu.html | https://asocialnomad.com/japan/shibu-onsen-ryokans/ | https://www.trip.com/hotels/yamanouchi-hotel-detail-705746/daymaruya-ryokan/,private_only,shibu_onsen,ryokan,,https://www.booking.com/hotel/jp/daimaru-ryokan.html,yes
"Yudanaka, Yamanouchi-machi, Shimotakai-gun, Nagano",Communal indoor onsen baths | Private outdoor onsen | Kaiseki dinner option | Buffet breakfast | Yukata provided | Free WiFi | Free parking | River views from public baths,,,,,https://www.jalan.net/en/japan_hotels_ryokan/Ryokan/Nagano_Ryokan/Shiga_KitaShiga_Yudanakashibu_Ryokan/Yudanaka_Shibu_Shiga_Kogen_Ryokan/aburaya_tousen/,https://www.aburaya-tousen.co.jp/en/,,15:00,10:00,JP,,,,,,,,,,,18,,30,,,,,,35,,,,30,,limited,aburaya-tousen,36.7443,138.4195,"Aburaya Tousen sits on the river between Yudanaka Onsen and Shibu Onsen, slightly outside the main village but sharing the same onsen water culture. The building overlooks the river and the resort town. Facilities include a communal bath, private outdoor bath, and a premium buffet breakfast. Rating of 4.7/5 on Jalan. Buffet breakfast and kaiseki dinner options available. It is one of the gateway-area ryokan popular with visitors to Shiga Kogen — the resort area ski drives are shorter from here than from the deepest part of Shibu village. Phone: 0269-33-3333.",half_board,Aburaya Tousen,油屋燈千,Shiga Kogen,,both,,+81-269-33-3333,https://www.aburaya-tousen.co.jp/en/,$$$,yamanouchi,22,,"An elegant riverside ryokan between Yudanaka and Shibu Onsen — river views, refined kaiseki, and a 10-minute drive from Shiga Highlands Roman Museum.",,https://www.aburaya-tousen.co.jp/en/ | https://www.jalan.net/en/japan_hotels_ryokan/Ryokan/Nagano_Ryokan/Shiga_KitaShiga_Yudanakashibu_Ryokan/Yudanaka_Shibu_Shiga_Kogen_Ryokan/aburaya_tousen/,unknown,shibu_onsen,ryokan,,https://www.aburaya-tousen.co.jp/en/,yes
"Heion, Yamanouchi-machi, Shimotakai-gun, Nagano 381-0401",Indoor and outdoor communal onsen baths | Private reservable onsen | Kuyu meguri key for all 9 public bathhouses | Kaiseki dinner and breakfast included | Yukata provided | Free station pickup | 2 restaurants on-site | Free WiFi,,,,,,https://shibuonsen.net/stay/,,15:00,10:00,JP,,,,,,,,,,,20,,35,,,,,,40,,,,35,,limited,wafu-no-yado-masuya,36.748,138.4241,"Masuya is consistently praised by international travellers as one of Shibu's most complete ryokan experiences: rooms (smaller than average but meticulously designed), kaiseki dinners that have been called 'one of the best', and staff who provide free rides to Yudanaka Station, assist with vegetarian requests, and generally ensure guests don't feel adrift. Both indoor and outdoor onsen baths, with private reservable options. Select rooms have exceptional mountain panoramas. Two on-site restaurants.",half_board,Wafu-no-Yado Masuya,和風の宿 ますや,Shiga Kogen,,both,,+81-269-33-2234,,$$$,yamanouchi,18,,"Beautifully decorated traditional ryokan with mountain-view rooms, excellent kaiseki, and notable warmth from staff who go the extra distance.",,https://asocialnomad.com/japan/shibu-onsen-ryokans/ | https://whereandwander.com/the-complete-guide-to-shibu-onsen-and-the-nine-bathhouses/,private_only,shibu_onsen,ryokan,,https://shibuonsen.net/stay/,yes
"Heion, Yamanouchi-machi, Shimotakai-gun, Nagano 381-0401",Communal indoor onsen baths | Kuyu meguri key for all 9 public bathhouses | Kaiseki dinner and breakfast included | Yukata provided,,,,,,https://shibuonsen.net/stay/,,15:00,10:00,JP,,,,,,,,,,,20,,35,,,,,,40,,,,35,,no,shiroganeya-ryokan,36.7479,138.4238,"Shiroganeya is one of the registered inns of Shibu Onsen that has drawn positive international visitor reviews for its traditional tatami rooms, genuine onsen atmosphere, and attentive hospitality. The name means 'silver house', a nod to the mercury-mineral clarity of the hot spring water. Like most Shibu properties it operates on a half-board kaiseki model with yukata walking culture built into the stay. Guests receive the kuyu meguri key on check-in.",half_board,Shiroganeya Ryokan,信州渋温泉 渋温泉白銀屋旅館,Shiga Kogen,,public,,+81-269-33-3006,,$$,yamanouchi,10,,"Traditional Shibu inn on the official registry, praised for authentic Japanese atmosphere in the heart of the cobblestone district.",,https://www.tripadvisor.com/ShowUserReviews-g1117904-d2697041-r647234863-Shiroganeya_Ryokan-Yamanouchi_machi_Shimotakai_gun_Nagano_Prefecture_Koshinetsu.html | https://shibuonsen.net/stay/,not_allowed,shibu_onsen,ryokan,,https://shibuonsen.net/stay/,yes
"Near Jigokudani trailhead, Yamanouchi-machi, Shimotakai-gun, Nagano","Private outdoor rotenburo (41°C, guest use) | Kuyu meguri key for all 9 public bathhouses | Kaiseki dinner on advance arrangement | Breakfast included | Yukata provided | Free station pickup | Complementary trailhead transfer | English translated info sheets in rooms",,,,,,https://shibuonsen.net/stay/,,15:00,10:00,JP,,,,,,,,,,,20,,35,,,,,,40,,,,35,,limited,minshuku-miyama,36.751,138.42,"Minshuku Miyama sits closer to the Jigokudani Monkey Park trailhead than the main Shibu Onsen street, making it a logical base for guests primarily visiting the snow monkeys. Run by a Japanese couple (man in his 60s, wife in the kitchen), the inn has a quietly beautiful outdoor rotenburo heated to 41°C, available to guests at no extra charge. Pre-translated information sheets in English are placed in rooms. The host drives guests from Yudanaka Station and offers a complementary transfer to the Jigokudani trailhead on departure. Kaiseki dinner with advance arrangement. This is simple, honest, Japan-at-home hospitality.",half_board,Minshuku Miyama,民宿みやま,Shiga Kogen,,both,,+81-269-33-4399,,$,yamanouchi,6,,"Quaint minshuku near the Jigokudani trailhead — the owner couple provides translated info sheets, station pickup, and heartfelt service.",,https://whereandwander.com/the-complete-guide-to-shibu-onsen-and-the-nine-bathhouses/,unknown,shibu_onsen,ryokan,,https://shibuonsen.net/stay/,yes
"Heion, Yamanouchi-machi, Shimotakai-gun, Nagano 381-0401",Communal indoor onsen baths | Kuyu meguri key for all 9 public bathhouses | Kaiseki dinner and breakfast included | Yukata provided,,,,,,https://shibuonsen.net/stay/,,15:00,10:00,JP,,,,,,,,,,,20,,35,,,,,,40,,,,35,,no,takamoto-ryokan,36.7478,138.4235,"Takamoto (多喜本) is a registered ryokan in Shibu Onsen that appears in the official accommodation listing by Shibu Onsen Tourism Association. Following the village template, it offers tatami rooms, communal hot spring baths, the kuyu meguri key for the nine public baths, and half-board kaiseki. The name incorporates characters for happiness (多 = many, 喜 = joy), reflecting the traditional naming philosophy of Shibu's inns. A mid-tier option for guests who want the full onsen village experience without the premium of the flagship properties.",half_board,Onyado Takamoto,御宿 多喜本,Shiga Kogen,,public,,+81-269-33-2244,,$$,yamanouchi,8,,"Traditional ryokan in the official Shibu registry — quiet, family-scale, serving the full kuyu meguri and kaiseki experience at moderate pricing.",,https://shibuonsen.net/stay/ | https://tabelog.com/nagano/S1/S73656/,not_allowed,shibu_onsen,ryokan,,https://shibuonsen.net/stay/,yes
"7078 Yomase, Yamanouchi-machi, Shimotakai-gun, Nagano 381-0405",natural hot spring (indoor + outdoor) | ski-in/ski-out | base centre on site | rental shop | lift ticket counter | convenience store (Y-Shop) | restaurant (La Mule) | karaoke room | souvenir shop | ski gear storage | coin laundry | free shuttle from Yudanaka Station | free Wi-Fi | yukata,,,,,,https://hotel-meiko.jp/,https://travel.rakuten.com/usa/en-us/hotel_info_item/cnt_japan/sub_nagano_prefecture/cty_yamanouchi_town/10123456880995,15:00,10:00,JP,,,,,,18,,,,,,20,,,35,,,,,,,0,0,,yes,hotel-meiko-yomase,36.7558,138.4032,"Hotel Meiko sits literally at the entrance to Mt. KOSHA Yomase Onsen ski resort: the resort's base centre 'Faro' is housed on the hotel's east side, with a rental shop, Yamazaki Y-Shop convenience store, coin lockers and lift-ticket counter. The 41-room hotel offers natural hot spring baths (Meisei-no-yu indoor daiyokujo and an outdoor bath with views over Zenkoji Plain), yukata, and full-board plans with a set-menu Japanese dinner and buffet breakfast. Restaurant La Mule also opens as a slope-side lunch spot in winter. Ski storage, coin laundry and free shuttles from Yudanaka Station are provided. The most operationally convenient base in Yomase.",half_board,Hotel Meiko (Yomase Rising Sun Hotel),よませライジングサンホテル ホテル明幸,Yomase Onsen Ski Resort (Mt. KOSHA),,both,,+81-269-33-1171,,$$,yamanouchi,41,,"Ski-in/ski-out hotel forming the base centre of Yomase Onsen ski resort — lift tickets, rentals and restaurants all on the ground floor.",,http://www.hotel-meiko.jp/en/index.php | https://travel.rakuten.com/usa/en-us/hotel_info_item/cnt_japan/sub_nagano_prefecture/cty_yamanouchi_town/10123456880995 | https://matcha-jp.com/en/16781,unknown,yomase,hotel,,https://hotel-meiko.jp/,yes
"6995 Yomase, Yamanouchi-machi, Shimotakai-gun, Nagano 381-0405","natural hot spring (indoor + outdoor) | private rotenburo (reservable) | sauna | restaurant | gift shop (local sake, soba, produce) | free parking | free Wi-Fi (lobby) | shuttle from Yudanaka Station | yukata | hair dryer | humidifier | ski/snowboard facilities nearby | day-trip onsen available",,,,,https://www.jalan.net/en/japan_hotels_ryokan/Ryokan/Nagano_Ryokan/Shiga_KitaShiga_Yudanakashibu_Ryokan/KitaShiga_Ryuo_Okushiga_Ryokan/hotel_selan/,http://www.hotel-selan.com,,15:00,10:00,JP,,,,,,18,,,,,,20,,,35,,,,,,,2,2,,limited,hotel-selan-yomase,36.7541,138.4021,"Hotel Selan stands at the foot of Mt. Takayashiro with sweeping views across Zenkoji Plain, the Northern Alps, and the Kita-Shiga Highlands — views good enough to earn the hotel's surroundings a place on Nagano's Sunset-Spot 100 list. The 60-room property (15 Japanese-style, 45 Japanese-Western mix) operates a large 24-hour indoor bath and two open-air baths (including a reservable private rotenburo). Meal plans feature Shinshu rustic cuisine — shabu-shabu with Miyuki pork, Shinshu premium beef, and seasonal local produce. Also functions as a day-trip onsen facility. Shuttle from Yudanaka Station available; basic English spoken at front desk.",half_board,Hotel Selan,よませ温泉 ホテルセラン,Yomase Onsen Ski Resort (Mt. KOSHA),,both,,+81-269-33-1111,,$$,yamanouchi,60,,"Panoramic-view onsen hotel 2 minutes' walk from Yomase ski resort, known for spectacular sunsets over Zenkoji Plain.",,http://www.hotel-selan.com/en/ | https://www.tripadvisor.com/Hotel_Review-g1117904-d1169006-Reviews-Hotel_Selan-Yamanouchi_machi_Shimotakai_gun_Nagano_Prefecture_Koshinetsu_Chubu.html | https://www.jalan.net/en/japan_hotels_ryokan/Ryokan/Nagano_Ryokan/Shiga_KitaShiga_Yudanakashibu_Ryokan/KitaShiga_Ryuo_Okushiga_Ryokan/hotel_selan/,unknown,yomase,hotel,,http://www.hotel-selan.com/en/,yes
"Yomase Onsen ski resort area, Yamanouchi-machi, Shimotakai-gun, Nagano 381-0405",natural hot spring (communal bath) | ski drying room | coin laundry (paid) | ski resort direct access | vending machines | free parking (30 spaces) | Wi-Fi | shuttle from Yudanaka Station (pre-book) | large tatami group room (24 mats) | summer BBQ garden,,,,,,http://www.cairn-yomase.com,https://travel.rakuten.co.jp/HOTEL/31256/31256.html,15:00,10:00,JP,,,,,,18,,,,,,20,,,35,,,,,,,0,0,,limited,resort-inn-cairn-yomase,36.7565,138.4045,"Resort Inn Cairn is a no-frills ski lodge positioned within the Yomase Onsen ski resort boundary, offering direct access to the slopes without a car. The 20 rooms are all Japanese-style tatami, non-smoking; futon self-service. Facilities are ski-practical: ski drying room, coin laundry, large communal bath (Yomase Onsen hot spring), vending machines and Wi-Fi throughout. The lodge caters to ski groups and is accessible by shuttle from Yudanaka Station (pre-booking required). Yukata not provided as standard but available on request from front desk.",breakfast,Resort Inn Cairn (Yomase Onsen),よませ温泉 リゾートイン・ケルン,Yomase Onsen Ski Resort (Mt. KOSHA),,public,,+81-269-33-8555,,$,yamanouchi,20,,"Compact 20-room ski lodge inside the Yomase ski area with communal hot-spring bath, ski drying room, and coin laundry.",,http://www.cairn-yomase.com | https://travel.rakuten.co.jp/HOTEL/31256/31256.html | https://epark.jp/shopinfo/rtt693486/,unknown,yomase,lodge,,http://www.cairn-yomase.com,no
"9186-2 Yomase, Yamanouchi-machi, Shimotakai-gun, Nagano 381-0405",communal bath (hot spring access) | outdoor rotenburo | ski drying room | free parking (7 cars) | Wi-Fi (all rooms) | ski gear storage | 3 min walk to X-JAM Takai Fuji lifts | 3 min walk to 7-Eleven | coin locker (¥200–300) | group/dorm rooms available,,,,,,,,15:00,10:00,JP,,,,,,18,,,,,,20,,,35,,,0,,,3,,0,,no,chateautel-kitashiga-yomase,36.7592,138.4068,"Chateautel Kitashiga is a compact Western-style pension-lodge in an old English manor aesthetic, squarely aimed at the Japanese student/young group ski market. The 'ski-yado' format is standard: shared baths (15:00–23:00), set dinner (Shinshu miso nabe all-you-can-eat, 60 minutes), and Japanese-Western set breakfast. Rooms range from twin/family to larger ski-team dorms (2–8 persons). Located 3 minutes' walk to X-JAM Takai Fuji lifts and 3 minutes to the Seven-Eleven. Wi-Fi throughout; free parking (7 cars). No yukata provided; bathrobe rental available (¥300). Often booked through Japanese ski-tour operators.",half_board,Chateautel Kitashiga,シャトーテル北志賀,X-JAM Takai Fuji,,public,,+81-269-33-7133,,$,yamanouchi,,,"Budget-friendly ski lodge 3 minutes' walk from X-JAM Takai Fuji, popular with student and young-group ski trips; all-you-can-eat Shinshu miso-nabe dinner.",,https://roadplan.net/hotels/chateautel-kitashiga/ | https://www.orion-ski.jp/tourtype/hotels/show/262543?gelande_code=146&tour_type=2,unknown,yomase,lodge,,,no
"11494 Yomase, Yamanouchi-machi, Shimotakai-gun, Nagano 381-0405",ski-in/ski-out (Komaruyama) | bar/lounge | ski rentals | ski school | free parking | free Wi-Fi | vending machines | laundry service | group/large-party facilities,,,https://kitashiga-grand-west.yamanouchihotels24.com/en/,,,,,15:00,10:00,JP,,,,,,0,,,,,,15,,,30,,,5,,,8,,0,,yes,kitashiga-grand-hotel-yomase,36.7648,138.4101,"Kitashiga Grand Hotel is the largest property in the upper Yomase/Kita-Shiga area at 110 rooms, positioned zero-minutes' walk from the Kitashiga Komaruyama ski area lifts. Its size and layout make it the default choice for large Japanese ski-club groups, schools, and corporate parties looking for an all-in package. Rooms are functional and dated but spacious; TripAdvisor reviewers note good value for ski-focused guests. Amenities include a bar/lounge, free parking, ski rentals and ski school on site. English, Japanese and Korean are spoken. Reviews are mixed on service and room quality, but value for ski access is consistently praised.",half_board,Kitashiga Grand Hotel,北志賀グランドホテル,Kita-Shiga Komaruyama Ski Area,,none,,+81-269-33-6621,,$,yamanouchi,110,,Large 110-room ski-in/ski-out budget hotel at the foot of Kitashiga Komaruyama ski area; catering to groups and ski clubs.,,https://www.tripadvisor.com/Hotel_Review-g1117904-d1440192-Reviews-Kitashiga_Grand_Hotel-Yamanouchi_machi_Shimotakai_gun_Nagano_Prefecture_Koshinetsu_Ch.html | https://www.trip.com/hotels/yamanouchi-hotel-detail-12590571/kitashiga-grand-hotel-and-west/,unknown,yomase,hotel,,,unknown
"11700-103 Yomase, Yamanouchi-machi, Shimotakai-gun, Nagano 381-0405",two on-site restaurants (Yamanomi soba + Holiday Inn Dining) | ski access (Ryuoo Ski Park nearby) | free parking | Wi-Fi | family rooms,,,https://www.booking.com/hotel/jp/kitashiga-holiday-inn.ja.html,,,https://hdayi.com,,15:00,10:00,JP,,,,,,10,,,,,,5,,,30,,,12,,,15,,5,,limited,kitashiga-holiday-inn-yomase,36.7682,138.4128,"Kitashiga Holiday Inn is situated in the upper Kita-Shiga part of the Yomase area, close to Ryuoo Ski Park. The hotel houses two restaurants: 'Yamanomi' (石臼挽き蕎麦香房 山の実 / Tabelog Award winner, soba) and 'Holiday Inn Dining' — the soba restaurant is open to non-guests in summer/autumn and operates as a winter slope-side dining room. Rooms include twin and family types. Reviewers report rooms as basic but clean; the ski access and meal quality are cited as highlights. The hotel is a quieter, more remote option than properties near the lower Yomase base.",half_board,Kitashiga Holiday Inn,北志賀ホリデーイン,Ryuoo Ski Park / Kita-Shiga,,none,,+81-269-33-7171,,$$,yamanouchi,,,Mid-size ski hotel at Kitashiga (Ryuoo Ski Park area) with two on-site restaurants including the acclaimed 'Yamanomi' soba dining room.,,https://www.booking.com/hotel/jp/kitashiga-holiday-inn.ja.html | https://www.trip.com/hotels/yamanouchi-hotel-detail-10109109/kitashiga-holiday-inn/ | https://www.tripadvisor.jp/Hotel_Review-g1117904-d1170117-Reviews-Kitashiga_Holiday_Inn,unknown,yomase,hotel,,https://hdayi.com,unknown
"Kita-Shiga Kogen Yomase Onsen, Yamanouchi-machi, Shimotakai-gun, Nagano 381-0405","natural hot spring (human + dog rotenburo) | dog run | dog agility course | pet-friendly restaurant and lounge | 24-hour onsen access | owner-chef dinner (Shinshu beef, seasonal local produce) | cork flooring (dog-friendly) | ski access nearby",,,,,,https://paddington-house.com,,15:00,10:00,JP,,,,,,18,,,,,,20,,,35,,,,,,,5,5,,limited,paddington-house-yomase,36.7548,138.4038,"Paddington House is a distinctive property in the Yomase area: an Old England-styled petit hotel that allows guests to stay with dogs and cats, complete with a dedicated canine open-air hot spring (100% natural Yomase Onsen, 24-hour access), a dog run, agility course, and a lounge and restaurant that are pet-welcoming. Human guests enjoy the same natural alkaline single-spring onsen. The owner-chef prepares creative dinners using local seasonal produce and Shinshu beef. Given its niche focus, it attracts a different demographic than most ski lodges in the area — though ski access to Yomase and X-JAM is still within a short drive.",half_board,Petit Hotel Paddington House,ペットと泊まれる温泉 プチホテル パディントンハウス,Yomase Onsen Ski Resort (Mt. KOSHA),,both,,+81-269-33-5522,,$$$,yamanouchi,,,"Old-England-styled pet-friendly onsen hotel in Yomase — notable for a dedicated dog rotenburo, dog run, and owner-chef's seasonal menu.",,https://paddington-house.com | https://www.tocoo.jp/spot/155,unknown,yomase,hotel,,https://paddington-house.com,unknown
"12377-26 Yomase, Yamanouchi-machi, Shimotakai-gun, Nagano 381-0405","ski-in access (2-min walk to lifts) | wax and drying room | floor heating in all rooms | washlet toilets | shared bath (gender separated, 15:00–22:00 + 6:00–8:00) | piano (Schvester) | self-service kitchen (kettle, fridge, microwave) | washing machine (¥300) | outdoor deck + tree tent + slack lines | creative dinner with local sake/beer pairings",,,,,,https://okushigatesoro.com,,16:00,10:00,JP,,,,,,,2,,,,,20,,,20,,,,,,,25,2,,limited,tesoro-okushiga-yomase,36.784,138.4289,"Tesoro is a small, thoughtfully run guesthouse at the highest point of the Yomase postal area (Okushiga Kogen, 1,500 m), operated by a family who prioritise ingredients from North Shinano farmers and a genuine guesthouse atmosphere. Dinner menus combine Japanese, Western, and Chinese techniques with local vegetables, Shiga Kogen Beer, regional sake, and an impressive whisky/wine list. The nine rooms (six western, one Japanese, two with private bathroom) all have floor heating and washlet toilets. The wax/drying room is equipped with a wax table. Lift access is a 2-minute walk via a dedicated walkway. The address is technically in the Yomase postcode but the accommodation is closer to Okushiga Kogen ski area and is relevant for guests wanting upper-mountain access.",half_board,Guest House Tesoro Okushiga,自然と繋がる小さな宿 テゾーロ奥志賀,Okushiga Kogen Ski Area / Shiga Kogen,,none,,+81-269-34-2751,,$$$,yamanouchi,9,,"Intimate 9-room guesthouse at 1,500 m altitude with creative farm-to-table dinners, floor heating, and a dedicated wax room; 2-minute walk to ski lifts.",,https://okushigatesoro.com/english/,unknown,yomase,hostel,,https://okushigatesoro.com,no
"7055 Yomase, Yamanouchi-machi, Shimotakai-gun, Nagano 381-0405",natural hot spring (indoor + private rotenburo 'Sakura-no-yu') | panoramic lounge (night-view over Zenkoji Plain) | ski/snowboard rentals | free parking | Wi-Fi,,,,,,,,15:00,10:00,JP,,,,,,18,,,,,,20,,,35,,,,,,,3,3,,no,hotel-cascade-kitashiga-yomase,36.7545,138.4028,"Hotel Cascade is a mid-size property in the central Yomase area with a well-regarded lounge offering views over the Zenkoji Plain at night — a highlight cited in local reviews. It operates a natural hot-spring onsen (sources confirm 100% natural water at ~100°C), a large communal bath ('Shiga-no-yu'), private rental bath ('Sakura-no-yu'), and shared external baths (Oyu, Kakke-no-yu, Heiwa-no-yu) nearby. Ski and board rentals are available. The property is at a similar price point to Hotel Selan and appeals to guests seeking slightly quieter surroundings while keeping easy access to Yomase Onsen ski area.",half_board,Hotel Cascade Kitashiga,北志賀高原 ホテルカスケード,Yomase Onsen Ski Resort (Mt. KOSHA),,both,,,,$$,yamanouchi,,,Smaller Yomase hotel with panoramic lounge views of the night scene over Zenkoji Plain; hot spring onsen on site.,,https://www.tocoo.jp/spot/155,unknown,yomase,hotel,,,unknown
