"exclusion_group","record_id","workbook_no","name","name_ja","prefecture","municipality","travel_region","base_town","review_status","missing_essentials","official_url","status_evidence_url","evidence_as_of","review_notes"
"unclear_status_pending_authoritative_evidence","workbook:327","327","Yokote Park","","Akita","Yokote","","","unclear","missing_japanese_name; missing_official_url","","","2026-08-26","No authoritative current or recent season evidence was located.

Pass 4: Fourth pass searched Yokote municipal facility, council and education-committee material for 横手公園スキー場 and 廃止. A third-party page claims abolition, but no primary municipal abolition notice or current facility register identifying this row was located."
"unclear_status_pending_authoritative_evidence","workbook:383","383","Omagari","","Akita","Daisen","","","unclear","missing_coordinates; missing_japanese_name; missing_official_url","","","2026-08-26","No authoritative current-season evidence was located; this row was not silently equated with nearby Ohdai.

Pass 4: A 2026 local-news report says Daisen City Council passed abolition of Oomagari Family Ski Area, but the fourth pass did not locate the underlying city ordinance, council record, or operator closure notice. It is therefore discovery only under the evidence rule."
"unclear_status_pending_authoritative_evidence","workbook:429","429","Gojome Koiji","","Akita","Daisen","","","unclear","missing_coordinates; missing_defensible_elevation; missing_japanese_name; missing_official_url","","","2026-08-26","No authoritative current-season evidence was located; the intake's Daisen municipality conflicts with the Gojome name.

Pass 4: Fourth pass searched Gojome Town facility, budget and notice pages for 五城目恋地スキー場 plus 廃止・閉鎖・休止. No authoritative current-status record was found."
"unclear_status_pending_authoritative_evidence","workbook:432","432","Oyasu Onsen","","Akita","Higashinaruse","","","unclear","missing_coordinates; missing_defensible_elevation; missing_japanese_name; missing_official_url","","","2026-08-26","No authoritative current-season operating evidence or defensible merger target was located.

Pass 4: Fourth pass searched Yuzawa City records and operator sources for 小安温泉スキー場 and 秋ノ宮スキー場. No official document resolved this row's identity, operation, closure, or relationship to workbook:528."
"unclear_status_pending_authoritative_evidence","workbook:527","527","Moriyoshiyama Moriyoshi","","Akita","Kitaakita","","","unclear","missing_coordinates; missing_defensible_elevation; missing_japanese_name; missing_official_url","","","2026-08-26","No authoritative current-season evidence or defensible relationship to Ani Ski Area was established.

Pass 4: Kitaakita City's 2026 records identify the operating 森吉山阿仁スキー場, but no official document identifies 森吉山森吉スキー場 as either that same facility or a separate current/closed facility."
"unclear_status_pending_authoritative_evidence","workbook:528","528","Akinomiya – Ogachi","","Akita","Yuzawa","","","unclear","missing_coordinates; missing_defensible_elevation; missing_japanese_name; missing_official_url","","","2026-08-26","No authoritative current-season operating evidence was located.

Pass 4: Fourth pass searched Yuzawa City sports, tourism and budget notices for 秋ノ宮スキー場. No primary operation, closure, merger or facility-register evidence was found."
"unclear_status_pending_authoritative_evidence","workbook:437","437","Tohoh","","Aomori","Hiranai","","","unclear","missing_coordinates; missing_defensible_elevation; missing_japanese_name","https://www.hotel-bismarck.com/?utm_source=Skiresort_de&utm_medium=cpc&utm_campaign=Skiresort_de","","2026-08-26","No authoritative current-season evidence or confident entity resolution was located.

Pass 4: Fourth pass searched Hiranai Town facility registers, budgets and notices for 東方スキー場. No authoritative source resolved the romanized intake name or a ski-facility status."
"verified_operating_missing_essentials","workbook:454","454","Soyumura 229 Ski Land","創遊村229スキーランド","Aomori","Hachinohe","aomori-regional","aomori-regional-hachinohe","verified_operating","missing_defensible_elevation","https://www.town.takko.lg.jp/index.cfm/11,0,37,164,html","https://www.town.takko.lg.jp/index.cfm/11,0,37,164,html","2026-08-26","No authoritative current-season evidence or confident municipality match was located."
"verified_operating_missing_essentials","workbook:455","455","Soma Romantopia Ski Area","そうまロマントピアスキー場","Aomori","Soma","aomori-regional","aomori-regional-hirosaki","verified_operating","missing_coordinates; missing_defensible_elevation","https://www.hyakuzawa-ski.com/soma.html","https://www.hyakuzawa-ski.com/5831.html","2026-08-26","The current ski-area operator site explicitly records completion of the 2025-26 season on 8 March 2026. Soma is a former locality now associated with Hirosaki."
"unclear_status_pending_authoritative_evidence","workbook:494","494","Iwakiyama","","Aomori","Hirakawa","","","unclear","missing_coordinates; missing_japanese_name; missing_official_url","","","2026-08-26","The generic name could overlap Mount Iwaki-area resorts, but it was not defensibly matched to workbook:20 or workbook:204. No merge is asserted.

Pass 4: Fourth pass searched Hirosaki and Hirakawa municipal records for 岩木山スキー場. The generic row cannot be assigned to a particular official Mount Iwaki operator without over-merging."
"unclear_status_pending_authoritative_evidence","workbook:22","22","JAM Fukui Katsuyama Mountain Resort","スキージャム勝山","Fukui","Katsuyama","","","unclear","","https://jamresort.jp/","https://www.japan47go.travel/en/detail/8ca355f7-05d9-4459-88cc-7e8ed7db86e6","2026-08-26","Current government-linked Japan 47 Go record gives explicit 2025-26 dates.

Pass 4: searched municipal facility registers, council/budget notices, operator-company pages, ticket/lift calendars and Japanese terms 廃止/閉鎖/休止/営業終了/統合. Pass 3: checked the operator/municipal source where available and searched Japanese facility name with 2025-26, 営業, 休業, 廃止, 閉鎖. Downgraded after source audit: the generic government-linked directory is not an operator status channel, and no operator or municipal 2026-27 operating notice was located. No additional dated authoritative notice established operation, closure, merger, or rename; generic directories were not relied upon."
"unclear_status_pending_authoritative_evidence","workbook:92","92","Fukui Izumi Ski Resort","福井和泉スキー場","Fukui","Fukui","","","unclear","","https://www.fukuiizumi.com/","https://www.japan47go.travel/en/detail/13831721-0626-4654-a59d-70ebc5472133","2026-08-26","Current government-linked Japan 47 Go record gives explicit 2025-26 dates; intake municipality “Fukui” is inconsistent.

Pass 4: searched municipal facility registers, council/budget notices, operator-company pages, ticket/lift calendars and Japanese terms 廃止/閉鎖/休止/営業終了/統合. Pass 3: checked the operator/municipal source where available and searched Japanese facility name with 2025-26, 営業, 休業, 廃止, 閉鎖. Downgraded after source audit: 2026-27 season-pass sales do not establish operation, and no explicit operator operating notice was located. No additional dated authoritative notice established operation, closure, merger, or rename; generic directories were not relied upon."
"unclear_status_pending_authoritative_evidence","workbook:219","219","Kuzuryu Ski Resort","九頭竜スキー場","Fukui","Ono","","","unclear","","https://www.kuzuryu-skiland.com/","https://www.fuku-e.com/en/attractions/detail_1297.html","2026-08-26","Fukui Prefecture’s official tourism guide maintains current operating hours and operator contact.

Pass 4: searched municipal facility registers, council/budget notices, operator-company pages, ticket/lift calendars and Japanese terms 廃止/閉鎖/休止/営業終了/統合. Pass 3: checked the operator/municipal source where available and searched Japanese facility name with 2025-26, 営業, 休業, 廃止, 閉鎖. Downgraded after source audit: generic tourism-guide hours do not establish a current season, and no operator or municipal 2026-27 operating notice was located. No additional dated authoritative notice established operation, closure, merger, or rename; generic directories were not relied upon."
"unclear_status_pending_authoritative_evidence","workbook:304","304","Shinbo Family Ski Resort","新保ファミリースキー場","Fukui","Takefu","","","unclear","","https://www.hotel-bismarck.com/?utm_source=Skiresort_de&utm_medium=cpc&utm_campaign=Skiresort_de","https://www.japan47go.travel/en/detail/5fbdf372-7bb0-4538-880f-e07148934fa0","2026-08-26","Recently updated government-linked tourism record supports continuing seasonal operation; intake municipality “Takefu” is inconsistent.

Pass 4: searched municipal facility registers, council/budget notices, operator-company pages, ticket/lift calendars and Japanese terms 廃止/閉鎖/休止/営業終了/統合. Pass 3: checked the operator/municipal source where available and searched Japanese facility name with 2025-26, 営業, 休業, 廃止, 閉鎖. Downgraded after source audit: the generic government-linked directory does not establish a current season, and the operator site showed only 2025-26 material. No additional dated authoritative notice established operation, closure, merger, or rename; generic directories were not relied upon."
"unclear_status_pending_authoritative_evidence","workbook:473","473","Moriyama Kogen","","Fukui","Obama","","","unclear","missing_coordinates; missing_defensible_elevation; missing_japanese_name; missing_official_url","","","2026-08-26","No current/recent official season calendar or explicit official closure statement was located. Historical and third-party directory claims were not accepted as operating-status proof.

Pass 4: searched municipal facility registers, council/budget notices, operator-company pages, ticket/lift calendars and Japanese terms 廃止/閉鎖/休止/営業終了/統合. Pass 3: checked the operator/municipal source where available and searched Japanese facility name with 2025-26, 営業, 休業, 廃止, 閉鎖. Searched 森山高原スキー場 + 営業終了/閉鎖 and Obama/Fukui municipal sources; no current authoritative status statement found. No additional dated authoritative notice established operation, closure, merger, or rename; generic directories were not relied upon."
"unclear_status_pending_authoritative_evidence","workbook:309","309","Aizu Bange Choei","","Fukushima","Aizubange","","","unclear","missing_coordinates; missing_japanese_name; missing_official_url","","","2026-08-26","No current Aizubange municipal operation page or explicit municipal closure decision was located. Historical third-party pages were not treated as proof.

Pass 4: Fourth pass searched Aizubange Town facility, council and budget records for 会津坂下町営スキー場. No authoritative status notice was found."
"unclear_status_pending_authoritative_evidence","workbook:326","326","Yokomuki Onsen","横向温泉スキー場","Fukushima","Minamiaizu","","","unclear","missing_official_url","","","2026-08-26","No maintained operator or municipal ski page was found. The existence of accommodation at Yokomuki Onsen is not operating-status evidence for a ski area.

Pass 4: Fourth pass searched municipal and operator sources for 横向温泉スキー場. The sources found concern accommodation, not an evidenced ski-area operation, closure, or merger."
"unclear_status_pending_authoritative_evidence","workbook:448","448","Showa Sonei","","Fukushima","Mishima","","","unclear","missing_coordinates; missing_defensible_elevation; missing_japanese_name; missing_official_url","","","2026-08-26","No current Showa Village municipal operating calendar was located; third-party forecast pages were not accepted as status proof.

Pass 4: Fourth pass searched Showa Village facility registers and education/sports notices for 昭和村営スキー場. Ski-club lessons at other facilities do not establish this row's facility status."
"unclear_status_pending_authoritative_evidence","workbook:453","453","Shirakawa Kogen","","Fukushima","Nishi-Shirakawa","","","unclear","missing_coordinates; missing_defensible_elevation; missing_japanese_name; missing_official_url","","","2026-08-26","The name is not sufficient to connect this intake row to a maintained official operator or municipal ski page.

Pass 4: Fourth pass searched Shirakawa-area municipal records for 白河高原スキー場, including closure and facility-register terms. No official source resolved the entity."
"unclear_status_pending_authoritative_evidence","workbook:547","547","Kitakatashi Gobuichi","","Fukushima","Kitakata","","","unclear","missing_coordinates; missing_defensible_elevation; missing_japanese_name; missing_official_url","","","2026-08-26","Multiple historical directories say Gobuichi closed in 2001, but the required official operator or municipal evidence was not found; conservatively left unclear.

Pass 4: Fourth pass searched Kitakata City facility, council and archive material for 五分一スキー場. Historical directory closure statements remain insufficient without an official record."
"unclear_status_pending_authoritative_evidence","workbook:258","258","Motai","母袋温泉スキー場","Gifu","Gero","","","unclear","","https://www.outdoor-in-motai.com/%E3%82%B9%E3%82%AD%E3%83%BC%E5%A0%B4","","2026-08-26","The operator facility page describes the ski area but gives no dated season status; the only 2025-26 claim found was on a generic tourism directory.

Pass 4: Rechecked operator facility pages and Gifu/Gujo public sources; no dated operator, municipal, or facility-register ski status was found."
"unclear_status_pending_authoritative_evidence","workbook:282","282","Hida Highland","","Gifu","Hida","","","unclear","missing_japanese_name; missing_official_url","","","2026-08-26","No current official operating-status evidence located; intake municipality may also need correction.

Pass 4: Rechecked Hida municipal registers, PDFs, and closure terms; no authoritative facility identity or status record was found."
"unclear_status_pending_authoritative_evidence","workbook:325","325","Itoshiro","","Gifu","Gujo","","","unclear","missing_japanese_name; missing_official_url","","","2026-08-26","No current official evidence located for a separate ski area under this name.

Pass 4: Rechecked Itoshiro variants against municipal facility records and closure notices; no exact authoritative ski-area identity was found."
"unclear_status_pending_authoritative_evidence","workbook:378","378","Youland – Sakauchi","","Gifu","Ibigawa","","","unclear","missing_japanese_name; missing_official_url","","","2026-08-26","Only non-official historical evidence of discontinued operation was located; official closure proof was not found.

Pass 4: Rechecked Ibigawa/Sakauchi municipal sources and closure terminology; no official discontinued-operation notice was located."
"unclear_status_pending_authoritative_evidence","workbook:431","431","Isshiki Kokusai","","Gifu","Gujo","","","unclear","missing_coordinates; missing_japanese_name; missing_official_url","","","2026-08-26","No current official operating-status or closure evidence located.

Pass 4: Rechecked Gifu municipal facility registers and closure terms for Isshiki Kokusai; no authoritative status record was found."
"unclear_status_pending_authoritative_evidence","workbook:497","497","Shirakigamine","","Gifu","Shirakawa","","","unclear","missing_coordinates; missing_defensible_elevation; missing_japanese_name; missing_official_url","","","2026-08-26","No current official operating-status or closure evidence located.

Pass 4: Rechecked municipal sports/facility sources and closure terms for Shirakigamine; no authoritative status evidence was found."
"unclear_status_pending_authoritative_evidence","workbook:509","509","Nigorigo Onsen","","Gifu","Shirakawa","","","unclear","missing_coordinates; missing_defensible_elevation; missing_japanese_name; missing_official_url","","","2026-08-26","No current official operating-status or closure evidence located.

Pass 4: Rechecked Takayama/Gero public records and operator-calendar terms for Nigorigo; no dated ski operation or closure notice was found."
"unclear_status_pending_authoritative_evidence","workbook:533","533","Hidanorikura Pentapia Snow World","","Gifu","Takayama","","","unclear","missing_coordinates; missing_defensible_elevation; missing_japanese_name; missing_official_url","","","2026-08-26","No current official operating-status or closure evidence located.

Pass 4: Rechecked Takayama municipal sources and operator/trail-map terms; no authoritative current or closure status was found."
"unclear_status_pending_authoritative_evidence","workbook:539","539","Kasuga Chojadaira","","Gifu","Gujo","","","unclear","missing_coordinates; missing_defensible_elevation; missing_japanese_name; missing_official_url","","","2026-08-26","Only non-official historical closure references were located; official closure evidence was not found.

Pass 4: Rechecked Gifu public records and closure terms for Kasuga Chojadaira; no official closure notice was located."
"unclear_status_pending_authoritative_evidence","workbook:543","543","Shirotori Snow Resort","","Gifu","Gujo","","","unclear","missing_coordinates; missing_defensible_elevation; missing_japanese_name; missing_official_url","","","2026-08-26","Name may refer to a former or alternate Shiratori-area facility, but a defensible identity match was not established.

Pass 4: Rechecked Shiratori-area municipal records and operator-company sources; no exact identity match supports a status decision."
"unclear_status_pending_authoritative_evidence","workbook:522","522","Hotaka Olympia","","Gunma","Minakami","","","unclear","missing_coordinates; missing_japanese_name; missing_official_url","","","2026-08-26","Historical sources report closure in 2001; no official source found in this review, and it must not be confused with operating Ogna Hotaka.

Pass 4: Rechecked Numata/Gunma public records and closure terms while distinguishing Ogna Hotaka; no official closure notice for Hotaka Olympia was found."
"unclear_status_pending_authoritative_evidence","workbook:316","316","Geihoku Kokusai","芸北国際スキー場","Hiroshima","Kitahiroshima","","","unclear","","https://www.facebook.com/geihokukokusai/","","2026-08-26","No accessible official current-season evidence was found. A social profile alone is insufficient to determine whether the ski area is operating or closed.

Pass 4: Rechecked operator-company and municipal sources plus season/ticket terms; no accessible dated official operation notice was found."
"unclear_status_pending_authoritative_evidence","workbook:347","347","Snow Resort Nekoyama","スノーリゾート猫山","Hiroshima","Akitakata","","","unclear","","http://nekoyama.net/win/","","2026-08-26","The candidate winter URL did not yield current/recent official operating evidence in search; no status conclusion was drawn.

Pass 4: Rechecked Nekoyama operator/calendar sources and municipal material; no qualifying dated operation notice was found."
"unclear_status_pending_authoritative_evidence","workbook:374","374","Ringo Kyowakoku","","Hiroshima","Akitakata","","","unclear","missing_japanese_name; missing_official_url","","","2026-08-26","No operator website or municipal current-season operating notice was found for the conditionally opened facility.

Pass 4: Rechecked Hiroshima municipal sports/facility records and closure terms; no authoritative status evidence was found."
"unclear_status_pending_authoritative_evidence","workbook:465","465","Kyukamura Azumayama","","Hiroshima","Kitahiroshima","","","unclear","missing_coordinates; missing_defensible_elevation; missing_japanese_name; missing_official_url","","","2026-08-26","No current official lift, ticket, calendar, or explicit closure source was captured.

Pass 4: Rechecked Kyukamura and Shobara public materials, trail/lift terms, and closure notices; no authoritative ski status was found."
"unclear_status_pending_authoritative_evidence","workbook:482","482","Takano Kogen","","Hiroshima","Akitakata","","","unclear","missing_coordinates; missing_defensible_elevation; missing_japanese_name; missing_official_url","","","2026-08-26","No authoritative current operating or closure evidence was found; the intake municipality assignment is not reliable enough to resolve identity.

Pass 4: Rechecked Hiroshima municipal sport-facility registers and closure terms; no authoritative exact-identity or status evidence was found."
"unclear_status_pending_authoritative_evidence","workbook:517","517","Takaobara","","Hiroshima","Akitakata","","","unclear","missing_coordinates; missing_defensible_elevation; missing_japanese_name; missing_official_url","","","2026-08-26","Historical third-party material suggests closure, but no official/operator or municipal closure source was captured, so status remains unclear.

Pass 4: Rechecked Hiroshima municipal records and official closure terminology for Takaobara; no authoritative exact-identity closure source was found."
"unclear_status_pending_authoritative_evidence","workbook:536","536","Shinnyuzan Ikoinomura","","Hiroshima","Kitahiroshima","","","unclear","missing_coordinates; missing_defensible_elevation; missing_japanese_name","https://www.hotel-bismarck.com/?utm_source=Skiresort_de&utm_medium=cpc&utm_campaign=Skiresort_de","","2026-08-26","No authoritative current ski operation or closure evidence was found; the source candidate URL is unrelated.

Pass 4: Rechecked Hiroshima municipal facility/council sources and closure terms; no authoritative ski-operation or closure record was found."
"unclear_status_pending_authoritative_evidence","workbook:537","537","Samubiki Ski Park","","Hiroshima","Akitakata","","","unclear","missing_coordinates; missing_defensible_elevation; missing_japanese_name; missing_official_url","","","2026-08-26","Historical third-party material suggests this may be Ski Park Kanbiki and closed, but no authoritative exact-identity/closure source was captured.

Pass 4: Rechecked Hiroshima municipal sources and Kanbiki identity/closure variants; no authoritative exact-identity closure source was found."
"unclear_status_pending_authoritative_evidence","workbook:558","558","Mominoki Shinrin Koen","","Hiroshima","Miyoshi","","","unclear","missing_coordinates; missing_defensible_elevation; missing_japanese_name","https://mominoki-shinrinkoen.jp/","https://mominoki-shinrinkoen.jp/","2026-08-26","The park's official site is current, but no evidence of current lift-served ski-area operation was captured; park operation is not ski-area operation. Intake Miyoshi assignment is questionable.

Pass 4: Rechecked Mominoki park operator and Hiroshima public facility sources; park operation does not establish lift-served skiing and no ski-status notice was found."
"unclear_status_pending_authoritative_evidence","workbook:163","163","Daisetsuzan Asahidake Ropeway Ski Course","旭岳スキーコース","Hokkaido","Higashikawa","","","unclear","","http://asahidake.hokkaido.jp/","https://www.welcome-higashikawa.jp/%e3%80%90%e3%81%8a%e7%9f%a5%e3%82%89%e3%81%9b%e3%80%91%e6%97%ad%e5%b2%b3%e3%83%ad%e3%83%bc%e3%83%97%e3%82%a6%e3%82%a7%e3%82%a4%e3%80%8012%e6%9c%8811%e6%97%a5%ef%bc%88%e6%9c%a8%ef%bc%89%e3%82%88/","2026-08-26","Candidate official URL found, but no sufficiently current operating-status statement was confirmed.

Pass 4: Higashikawa's official tourism guide explicitly announces winter 2025-26 ropeway resumption and groomed ski-course use; no 2026-27 notice was located."
"verified_operating_missing_essentials","workbook:1a","1a","Niseko Tokyu Grand HIRAFU","ニセコ東急 グラン・ヒラフ","Hokkaido","Kutchan","niseko","kutchan","verified_operating","missing_coordinates; missing_defensible_elevation","https://www.grand-hirafu.jp/","https://www.niseko.ne.jp/en/lift/","2026-08-26","Official current/recent-season evidence supports continued operation."
"verified_operating_missing_essentials","workbook:1b","1b","Niseko Village Ski Resort","ニセコビレッジスキーリゾート","Hokkaido","Niseko","niseko","grand-hirafu","verified_operating","missing_coordinates; missing_defensible_elevation","https://www.niseko-village.com/","https://www.niseko.ne.jp/en/lift/","2026-08-26","Official current/recent-season evidence supports continued operation."
"verified_operating_missing_essentials","workbook:1c","1c","Niseko Annupuri International Ski Area","ニセコアンヌプリ国際スキー場","Hokkaido","Niseko","niseko","grand-hirafu","verified_operating","missing_coordinates; missing_defensible_elevation","https://annupuri.info/","https://www.niseko.ne.jp/en/lift/","2026-08-26","Official current/recent-season evidence supports continued operation."
"verified_operating_missing_essentials","workbook:1d","1d","Niseko Hanazono Resort","ニセコHANAZONOリゾート","Hokkaido","Kutchan","niseko","kutchan","verified_operating","missing_coordinates; missing_defensible_elevation","https://hanazononiseko.com/","https://www.niseko.ne.jp/en/lift/","2026-08-26","Official current/recent-season evidence supports continued operation."
"unclear_status_pending_authoritative_evidence","workbook:238","238","Shibetsu Municipal Kanayama Ski Area","標津町営金山スキー場","Hokkaido","Suttsu","","","unclear","missing_official_url","","","2026-08-26","No authoritative current operating-status source was confirmed; third-party evidence was not accepted.

Pass 4: Searched the municipal facility name with 標津町, 令和8年, 営業, 休止, 廃止, and council/register terms. No dated primary-source operating or closure notice was retained."
"unclear_status_pending_authoritative_evidence","workbook:244","244","Katsurazawa Kokusetsu Ski Area","桂沢国設スキー場","Hokkaido","Kamikawa","","","unclear","","https://www.hotel-bismarck.com/?utm_source=Skiresort_de&utm_medium=cpc&utm_campaign=Skiresort_de","","2026-08-26","No authoritative current operating-status source was confirmed; third-party evidence was not accepted.

Pass 4: Searched Mikasa City facility/council pages and Japanese 2025-26/2026-27 operation, closure, and trail-map terms. No qualifying municipal or operator season statement was retained."
"unclear_status_pending_authoritative_evidence","workbook:247","247","Bibai Kokusetsu Ski Area","美唄国設スキー場","Hokkaido","Bibai","","","unclear","","https://www.city.bibai.hokkaido.jp/soshiki/13/23846.html","","2026-08-26","No authoritative current operating-status source was confirmed; third-party evidence was not accepted.

Pass 4: Bibai City's ski-area improvement plan describes the facility and its renewal planning, but is not a dated current operating statement. Searches of city notices, operator pages, and 2026-27 tickets did not retain qualifying seasonal evidence."
"unclear_status_pending_authoritative_evidence","workbook:261","261","Daisetsuzan Sounkyo Kurodake Ski Area","大雪山黒岳スキー場","Hokkaido","Kamikawa","","","unclear","","https://www.rinyu.co.jp/kurodake/","","2026-08-26","Candidate official URL found, but no sufficiently current operating-status statement was confirmed.

Pass 4: Searched Rinyu Kanko/operator notices, 2025-26 and 2026-27 winter lift calendars, and official trail-map/PDF terms. No dated source expressly confirming ski-area operation was retained."
"unclear_status_pending_authoritative_evidence","workbook:286","286","ASHIMOI KANKO Takaho Ski Area","ASHIMOI KANKO高穂スキー場","Hokkaido","Numata","","","unclear","missing_official_url","","","2026-08-26","No authoritative current operating-status source was confirmed; third-party evidence was not accepted.

Pass 4: Searched Numata Town, operator/company, official ticket-calendar, and 令和8年 operating/closure terms. No qualifying primary-source status statement was retained."
"unclear_status_pending_authoritative_evidence","workbook:288","288","Akan Lake Ski Area Utara","国設阿寒湖畔スキー場【ウタラ】","Hokkaido","Akan","","","unclear","","https://akan-ski.com/","","2026-08-26","Candidate official URL found, but no sufficiently current operating-status statement was confirmed.

Pass 4: Searched operator, Kushiro municipal, and 2025-26/2026-27 lift-calendar and closure terms. No dated official source explicitly establishing the ski season was retained."
"unclear_status_pending_authoritative_evidence","workbook:297","297","Monbetsu Municipal Oyama Ski Area","紋別市営大山スキー場","Hokkaido","Monbetsu","","","unclear","missing_official_url","","","2026-08-26","No authoritative current operating-status source was confirmed; third-party evidence was not accepted.

Pass 4: Searched Monbetsu City facility register, budget/council materials, and Japanese 2025-26/2026-27 operation and closure terms. No dated municipal/operator notice was retained."
"unclear_status_pending_authoritative_evidence","workbook:365","365","Tobetsucho Nakagoya","","Hokkaido","Tobetsu","","","unclear","missing_japanese_name; missing_official_url","","","2026-08-26","No authoritative current operating-status source was confirmed; third-party evidence was not accepted.

Pass 4: Fourth pass checked the Tobetsu ordinance register and searched municipal abolition, budget, and facility-register material. The ordinance remains published but is not an explicit current operating notice; no qualifying closure or current-season statement was located."
"unclear_status_pending_authoritative_evidence","workbook:366","366","Orofure","弁景温泉オロフレスキー場","Hokkaido","Noboribetsu","","","unclear","","https://orofure.web.fc2.com/","","2026-08-26","Candidate official URL found, but no sufficiently current operating-status statement was confirmed.

Pass 4: Searched Sobetsu municipal pages, operator-company material, and 2025-26/2026 operation, closure, and budget terms for Orofure. No authoritative operator or municipal operational-status notice was located; a regional news report was not used for promotion."
"verified_operating_missing_essentials","workbook:367","367","Higashigaoka Ski Area","東ヶ丘スキー場","Hokkaido","Horonobeecho","hokkaido-regional","hokkaido-regional-horonobeecho","verified_operating","missing_coordinates; missing_defensible_elevation","https://www.town.horonobe.lg.jp/www4/section/edu/le009f0000001go7.html","https://www.town.horonobe.lg.jp/www4/section/edu/le009f0000001go7.html","2026-08-26","No authoritative current operating-status source was confirmed; third-party evidence was not accepted."
"unclear_status_pending_authoritative_evidence","workbook:388","388","Kita-Taisetsu – Hokudaiyuki","","Hokkaido","Kamikawa","","","unclear","missing_japanese_name","http://tengucat.jp/","","2026-08-26","Candidate official URL found, but no sufficiently current operating-status statement was confirmed.

Pass 4: Searched 北大雪スキー場 / Kita-Taisetsu with 2025-26 operation, lift, ticket, closure, and government-register terms. Results were directory material only; no qualifying operator, municipality, or government status source was located."
"unclear_status_pending_authoritative_evidence","workbook:428","428","Inosawashimin","","Hokkaido","Rankoshi","","","unclear","missing_coordinates; missing_defensible_elevation; missing_japanese_name; missing_official_url","","","2026-08-26","No authoritative current operating-status source was confirmed; third-party evidence was not accepted.

Pass 4: The Asahikawa municipal facility page gives the customary December-to-February period but was last updated in 2016. Searches of the named operator and municipal pages found no explicit 2025-26/2026 operation or closure notice."
"unclear_status_pending_authoritative_evidence","workbook:434","434","Atsutamura","","Hokkaido","Atsuta","","","unclear","missing_coordinates; missing_defensible_elevation; missing_japanese_name; missing_official_url","","","2026-08-26","No authoritative current operating-status source was confirmed; third-party evidence was not accepted.

Pass 4: Fourth pass searched Ishikari municipal facility registers, public-facility management documents, council/budget material, and closure terms for Atsutamura. No authoritative statement identifying its current operation, closure, or successor was located."
"verified_operating_missing_essentials","workbook:438","438","Minamigaoka Ski Area","置戸町南ヶ丘スキー場","Hokkaido","Oketo","hokkaido-regional","hokkaido-regional-oketo","verified_operating","missing_defensible_elevation","https://www.town.oketo.hokkaido.jp/kyouiku_bunka/shakai/minamigaokaski/","https://www.town.oketo.hokkaido.jp/kyouiku_bunka/shakai/minamigaokaski/","2026-08-26","No authoritative current operating-status source was confirmed; third-party evidence was not accepted."
"unclear_status_pending_authoritative_evidence","workbook:441","441","Sharicho Unabetsu","","Hokkaido","Shari","","","unclear","missing_coordinates; missing_defensible_elevation; missing_japanese_name; missing_official_url","","","2026-08-26","No authoritative current operating-status source was confirmed; third-party evidence was not accepted.

Pass 4: Shari's facility page was updated January 5, 2026 and gives normal use-period, lift, and ticket information, but does not explicitly say the 2025-26 facility opened or operated. No municipal current-season opening/closure notice was found, so operation is not inferred."
"unclear_status_pending_authoritative_evidence","workbook:445","445","Hamamasu Sonmin","","Hokkaido","Hamamasu","","","unclear","missing_coordinates; missing_defensible_elevation; missing_japanese_name; missing_official_url","","","2026-08-26","No authoritative current operating-status source was confirmed; third-party evidence was not accepted.

Pass 4: Searched Ishikari municipal regional-council records, public-facility plans, budget material, and explicit closure terms for Hamamasu Sonmin. No current authoritative facility status or successor notice was located."
"verified_operating_missing_essentials","workbook:447","447","Boyodai Ski Area","望洋台スキー場","Hokkaido","Obira","hokkaido-regional","hokkaido-regional-obira","verified_operating","missing_defensible_elevation","https://www.town.obira.hokkaido.jp/kanko/detail/00001389.html","https://www.town.obira.hokkaido.jp/kanko/detail/00001389.html","2026-08-26","No authoritative current operating-status source was confirmed; third-party evidence was not accepted.

Pass 4: Obira Town's dated March 2, 2026 notice confirms operation; its general invitation for next season is not a 2026-27 operating notice."
"verified_operating_missing_essentials","workbook:449","449","Teshio Town Citizens Ski Area","天塩町町民スキー場","Hokkaido","Teshio","hokkaido-regional","hokkaido-regional-teshio","verified_operating","missing_defensible_elevation","https://www.teshiotown.hokkaido.jp/?page_id=636","https://www.teshiotown.hokkaido.jp/?page_id=636","2026-08-26","Candidate official URL found, but no sufficiently current operating-status statement was confirmed.

Pass 4: The town's January 2026 facility page links its fiscal-2025 operating calendar and lists lift tickets; no 2026-27 notice was found."
"unclear_status_pending_authoritative_evidence","workbook:456","456","Shirogane Ski Highland","","Hokkaido","Biei","","","unclear","missing_coordinates; missing_defensible_elevation; missing_japanese_name; missing_official_url","","","2026-08-26","No authoritative current operating-status source was confirmed; third-party evidence was not accepted.

Pass 4: Searched Biei municipal sports-facility registers, public-facility planning material, and 白金スキー場 closure terms. The current municipal sports register did not provide a qualifying current status for this historical-name record."
"verified_operating_missing_essentials","workbook:461","461","Kita Naganuma Ski Area","北長沼スキー場","Hokkaido","Naganuma","hokkaido-regional","hokkaido-regional-naganuma","verified_operating","missing_coordinates; missing_defensible_elevation","https://ski-kitanaganuma.com/","https://ski-kitanaganuma.com/","2026-08-26","No authoritative current operating-status source was confirmed; third-party evidence was not accepted.

Pass 4: Operator's current notice confirms operation before the season's final day; no dated 2026-27 notice was found."
"unclear_status_pending_authoritative_evidence","workbook:462","462","Nissho","","Hokkaido","Shimukappu","","","unclear","missing_coordinates; missing_defensible_elevation; missing_japanese_name; missing_official_url","","","2026-08-26","No authoritative current operating-status source was confirmed; third-party evidence was not accepted.

Pass 4: Searched Shimizu Town government pages, history/facility registers, budget/council material, and explicit closure/operation terms for 国設日勝スキー場. No qualifying official current-status or abolition notice was found."
"unclear_status_pending_authoritative_evidence","workbook:464","464","Niyama Kogen","ニヤマ高原スキー場","Hokkaido","Niyama","","","unclear","missing_defensible_elevation","http://niyama.grow8.com/ski/","","2026-08-26","Candidate official URL found, but no sufficiently current operating-status statement was confirmed.

Pass 4: Checked the Niyama operator page and municipal/government searches for 2025-26 operation, suspension, closure, budget, and successor information. The operator page is descriptive but supplies no current-season statement; no qualifying official status notice was located."
"verified_operating_missing_essentials","workbook:466","466","Sarufutsu Village Ski Area","猿払村役場 猿払村営スキー場","Hokkaido","Sarobetsu","hokkaido-regional","hokkaido-regional-sarobetsu","verified_operating","missing_defensible_elevation","https://www.hotel-bismarck.com/?utm_source=Skiresort_de&utm_medium=cpc&utm_campaign=Skiresort_de","https://www.vill.sarufutsu.hokkaido.jp/kairan/pdf/783_09080316.pdf","2026-08-26","No authoritative current operating-status source was confirmed; third-party evidence was not accepted.

Pass 4: Official Sarufutsu Village circular gives the 2025-26 opening and planned end date. No 2026-27 notice was located."
"unclear_status_pending_authoritative_evidence","workbook:472","472","Toma Choei","","Hokkaido","Toma","","","unclear","missing_coordinates; missing_defensible_elevation; missing_japanese_name; missing_official_url","","","2026-08-26","No authoritative current operating-status source was confirmed; third-party evidence was not accepted.

Pass 4: Searched Toma municipal facility pages, council/budget PDFs, and 当麻町営スキー場 with 営業・休止・廃止 terms. No current authoritative operation or closure notice was found."
"unclear_status_pending_authoritative_evidence","workbook:474","474","Tannocho Mebius","","Hokkaido","Tanno","","","unclear","missing_coordinates; missing_defensible_elevation; missing_japanese_name; missing_official_url","","","2026-08-26","No authoritative current operating-status source was confirmed; third-party evidence was not accepted.

Pass 4: Searched Kitami municipal records and 端野メビウススキー場 / Mebius with facility-register, closure, and operator terms. No authoritative current-status document was located."
"unclear_status_pending_authoritative_evidence","workbook:475","475","Asahikawa Sun Valley","","Hokkaido","Asahikawa","","","unclear","missing_coordinates; missing_defensible_elevation; missing_japanese_name; missing_official_url","","","2026-08-26","No authoritative current operating-status source was confirmed; third-party evidence was not accepted.

Pass 4: Reviewed Asahikawa municipal facility/planning documents and searched 旭川サンバレースキー場 for explicit closure or current calendar evidence. None established the facility's current status."
"unclear_status_pending_authoritative_evidence","workbook:484","484","Kamikawa Choei Nakayama","","Hokkaido","Kamikawa","","","unclear","missing_coordinates; missing_japanese_name; missing_official_url","","","2026-08-26","No authoritative current operating-status source was confirmed; third-party evidence was not accepted.

Pass 4: Searched Kamikawa Town industrial/economic documents, facility registers, and 上川町営中山スキー場 terms. No current season, closure, or merger notice was located."
"unclear_status_pending_authoritative_evidence","workbook:486","486","Bibakarasu – Kenbuchi","","Hokkaido","Kenbuchi","","","unclear","missing_coordinates; missing_defensible_elevation; missing_japanese_name; missing_official_url","","","2026-08-26","No authoritative current operating-status source was confirmed; third-party evidence was not accepted.

Pass 4: Searched Kenbuchi municipal pages, budget/council material, and 剣淵ビバカラススキー場 for operation or abolition notices. No authoritative status evidence was found."
"verified_operating_missing_essentials","workbook:487","487","Takino Snow World","滝野スノーワールド","Hokkaido","Sapporo","sapporo","sapporo","verified_operating","missing_coordinates; missing_defensible_elevation","https://takinopark.com/en/","https://takinopark.com/en/news/takinosnowworld/","2026-08-26","No authoritative current operating-status source was confirmed; third-party evidence was not accepted."
"unclear_status_pending_authoritative_evidence","workbook:490","490","Shintotsukawacho Socchidake","そっち岳スキー場","Hokkaido","Shintotsukawacho","","","unclear","missing_defensible_elevation","https://h-sakudo.jp/facility/047/","","2026-08-26","Candidate official URL found, but no sufficiently current operating-status statement was confirmed.

Pass 4: Searched Shintotsukawa municipal facilities and council/budget documents for そっち岳スキー場 with 営業終了・休止・廃止 terms. No current authoritative notice was located."
"unclear_status_pending_authoritative_evidence","workbook:491","491","Yuni Chomin","","Hokkaido","Yuni","","","unclear","missing_coordinates; missing_defensible_elevation; missing_japanese_name; missing_official_url","","","2026-08-26","No authoritative current operating-status source was confirmed; third-party evidence was not accepted.

Pass 4: Reviewed Yuni Town public-facility material and searched 由仁町民スキー場 for current calendars and closure notices. No authoritative status statement was found."
"unclear_status_pending_authoritative_evidence","workbook:492","492","Toyotomi Onsen Choei","","Hokkaido","Toyotomi","","","unclear","missing_coordinates; missing_defensible_elevation; missing_japanese_name; missing_official_url","","","2026-08-26","No authoritative current operating-status source was confirmed; third-party evidence was not accepted.

Pass 4: Reviewed Toyotomi Town education/sports newsletters and facility material. The current newsletter documents a cross-country course, not operation of 豊富温泉町営スキー場; no status notice for this record was found."
"unclear_status_pending_authoritative_evidence","workbook:495","495","Bieichonmin","","Hokkaido","Biei","","","unclear","missing_coordinates; missing_defensible_elevation; missing_japanese_name; missing_official_url","","","2026-08-26","No authoritative current operating-status source was confirmed; third-party evidence was not accepted.

Pass 4: Searched Biei Town facility schedules, council/budget PDFs, and 美瑛町民スキー場 terms. No current lift/ski operation, suspension, or closure notice was located."
"unclear_status_pending_authoritative_evidence","workbook:498","498","Sorachibuto","","Hokkaido","Sorachi","","","unclear","missing_coordinates; missing_defensible_elevation; missing_japanese_name; missing_official_url","","","2026-08-26","No authoritative current operating-status source was confirmed; third-party evidence was not accepted.

Pass 4: Searched Sorachi/Sunagawa public-facility and budget materials and 空知太スキー場 closure terms. No authoritative document established current operation or permanent closure."
"unclear_status_pending_authoritative_evidence","workbook:499","499","Nakafurano Kokusei","","Hokkaido","Nakafurano","","","unclear","missing_coordinates; missing_defensible_elevation; missing_japanese_name; missing_official_url","","","2026-08-26","No authoritative current operating-status source was confirmed; third-party evidence was not accepted.

Pass 4: Searched Nakafurano Town documents, including public procurement/facility material, for 北星スキー場 operation or abolition. No authoritative current-status notice was located."
"unclear_status_pending_authoritative_evidence","workbook:501","501","Saroma Choei","佐呂間町営スキー場","Hokkaido","Saroma","","","unclear","missing_defensible_elevation","https://www.town.saroma.hokkaido.jp/shisetsu/sports_bunka/ski.html","https://www.town.saroma.hokkaido.jp/reiki_int/reiki_honbun/a151RG00000243.html","2026-08-26","Candidate official URL found, but no sufficiently current operating-status statement was confirmed.

Pass 4: The official ordinance establishes the facility and its general seasonal use period, but no dated current-season operation, lift calendar, or explicit closure notice was located; legal existence alone is not promoted."
"unclear_status_pending_authoritative_evidence","workbook:502","502","Yokotsudake Kokusai","","Hokkaido","Kutchan","","","unclear","missing_coordinates; missing_defensible_elevation; missing_japanese_name; missing_official_url","","","2026-08-26","No authoritative current operating-status source was confirmed; third-party evidence was not accepted.

Pass 4: Searched official municipal, council, and government sport-facility sources for 横津岳国際スキー場 closure, successor, or current lift evidence. No authoritative status document was found."
"unclear_status_pending_authoritative_evidence","workbook:503","503","Tsukigatacho Choei","","Hokkaido","Tsukigata","","","unclear","missing_coordinates; missing_defensible_elevation; missing_japanese_name; missing_official_url","","","2026-08-26","No authoritative current operating-status source was confirmed; third-party evidence was not accepted.

Pass 4: Searched Tsukigata Town facility, budget, and council documents for 月形町営スキー場 with 2025-26 and closure terms. No current authoritative status notice was located."
"unclear_status_pending_authoritative_evidence","workbook:504","504","Nakatonbetsu Choei Kotobuki","中頓別町寿スキー場","Hokkaido","Nakatonbetsu","","","unclear","","https://r.goope.jp/kotobuki-ski/","","2026-08-26","Candidate official URL found, but no sufficiently current operating-status statement was confirmed.

Pass 4: Searched Nakatonbetsu Town facility registers and council/budget pages for 町営寿スキー場 operation or abolition. No authoritative current-status source was found."
"unclear_status_pending_authoritative_evidence","workbook:506","506","Tenpoku","","Hokkaido","Hamatonbetsu","","","unclear","missing_coordinates; missing_defensible_elevation; missing_japanese_name; missing_official_url","","","2026-08-26","No authoritative current operating-status source was confirmed; third-party evidence was not accepted.

Pass 4: Searched Hamatonbetsu municipal sources and 天北スキー場 with 営業・休止・廃止・統合 terms. No current operator or municipality status notice was located."
"unclear_status_pending_authoritative_evidence","workbook:508","508","Kushiroshi Tsuruoka","","Hokkaido","Kushiro","","","unclear","missing_coordinates; missing_defensible_elevation; missing_japanese_name","https://www.hotel-bismarck.com/?utm_source=Skiresort_de&utm_medium=cpc&utm_campaign=Skiresort_de","","2026-08-26","No authoritative current operating-status source was confirmed; third-party evidence was not accepted.

Pass 4: Searched Kushiro City sport-facility registers, budget/council materials, and 鶴丘スキー場 closure terms. No current authoritative operation or closure evidence was found."
"unclear_status_pending_authoritative_evidence","workbook:515","515","Hinode","","Hokkaido","Shintoku","","","unclear","missing_coordinates; missing_defensible_elevation; missing_japanese_name; missing_official_url","","","2026-08-26","No authoritative current operating-status source was confirmed; third-party evidence was not accepted.

Pass 4: Searched Shintoku municipal facilities and council/budget material for 日の出スキー場 operation, closure, and successor evidence. No authoritative current-status notice was located."
"unclear_status_pending_authoritative_evidence","workbook:525","525","Fuji Tenjinyama","","Hokkaido","Furano","","","unclear","missing_coordinates; missing_defensible_elevation; missing_japanese_name; missing_official_url","","","2026-08-26","No authoritative current operating-status source was confirmed; third-party evidence was not accepted.

Pass 4: Searched Furano City facility and council/budget sources for 富士天神山スキー場 and explicit 廃止・閉鎖 notices. No authoritative current-status document was found."
"unclear_status_pending_authoritative_evidence","workbook:526","526","Aspire","","Hokkaido","Eniwa","","","unclear","missing_coordinates; missing_defensible_elevation; missing_japanese_name; missing_official_url","","","2026-08-26","No authoritative current operating-status source was confirmed; third-party evidence was not accepted.

Pass 4: Searched Eniwa municipal records and operator/company terms for アスパイア, including indoor/dry-slope classification and closure. No authoritative current-status notice was located."
"unclear_status_pending_authoritative_evidence","workbook:530","530","Kotorinomura","","Hokkaido","Sobetsu","","","unclear","missing_coordinates; missing_defensible_elevation; missing_japanese_name; missing_official_url","","","2026-08-26","No authoritative current operating-status source was confirmed; third-party evidence was not accepted.

Pass 4: Searched Sobetsu municipal facility and council/budget sources for ことりの村スキー場 operation or abolition. No authoritative current-status evidence was found."
"unclear_status_pending_authoritative_evidence","workbook:531","531","Tsubetsu","","Hokkaido","Tsubetsu","","","unclear","missing_coordinates; missing_defensible_elevation; missing_japanese_name; missing_official_url","","","2026-08-26","No authoritative current operating-status source was confirmed; third-party evidence was not accepted.

Pass 4: Searched Tsubetsu municipal facility registers, council/budget PDFs, and operator/company notices for 津別スキー場. Search results were directories or historical descriptions, not acceptable current official evidence."
"unclear_status_pending_authoritative_evidence","workbook:535","535","Rumoi-shi – Kamuiiwa","","Hokkaido","Rumoi","","","unclear","missing_coordinates; missing_defensible_elevation; missing_japanese_name; missing_official_url","","","2026-08-26","No authoritative current operating-status source was confirmed; third-party evidence was not accepted.

Pass 4: Searched Rumoi City facility/council/budget material and 神居岩スキー場 with explicit closure and operation terms. No authoritative current-status notice was located."
"unclear_status_pending_authoritative_evidence","workbook:538","538","Koen","","Hokkaido","Rankoshi","","","unclear","missing_coordinates; missing_defensible_elevation; missing_japanese_name; missing_official_url","","","2026-08-26","No authoritative current operating-status source was confirmed; third-party evidence was not accepted.

Pass 4: Searched Rankoshi municipal facility/council material for こえんスキー場 operation, closure, and integration evidence. No authoritative current-status document was found."
"unclear_status_pending_authoritative_evidence","workbook:544","544","Gakuden","","Hokkaido","Suttsu","","","unclear","missing_coordinates; missing_defensible_elevation; missing_japanese_name; missing_official_url","","","2026-08-26","No authoritative current operating-status source was confirmed; third-party evidence was not accepted.

Pass 4: Searched Suttsu public-facility registers, budget/council material, and 学田スキー場 closure terms. No authoritative current operation or permanent closure notice was located."
"unclear_status_pending_authoritative_evidence","workbook:549","549","North Valley","","Hokkaido","Kitahiroshima","","","unclear","missing_coordinates; missing_defensible_elevation; missing_japanese_name; missing_official_url","","","2026-08-26","No authoritative current operating-status source was confirmed; third-party evidence was not accepted.

Pass 4: Searched Kitahiroshima municipal records and operator/company notices for ノースバレースキー場, including closure and merger terms. No authoritative current-status source was found."
"verified_operating_missing_essentials","workbook:550","550","Wassamu Higashiyama Ski Area","和寒東山スキー場","Hokkaido","Wassamu","hokkaido-regional","hokkaido-regional-wassamu","verified_operating","missing_defensible_elevation","https://www.facebook.com/wassamuski1979/","https://www.town.wassamu.hokkaido.jp/school-board/facility/ski-resort/","2026-08-26","No authoritative current operating-status source was confirmed; third-party evidence was not accepted.

Pass 4: Official Wassamu Town facility page offers a 2026-27 season pass as the prize for the operator's current season photo campaign, supporting planned continuing operation."
"verified_operating_missing_essentials","workbook:551","551","Otoifuji Ski Area","音威富士スキー場","Hokkaido","Rankoshi","niseko","niseko-rankoshi","verified_operating","missing_coordinates; missing_defensible_elevation","https://www.vill.otoineppu.hokkaido.jp/kakuka/sangyoushinkou/syoukougyou/skizyou.html","https://www.vill.otoineppu.hokkaido.jp/kakuka/sangyoushinkou/syoukougyou/skizyou.html","2026-08-26","Task 133 evidence pass: The Otoineppu Village ski-area page resolves the workbook's Otoifuji identity as 音威富士スキー場 and confirms its 2025-26 season."
"unclear_status_pending_authoritative_evidence","workbook:552","552","Sunagawa Shimin","","Hokkaido","Sunagawa","","","unclear","missing_coordinates; missing_defensible_elevation; missing_japanese_name; missing_official_url","","","2026-08-26","No authoritative current operating-status source was confirmed; third-party evidence was not accepted.

Pass 4: Searched Sunagawa City facility and council/budget documents for 砂川市民スキー場 with current-operation and closure terms. No authoritative current-status evidence was found."
"unclear_status_pending_authoritative_evidence","workbook:555","555","Okoppe Choei","","Hokkaido","Okoppe","","","unclear","missing_coordinates; missing_defensible_elevation; missing_japanese_name; missing_official_url","","","2026-08-26","No authoritative current operating-status source was confirmed; third-party evidence was not accepted.

Pass 4: Searched Okoppe Town municipal facility/council material for 町営スキー場 operation, suspension, and abolition. No authoritative current-status notice was located."
"unclear_status_pending_authoritative_evidence","workbook:556","556","Ofotsuku – Omu","","Hokkaido","Omu","","","unclear","missing_coordinates; missing_defensible_elevation; missing_japanese_name; missing_official_url","","","2026-08-26","No authoritative current operating-status source was confirmed; third-party evidence was not accepted.

Pass 4: Searched Omu Town municipal facility/council/budget sources for オホーツクスキー場 operation, closure, and successor evidence. No authoritative current-status document was found."
"unclear_status_pending_authoritative_evidence","workbook:25","25","Hachikogen/​Hachi Kita Kogen","ハチ高原スキー場","Hyogo","Yabu","","","unclear","","https://www.hachi-hachikita.co.jp","","2026-08-26","Operator site searches found only a 2025-26 advance-ticket page and stale/generic area pages, not an explicit current/recent operating notice covering both Hachi and Hachi Kita.

Pass 4: Rechecked operator ticket/calendar pages and Kami municipal sources; no current dated operating notice beyond the prior season-ticket material."
"unclear_status_pending_authoritative_evidence","workbook:179","179","Wakasugi Kogen Oya","","Hyogo","Yabu","","","unclear","missing_japanese_name","https://ooyaski.com/","","2026-08-26","Operator site has a ski section, but no reliable dated season-opening or season-end statement was located; the displayed real-time fields were not sufficiently trustworthy as season evidence.

Pass 4: Rechecked operator ticket/calendar and facility pages plus Yabu municipal sources; no dated official ski-season notice was found."
"unclear_status_pending_authoritative_evidence","workbook:206","206","Sky Shishiku","","Ishikawa","Hakusan","","","unclear","missing_japanese_name","https://city-hakusan.com/shishiku/","","2026-08-26","No current/recent official season calendar or explicit official closure statement was located. Historical and third-party directory claims were not accepted as operating-status proof.

Pass 4: searched municipal facility registers, council/budget notices, operator-company pages, ticket/lift calendars and Japanese terms 廃止/閉鎖/休止/営業終了/統合. Pass 3: checked the operator/municipal source where available and searched Japanese facility name with 2025-26, 営業, 休業, 廃止, 閉鎖. Searched スカイ獅子吼スキー場 + 休業/閉鎖 and Hakusan municipal tourism pages; current ropeway/park material does not establish ski operations. No additional dated authoritative notice established operation, closure, merger, or rename; generic directories were not relied upon."
"unclear_status_pending_authoritative_evidence","workbook:278","278","Nanao Korosa","七尾コロサスキー場","Ishikawa","Nanao","","","unclear","","http://www.city.nanao.ishikawa.jp/yamabiko/home/korosa.html","","2026-08-26","No current/recent official season calendar or explicit official closure statement was located. Historical and third-party directory claims were not accepted as operating-status proof.

Pass 4: searched municipal facility registers, council/budget notices, operator-company pages, ticket/lift calendars and Japanese terms 廃止/閉鎖/休止/営業終了/統合. Pass 3: checked the operator/municipal source where available and searched Japanese facility name with 2025-26, 営業, 休業, 廃止, 閉鎖. Searched 七尾コロサスキー場 + 2025-26/営業/閉鎖 and Nanao municipal sources; no current authoritative status statement found. No additional dated authoritative notice established operation, closure, merger, or rename; generic directories were not relied upon."
"unclear_status_pending_authoritative_evidence","workbook:281","281","Hakusan Seymour Ski Resort","白山セイモアスキー場","Ishikawa","Kanazawa","","","unclear","","https://www.sam-hakusan.com/seymour/","https://www.sam-hakusan-en.com/","2026-08-26","Maintained official operator site covers both Ichirino and Seymour and carries 2025-26 winter information.

Pass 4: searched municipal facility registers, council/budget notices, operator-company pages, ticket/lift calendars and Japanese terms 廃止/閉鎖/休止/営業終了/統合. Pass 3: checked the operator/municipal source where available and searched Japanese facility name with 2025-26, 営業, 休業, 廃止, 閉鎖. Downgraded after source audit: the area-name label does not establish Seymour operation, and no explicit 2026-27 operator operating notice was located. No additional dated authoritative notice established operation, closure, merger, or rename; generic directories were not relied upon."
"unclear_status_pending_authoritative_evidence","workbook:351","351","Hakusan Shiramine Onsen","","Ishikawa","Hakusan","","","unclear","missing_japanese_name","https://city-hakusan.com/","","2026-08-26","No current/recent official season calendar or explicit official closure statement was located. Historical and third-party directory claims were not accepted as operating-status proof.

Pass 4: searched municipal facility registers, council/budget notices, operator-company pages, ticket/lift calendars and Japanese terms 廃止/閉鎖/休止/営業終了/統合. Pass 3: checked the operator/municipal source where available and searched Japanese facility name with 2025-26, 営業, 休業, 廃止, 閉鎖. Searched 白峰スキー競技場 + 2025-26/営業/閉鎖 and Hakusan municipal pages; no current official operating or closure decision located. No additional dated authoritative notice established operation, closure, merger, or rename; generic directories were not relied upon."
"unclear_status_pending_authoritative_evidence","workbook:519","519","Torigoe Kogen Dainichi","","Ishikawa","Hakusan","","","unclear","missing_coordinates; missing_defensible_elevation; missing_japanese_name; missing_official_url","","","2026-08-26","No current/recent official season calendar or explicit official closure statement was located. Historical and third-party directory claims were not accepted as operating-status proof.

Pass 4: searched municipal facility registers, council/budget notices, operator-company pages, ticket/lift calendars and Japanese terms 廃止/閉鎖/休止/営業終了/統合. Pass 3: checked the operator/municipal source where available and searched Japanese facility name with 2025-26, 営業, 休業, 廃止, 閉鎖. Searched 鳥越高原大日スキー場 + 営業終了/閉鎖 and Hakusan municipal sources; no current authoritative status notice found. No additional dated authoritative notice established operation, closure, merger, or rename; generic directories were not relied upon."
"verified_operating_missing_essentials","workbook:542","542","Okuradake Kogen Ski Resort","大倉岳高原スキー場","Ishikawa","Komatsu","hokuriku","hokuriku-komatsu","verified_operating","missing_defensible_elevation","https://komatsu-ccf.com/sports/ookuradake_kogen_ski_resort/","https://komatsu-ccf.com/data_file/20251112070136178efile01.pdf","2026-08-26","Recently updated government-linked tourism record identifies the municipal ski resort and its December–March operating period.

Pass 4: searched municipal facility registers, council/budget notices, operator-company pages, ticket/lift calendars and Japanese terms 廃止/閉鎖/休止/営業終了/統合. Pass 3: checked the operator/municipal source where available and searched Japanese facility name with 2025-26, 営業, 休業, 廃止, 閉鎖. Downgraded after source audit: the generic government-linked directory does not establish a current season, and no municipal 2026-27 operating notice was located. No additional dated authoritative notice established operation, closure, merger, or rename; generic directories were not relied upon."
"unclear_status_pending_authoritative_evidence","workbook:413","413","Esashi Shiei Koeji","","Iwate","Esashi","","","unclear","missing_japanese_name; missing_official_url","","","2026-08-26","Only third-party claims were located. No official current-season operating evidence was found, and the intake uses the former Esashi municipality.

Pass 4: Oshu City's ordinance still establishes 奥州市越路スキー場, while a 2023 city bulletin states it was then suspended. No contemporaneous municipal 2025-26/2026 notice establishes continued suspension, reopening, or abolition."
"verified_operating_missing_essentials","workbook:426","426","Kunimidaira Ski Resort","国見平スキー場","Iwate","Hachimantai","hachimantai","hachimantai","verified_operating","missing_coordinates; missing_defensible_elevation","https://www.kunimidaira.com/","https://www.city.oshu.iwate.jp/kanko/osusume/1/2/707.html","2026-08-26","No authoritative current-season evidence was located; the intake municipality may be inaccurate, so no official identity is asserted."
"unclear_status_pending_authoritative_evidence","workbook:457","457","Iwayama Park","","Iwate","Ichinoseki","","","unclear","missing_coordinates; missing_defensible_elevation; missing_japanese_name; missing_official_url","","","2026-08-26","No authoritative current-season evidence was located, and the name was not defensibly matched to a current ski operator.

Pass 4: Fourth pass searched Morioka City park and sports-facility records for 岩山パークスキー場 and 廃止. No primary record establishes a ski-area operation or closure; the row's Ichinoseki geography also conflicts with the name."
"unclear_status_pending_authoritative_evidence","workbook:479","479","Tayama","","Iwate","Ichinoseki","","","unclear","missing_coordinates; missing_defensible_elevation; missing_japanese_name; missing_official_url","","","2026-08-26","A current Tayama ski-area identity exists in Hachimantai, but the intake says Ichinoseki. The mismatch prevents a defensible verification.

Pass 4: Fourth pass searched Hachimantai municipal facility and sports records for 田山スキー場. No authoritative current-status source was located, and the discovery geography conflicts with the intake's Ichinoseki."
"unclear_status_pending_authoritative_evidence","workbook:532","532","Morioka Highland","","Iwate","Morioka","","","unclear","missing_coordinates; missing_japanese_name; missing_official_url","","","2026-08-26","No authoritative current-season evidence or defensible current operator was located.

Pass 4: Fourth pass searched Morioka City facility registers, plans and notices for 盛岡ハイランドスキー場. No authoritative current-status entity was located."
"unclear_status_pending_authoritative_evidence","workbook:407","407","Tengu Kogen","天狗高原スキー場","Kochi","Ochi","","","unclear","missing_official_url","","","2026-08-26","No official evidence of a currently operating lift-served ski area was found. Current tourism use of Tengu Plateau must not be assumed to mean ski-area operation.

Pass 4: Rechecked Kochi municipal/government sports records and lift/facility terms; no official evidence establishes lift-served ski-area status."
"unclear_status_pending_authoritative_evidence","workbook:505","505","Asosan","","Kumamoto","Aso","","","unclear","missing_coordinates; missing_defensible_elevation; missing_japanese_name; missing_official_url","","","2026-08-26","No official evidence of a currently operating Mount Aso ski area, nor an authoritative closure notice for the exact intake entity, was captured.

Pass 4: Rechecked Kumamoto/Aso government sport-facility material and closure terms; no exact ski-area operation or closure notice was found."
"unclear_status_pending_authoritative_evidence","workbook:10","10","Hakuba Iwatake Mountain Resort","白馬岩岳スノーフィールド","Nagano","Hakuba","","","unclear","","https://iwatake-mountain-resort.com/","","2026-08-26","No explicit current/recent-season operating statement was confirmed from an official source; any URL retained is identity/discovery evidence only.

Pass 4: Fourth pass checked the operator's winter landing page, its 2026-27 ski-school notice, Hakuba municipal/area searches, and lift-calendar terms. The school-business notice is not an explicit operator operating calendar or ticket sale, so it cannot support promotion."
"verified_operating_missing_essentials","workbook:11","11","Hakuba Happo-one Ski Resort","白馬八方尾根スキー場","Nagano","Hakuba","hakuba-valley","hakuba","verified_operating","missing_coordinates","https://www.happo-one.jp/en/","https://www.happo-one.jp/en/news/38187/","2026-04-17","No explicit current/recent-season operating statement was confirmed from an official source; any URL retained is identity/discovery evidence only."
"unclear_status_pending_authoritative_evidence","workbook:17","17","Tsugaike Kogen","栂池高原スキー場","Nagano","Otari","","","unclear","","https://www.tsugaike.gr.jp/","","2026-08-26","No explicit current/recent-season operating statement was confirmed from an official source; the retained URL is identity/discovery evidence only.

Pass 4: Checked the operator site, 2026-27 NSD Kids Program announcement, Otari/Hakuba facility searches, ticket calendars, and closure terms. The program announcement does not itself explicitly state Tsugaike's operating dates or ticket validity, so no qualifying status evidence was found."
"unclear_status_pending_authoritative_evidence","workbook:65","65","Norikura Kogen","","Nagano","Matsumoto","","","unclear","missing_coordinates; missing_defensible_elevation; missing_japanese_name; missing_official_url","","","2026-08-26","No explicit current/recent-season operating statement was confirmed from an official source; any URL retained is identity/discovery evidence only.

Pass 4: Checked Norikura operator and Matsumoto municipal facility sources, council/budget terms, and 2025-26/2026-27 calendar, ticket, 休止, and 閉鎖 searches. No qualifying explicit status notice was found."
"unclear_status_pending_authoritative_evidence","workbook:69","69","Nomugitoge Ski Resort","野麦峠スキー場","Nagano","Matsumoto","","","unclear","","http://gakutoresort.jp","https://www.city.matsumoto.nagano.jp/uploaded/attachment/118212.pdf","2025-08-31","No explicit current/recent-season operating statement was confirmed from an official source; any URL retained is identity/discovery evidence only.

Pass 4: Matsumoto's FY2024 designated-manager monitoring PDF confirms the municipal facility, operator, lifts, and then-current management term, but it does not explicitly establish a 2025-26 or 2026-27 operating season. It is identity/context evidence only."
"unclear_status_pending_authoritative_evidence","workbook:85","85","Yomase/​Takaifuji (Mt. Kosha)","","Nagano","Nakano","","","unclear","missing_japanese_name","https://x-jam.jp/","","2026-08-26","No explicit current/recent-season operating statement was confirmed from an official source; any URL retained is identity/discovery evidence only.

Pass 4: Checked operator/company and municipal sources for X-JAM, よませ, 高井富士, and スノーリゾートロマンスの神様, including rename, merger, closure, and season-ticket terms. Branding and area references conflict; no official notice explicitly maps this combined intake record to a current successor."
"unclear_status_pending_authoritative_evidence","workbook:123","123","Karuizawa","軽井沢スノーパーク","Nagano","Karuizawa","","","unclear","","https://www.princehotels.com/en/ski/karuizawa/index.html","","2026-08-26","No explicit current/recent-season operating statement was confirmed from an official source; any URL retained is identity/discovery evidence only.

Pass 4: Checked Prince Hotels operator pages, Karuizawa municipal/sports-facility material, 2025-26/2026-27 ticket and calendar pages, and closure notices. The located generic pages do not provide an explicit dated ski-operation statement."
"unclear_status_pending_authoritative_evidence","workbook:158","158","Kijimadaira (Mt. Kosha)","北信州木島平スキー場","Nagano","Nakano","","","unclear","","https://kijimadaira-ski.com/","","2026-08-26","No explicit current/recent-season operating statement was confirmed from an official source; any URL retained is identity/discovery evidence only.

Pass 4: The historical kijimadaira-ski.com domain now presents スノーリゾートロマンスの神様 and sells a 2026-27 season pass, but no explicit operator or municipal rename/merger notice connecting the former Kijimadaira Ski Resort intake record to that current brand was found. Do not infer a successor from the reused domain."
"unclear_status_pending_authoritative_evidence","workbook:174","174","Koumi Re-Ex Ski Valley","","Nagano","Koumi","","","unclear","missing_japanese_name","https://koumireex-skivalley.com/","","2026-08-26","No explicit current/recent-season operating statement was confirmed from an official source; any URL retained is identity/discovery evidence only.

Pass 4: Checked Koumi Re-Ex operator/company material, local-government facility references, season-pass and trail-map searches, and explicit 休止/廃止/営業終了 notices. No dated authoritative evidence established current/recent ski operation or closure."
"unclear_status_pending_authoritative_evidence","workbook:190","190","Ina Ski Resort","中央道伊那スキーリゾート","Nagano","Ina","","","unclear","","https://inaski.com/","","2026-08-26","No explicit current/recent-season operating statement was confirmed from an official source; any URL retained is identity/discovery evidence only.

Pass 4: Checked Ina Ski Resort operator material, Ina municipal facility/budget terms, 2025-26/2026-27 season-ticket and lift-calendar searches, and 休止/営業終了/閉鎖 notices. No qualifying explicit status evidence was found."
"unclear_status_pending_authoritative_evidence","workbook:287","287","Maeyama","","Nagano","Iiyama","","","unclear","missing_coordinates; missing_defensible_elevation; missing_japanese_name; missing_official_url","","","2026-08-26","No explicit current/recent-season operating statement was confirmed from an official source; any URL retained is identity/discovery evidence only.

Pass 4: Searched 志賀高原前山スキー場/Maeyama with Shiga Kogen operator, municipal, lift-map and explicit closure terms. Only directory/history claims of closure were found; no authoritative notice was located."
"unclear_status_pending_authoritative_evidence","workbook:289","289","Hijiri Kogen","聖高原スキー場","Nagano","Matsumoto","","","unclear","","http://www.vill.omi.nagano.jp/kanko/hijiri/000236.php","","2026-08-26","No explicit current/recent-season operating statement was confirmed from an official source; any URL retained is identity/discovery evidence only.

Pass 4: Searched 聖高原スキー場/Hijiri Kogen through Omi Village facility pages, council documents and 2025-26 operation/closure terms. No explicit official current or latest-season ski operation/closure statement was found."
"unclear_status_pending_authoritative_evidence","workbook:335","335","Nobeyama","レーシングキャンプ野辺山","Nagano","Minamimaki","","","unclear","missing_official_url","","","2026-08-26","No explicit current/recent-season operating statement was confirmed from an official source; any URL retained is identity/discovery evidence only.

Pass 4: Searched 野辺山/Nobeyama with Minamimaki municipal sports-facility records, budget documents and closure terms. The generic intake name could not be resolved to an authoritative ski-facility identity."
"unclear_status_pending_authoritative_evidence","workbook:353","353","Hijiriyama Panorama","聖山パノラマスキー場","Nagano","Nagano","","","unclear","missing_official_url","","","2026-08-26","No explicit current/recent-season operating statement was confirmed from an official source; any URL retained is identity/discovery evidence only.

Pass 4: Searched 聖山パノラマ/Hijiriyama Panorama using Nagano municipal, operator and explicit closure terms. No authoritative facility record or status notice was located."
"unclear_status_pending_authoritative_evidence","workbook:372","372","Kitashiga Kogen Kumaruyama","北志賀小丸山スキー場","Nagano","Yamanouchi","","","unclear","","https://www.komaruyama.jp/gelande.html","","2026-08-26","No explicit current/recent-season operating statement was confirmed from an official source; any URL retained is identity/discovery evidence only.

Pass 4: Searched 北志賀小丸山/Kitashiga Kumaruyama via operator pages, Yamanouchi material, lift/ticket calendars and closure terms. The official identity page has no explicit current/recent season operation or closure notice."
"unclear_status_pending_authoritative_evidence","workbook:424","424","Yamanokaki","","Nagano","Iiyama","","","unclear","missing_coordinates; missing_defensible_elevation; missing_japanese_name; missing_official_url","","","2026-08-26","No explicit current/recent-season operating statement was confirmed from an official source; any URL retained is identity/discovery evidence only.

Pass 4: Searched 山ノ柿/Yamanokaki with Iiyama municipal histories, sports-facility registers and closure terms. No authoritative identity for this intake name was established."
"unclear_status_pending_authoritative_evidence","workbook:433","433","Mt. Fuji – Hakone","","Nagano","Fujinomiya","","","unclear","missing_coordinates; missing_defensible_elevation; missing_japanese_name; missing_official_url","","","2026-08-26","No explicit current/recent-season operating statement was confirmed from an official source; any URL retained is identity/discovery evidence only.

Pass 4: The row’s raw name (Mt. Fuji–Hakone), recorded prefecture (Nagano), and municipality (Fujinomiya) conflict. Official Fuji-area searches cannot establish a facility identity for this contradictory record, so it cannot safely be merged or promoted."
"unclear_status_pending_authoritative_evidence","workbook:443","443","Shinanodaira","","Nagano","Iiyama","","","unclear","missing_coordinates; missing_defensible_elevation; missing_japanese_name","https://www.hotel-bismarck.com/?utm_source=Skiresort_de&utm_medium=cpc&utm_campaign=Skiresort_de","","2026-08-26","No explicit current/recent-season operating statement was confirmed from an official source; any URL retained is identity/discovery evidence only.

Pass 4: Searched 信濃平/Shinanodaira with Iiyama municipal history, council and explicit closure terms. Historic sources describe a former ski area, but no authoritative closure notice suitable for a closed proposal was found."
"verified_operating_missing_essentials","workbook:450","450","Heavens Sonohara Snow World","ヘブンスそのはら SNOW WORLD","Nagano","Matsumoto","nagano-regional","nagano-regional-matsumoto","verified_operating","missing_coordinates; missing_defensible_elevation","https://mt-heavens.com/","https://heavens.resnow.jp/","2026-08-26","No explicit current/recent-season operating statement was confirmed from an official source; any URL retained is identity/discovery evidence only.

Pass 4: The operator’s official ticket centre explicitly records completion of the 2025-26 season; no 2026-27 operation notice located."
"unclear_status_pending_authoritative_evidence","workbook:451","451","Hokuryuko","","Nagano","Nagano","","","unclear","missing_coordinates; missing_defensible_elevation; missing_japanese_name; missing_official_url","","","2026-08-26","No explicit current/recent-season operating statement was confirmed from an official source; any URL retained is identity/discovery evidence only.

Pass 4: Searched 北竜湖/Hokuryuko through Iiyama and Nozawa municipal material, operator records, and explicit closure terms. Discovery sources identify the former Hokuryu Onsen Family area, but no authoritative closure notice was found."
"unclear_status_pending_authoritative_evidence","workbook:470","470","Himekidaira","","Nagano","Anan","","","unclear","missing_coordinates; missing_defensible_elevation; missing_japanese_name; missing_official_url","","","2026-08-26","No explicit current/recent-season operating statement was confirmed from an official source; any URL retained is identity/discovery evidence only.

Pass 4: Searched 姫木平/Himekidaira via Nagawa Town facility pages, operator notices and closure terms. No authoritative current or historic facility-status notice was located."
"unclear_status_pending_authoritative_evidence","workbook:483","483","Kitashiga Highlands","","Nagano","Yamanouchi","","","unclear","missing_coordinates; missing_japanese_name; missing_official_url","","","2026-08-26","No explicit current/recent-season operating statement was confirmed from an official source; any URL retained is identity/discovery evidence only.

Pass 4: Kitashiga Highlands is an area label, not a uniquely identified operator facility. Searches of Yamanouchi and operator season/ticket pages did not support a specific duplicate, merger or status."
"unclear_status_pending_authoritative_evidence","workbook:500","500","Yamada Onsen Chibikko","","Nagano","Nagano","","","unclear","missing_coordinates; missing_defensible_elevation; missing_japanese_name; missing_official_url","","","2026-08-26","No explicit current/recent-season operating statement was confirmed from an official source; any URL retained is identity/discovery evidence only.

Pass 4: Searched 山田温泉ちびっこ/Yamada Onsen Chibikko through Takayama Village and Nagano City facility records, plus closure/operation terms. No authoritative facility identity or status notice was found."
"unclear_status_pending_authoritative_evidence","workbook:511","511","Kisokoma Kogen Shinwa","","Nagano","Kiso","","","unclear","missing_coordinates; missing_defensible_elevation; missing_japanese_name; missing_official_url","","","2026-08-26","No explicit current/recent-season operating statement was confirmed from an official source; any URL retained is identity/discovery evidence only.

Pass 4: Searched 木曽駒高原しんわ/Kisokoma Kogen Shinwa through Kiso Town records, operator notices and explicit closure terms. No authoritative status evidence was located."
"unclear_status_pending_authoritative_evidence","workbook:512","512","Snowboard World Heights","","Nagano","Nagano","","","unclear","missing_coordinates; missing_defensible_elevation; missing_japanese_name","https://www.hotel-bismarck.com/?utm_source=Skiresort_de&utm_medium=cpc&utm_campaign=Skiresort_de","","2026-08-26","No explicit current/recent-season operating statement was confirmed from an official source; any URL retained is identity/discovery evidence only.

Pass 4: Searched スノーボードワールドハイツ/Snowboard World Heights using Nagano municipal and operator/company terms. No authoritative facility identity or status evidence was found."
"unclear_status_pending_authoritative_evidence","workbook:516","516","Utsukushinokuni","","Nagano","Azumino","","","unclear","missing_coordinates; missing_defensible_elevation; missing_japanese_name; missing_official_url","","","2026-08-26","No explicit current/recent-season operating statement was confirmed from an official source; any URL retained is identity/discovery evidence only.

Pass 4: Searched 美しの国/Utsukushinokuni through Azumino municipal facility registers, council documents and closure/operation terms. No authoritative ski-facility identity or status notice was found."
"unclear_status_pending_authoritative_evidence","workbook:518","518","Wada Toge","","Nagano","Nagawa","","","unclear","missing_coordinates; missing_defensible_elevation; missing_japanese_name; missing_official_url","","","2026-08-26","No explicit current/recent-season operating statement was confirmed from an official source; any URL retained is identity/discovery evidence only.

Pass 4: Searched 和田峠/Wada Toge through Nagawa Town records, operator notices and explicit closure terms. No authoritative identity or status evidence was located."
"unclear_status_pending_authoritative_evidence","workbook:534","534","Iiyama Kokusai","","Nagano","Iiyama","","","unclear","missing_coordinates; missing_defensible_elevation; missing_japanese_name; missing_official_url","","","2026-08-26","No explicit current/recent-season operating statement was confirmed from an official source; any URL retained is identity/discovery evidence only.

Pass 4: Searched 飯山国際/Iiyama Kokusai through Iiyama municipal history, council and explicit closure terms. Historic-directory evidence alone cannot support a closed proposal and no authoritative notice was located."
"unclear_status_pending_authoritative_evidence","workbook:540","540","Kitashinshu Shinanodaira","","Nagano","Iiyama","","","unclear","missing_coordinates; missing_defensible_elevation; missing_japanese_name; missing_official_url","","","2026-08-26","No explicit current/recent-season operating statement was confirmed from an official source; any URL retained is identity/discovery evidence only.

Pass 4: Searched 北信州信濃平/Kitashinshu Shinanodaira with Iiyama government and operator sources. It cannot be reliably distinguished from the historic Shinanodaira intake row, and no official merger or status notice was found."
"unclear_status_pending_authoritative_evidence","workbook:545","545","Omachi","","Nagano","Omachi","","","unclear","missing_coordinates; missing_defensible_elevation; missing_japanese_name","https://www.hotel-bismarck.com/?utm_source=Skiresort_de&utm_medium=cpc&utm_campaign=Skiresort_de","","2026-08-26","No explicit current/recent-season operating statement was confirmed from an official source; any URL retained is identity/discovery evidence only.

Pass 4: Omachi is a municipality label. Searches of Omachi City facility records and historic ski-area references did not establish which specific facility this row denotes."
"unclear_status_pending_authoritative_evidence","workbook:546","546","Green Club","","Nagano","Nagano","","","unclear","missing_coordinates; missing_defensible_elevation; missing_japanese_name; missing_official_url","","","2026-08-26","No explicit current/recent-season operating statement was confirmed from an official source; any URL retained is identity/discovery evidence only.

Pass 4: Searched Green Club/グリーンクラブ with Nagano City facility, operator-company and closure terms. No authoritative facility identity or status notice was found."
"unclear_status_pending_authoritative_evidence","workbook:157","157","Itsukamachi","五日町スキー場","Niigata","Tokamachi","","","unclear","","http://www.itsukamachi.jp/","","2026-08-26","No current/recent official season calendar or explicit official closure statement was located. Historical and third-party directory claims were not accepted as operating-status proof.

Pass 4: searched municipal facility registers, council/budget notices, operator-company pages, ticket/lift calendars and Japanese terms 廃止/閉鎖/休止/営業終了/統合. Pass 3: checked the operator/municipal source where available and searched Japanese facility name with 2025-26, 営業, 休業, 廃止, 閉鎖. Searched 五日町スキー場 + 2025-26/営業/閉鎖 and the former operator domain; no current operator or municipal status notice located. No additional dated authoritative notice established operation, closure, merger, or rename; generic directories were not relied upon."
"unclear_status_pending_authoritative_evidence","workbook:19a","19a","GALA Yuzawa Snow Resort","GALA湯沢スキー場","Niigata","Yuzawa","","","unclear","missing_coordinates; missing_defensible_elevation","https://gala.co.jp/winter/","https://niigata-kankou.or.jp/ski","2026-08-26","Niigata Prefecture’s official tourism ski page published 2025-26 opening and closing information.

Pass 4: searched municipal facility registers, council/budget notices, operator-company pages, ticket/lift calendars and Japanese terms 廃止/閉鎖/休止/営業終了/統合. Pass 3: checked the operator/municipal source where available and searched Japanese facility name with 2025-26, 営業, 休業, 廃止, 閉鎖. Downgraded after source audit: no GALA operator or municipal page explicitly establishing 2026-27 operation was located. No additional dated authoritative notice established operation, closure, merger, or rename; generic directories were not relied upon."
"unclear_status_pending_authoritative_evidence","workbook:19b","19b","Yuzawa Kogen Ski Resort","湯沢高原スキー場","Niigata","Yuzawa","","","unclear","missing_coordinates; missing_defensible_elevation","https://www.yuzawakogen.com/winter/","https://niigata-kankou.or.jp/ski","2026-08-26","Niigata Prefecture’s official tourism ski page published 2025-26 opening and closing information.

Pass 4: searched municipal facility registers, council/budget notices, operator-company pages, ticket/lift calendars and Japanese terms 廃止/閉鎖/休止/営業終了/統合. Pass 3: checked the operator/municipal source where available and searched Japanese facility name with 2025-26, 営業, 休業, 廃止, 閉鎖. Downgraded after source audit: no Yuzawa Kogen operator or municipal page explicitly establishing 2026-27 operation was located. No additional dated authoritative notice established operation, closure, merger, or rename; generic directories were not relied upon."
"verified_operating_missing_essentials","workbook:19c","19c","Ishiuchi Maruyama Ski Resort","石打丸山スキー場","Niigata","Minamiuonuma","niigata-regional","niigata-regional-ishiuchi","verified_operating","missing_coordinates; missing_defensible_elevation","https://ishiuchi.or.jp/","https://ishiuchi.or.jp/winter/","2026-08-26","Niigata Prefecture’s official tourism ski page published 2025-26 opening and closing information.

Pass 4: operator-specific 2026-27 season-pass/lift-ticket notice explicitly identifies this ski area and its 2026-27 season; this is current-season operation evidence."
"unclear_status_pending_authoritative_evidence","workbook:6","6","Myoko Suginohara Ski Resort","妙高杉ノ原スキー場","Niigata","Myoko","","","unclear","","https://www.princehotels.com/en/ski/myoko_kogen/","https://niigata-kankou.or.jp/ski","2026-08-26","Niigata Prefecture’s official tourism ski page published 2025-26 opening and closing information.

Pass 4: searched municipal facility registers, council/budget notices, operator-company pages, ticket/lift calendars and Japanese terms 廃止/閉鎖/休止/営業終了/統合. Pass 3: checked the operator/municipal source where available and searched Japanese facility name with 2025-26, 営業, 休業, 廃止, 閉鎖. Downgraded after source audit: the prefectural master directory is not the resort’s operating-status channel, and no operator or municipal 2026-27 operating notice was located. No additional dated authoritative notice established operation, closure, merger, or rename; generic directories were not relied upon."
"unclear_status_pending_authoritative_evidence","workbook:21","21","Arai Mountain Resort","ロッテアライリゾート","Niigata","Myoko","","","unclear","","https://www.lottehotel.com/arai-resort/en.html","https://niigata-kankou.or.jp/ski","2026-08-26","Current prefectural source identifies the renamed resort as “Arai Mountain Resort (formerly Lotte Arai Resort)” and gives 2025-26 dates.

Pass 4: searched municipal facility registers, council/budget notices, operator-company pages, ticket/lift calendars and Japanese terms 廃止/閉鎖/休止/営業終了/統合. Pass 3: checked the operator/municipal source where available and searched Japanese facility name with 2025-26, 営業, 休業, 廃止, 閉鎖. Downgraded after source audit: the directory establishes only the prior season, and no operator-issued 2026-27 operating notice was located. No additional dated authoritative notice established operation, closure, merger, or rename; generic directories were not relied upon."
"unclear_status_pending_authoritative_evidence","workbook:23","23","Akakura Onsen Ski Resort","赤倉温泉スキー場","Niigata","Myoko","","","unclear","","https://akakura-ski.com","https://niigata-kankou.or.jp/ski","2026-08-26","Niigata Prefecture’s official tourism ski page published 2025-26 opening and closing information.

Pass 4: searched municipal facility registers, council/budget notices, operator-company pages, ticket/lift calendars and Japanese terms 廃止/閉鎖/休止/営業終了/統合. Pass 3: checked the operator/municipal source where available and searched Japanese facility name with 2025-26, 営業, 休業, 廃止, 閉鎖. Downgraded after source audit: the operator’s 2026-27 early-ticket material is not operating-status evidence, and no explicit 2026-27 operations notice was located. No additional dated authoritative notice established operation, closure, merger, or rename; generic directories were not relied upon."
"unclear_status_pending_authoritative_evidence","workbook:43","43","Joetsu Kokusai Ski Resort","上越国際スキー場","Niigata","Minami-Uonuma","","","unclear","","https://jkokusai.co.jp/","https://niigata-kankou.or.jp/ski","2026-08-26","Niigata Prefecture’s official tourism ski page published 2025-26 opening and closing information.

Pass 4: searched municipal facility registers, council/budget notices, operator-company pages, ticket/lift calendars and Japanese terms 廃止/閉鎖/休止/営業終了/統合. Pass 3: checked the operator/municipal source where available and searched Japanese facility name with 2025-26, 営業, 休業, 廃止, 閉鎖. Downgraded after source audit: no operator or municipal 2026-27 operating notice for Joetsu Kokusai was located. No additional dated authoritative notice established operation, closure, merger, or rename; generic directories were not relied upon."
"unclear_status_pending_authoritative_evidence","workbook:49","49","Iwappara Ski Resort","岩原スキー場","Niigata","Yuzawa","","","unclear","","http://iwa-ppara.com","https://niigata-kankou.or.jp/ski","2026-08-26","Niigata Prefecture’s official tourism ski page published 2025-26 opening and closing information.

Pass 4: searched municipal facility registers, council/budget notices, operator-company pages, ticket/lift calendars and Japanese terms 廃止/閉鎖/休止/営業終了/統合. Pass 3: checked the operator/municipal source where available and searched Japanese facility name with 2025-26, 営業, 休業, 廃止, 閉鎖. Downgraded after source audit: no operator or municipal page explicitly establishing Iwappara’s 2026-27 operation was located. No additional dated authoritative notice established operation, closure, merger, or rename; generic directories were not relied upon."
"unclear_status_pending_authoritative_evidence","workbook:95","95","Tainai Ski Resort","胎内スキー場","Niigata","Tainai","","","unclear","","https://tainairesort.jp/","https://niigata-kankou.or.jp/ski","2026-08-26","Niigata Prefecture’s official tourism ski page published 2025-26 opening and closing information.

Pass 4: searched municipal facility registers, council/budget notices, operator-company pages, ticket/lift calendars and Japanese terms 廃止/閉鎖/休止/営業終了/統合. Pass 3: checked the operator/municipal source where available and searched Japanese facility name with 2025-26, 営業, 休業, 廃止, 閉鎖. Downgraded after source audit: no operator or municipal 2026-27 operating notice for Tainai was located. No additional dated authoritative notice established operation, closure, merger, or rename; generic directories were not relied upon."
"unclear_status_pending_authoritative_evidence","workbook:96","96","Muikamachi Hakkaisan Ski Resort","六日町八海山スキー場","Niigata","Minami-Uonuma","","","unclear","","https://www.princehotels.com/en/ski/hakkaisan/","https://niigata-kankou.or.jp/ski","2026-08-26","Niigata Prefecture’s official tourism ski page published 2025-26 opening and closing information.

Pass 4: searched municipal facility registers, council/budget notices, operator-company pages, ticket/lift calendars and Japanese terms 廃止/閉鎖/休止/営業終了/統合. Pass 3: checked the operator/municipal source where available and searched Japanese facility name with 2025-26, 営業, 休業, 廃止, 閉鎖. Downgraded after source audit: no operator page explicitly establishing Muikamachi Hakkaisan’s 2026-27 operation was located. No additional dated authoritative notice established operation, closure, merger, or rename; generic directories were not relied upon."
"unclear_status_pending_authoritative_evidence","workbook:105","105","Kandatsu Snow Resort","神立スノーリゾート","Niigata","Gosen","","","unclear","","https://www.kandatsu.com/","https://niigata-kankou.or.jp/ski","2026-08-26","Niigata Prefecture’s official tourism ski page published 2025-26 opening and closing information.

Pass 4: searched municipal facility registers, council/budget notices, operator-company pages, ticket/lift calendars and Japanese terms 廃止/閉鎖/休止/営業終了/統合. Pass 3: checked the operator/municipal source where available and searched Japanese facility name with 2025-26, 営業, 休業, 廃止, 閉鎖. Downgraded after source audit: no operator or municipal 2026-27 operating notice for Kandatsu was located. No additional dated authoritative notice established operation, closure, merger, or rename; generic directories were not relied upon."
"unclear_status_pending_authoritative_evidence","workbook:118","118","NASPA Ski Garden","NASPAスキーガーデン","Niigata","Yuzawa","","","unclear","","https://www.naspanewotani.com/ski-introduction/","https://niigata-kankou.or.jp/ski","2026-08-26","Niigata Prefecture’s official tourism ski page published 2025-26 opening and closing information.

Pass 4: searched municipal facility registers, council/budget notices, operator-company pages, ticket/lift calendars and Japanese terms 廃止/閉鎖/休止/営業終了/統合. Pass 3: checked the operator/municipal source where available and searched Japanese facility name with 2025-26, 営業, 休業, 廃止, 閉鎖. Downgraded after source audit: no operator page explicitly establishing NASPA Ski Garden’s 2026-27 operation was located. No additional dated authoritative notice established operation, closure, merger, or rename; generic directories were not relied upon."
"unclear_status_pending_authoritative_evidence","workbook:127","127","New Greenpia Tsunan Ski Resort","ニュー・グリーンピア","Niigata","Tsunan","","","unclear","","https://new-greenpia.com/","https://niigata-kankou.or.jp/ski","2026-08-26","Niigata Prefecture’s official tourism ski page published 2025-26 opening and closing information.

Pass 4: searched municipal facility registers, council/budget notices, operator-company pages, ticket/lift calendars and Japanese terms 廃止/閉鎖/休止/営業終了/統合. Pass 3: checked the operator/municipal source where available and searched Japanese facility name with 2025-26, 営業, 休業, 廃止, 閉鎖. Downgraded after source audit: no operator or municipal 2026-27 operating notice for New Greenpia Tsunan was located. No additional dated authoritative notice established operation, closure, merger, or rename; generic directories were not relied upon."
"unclear_status_pending_authoritative_evidence","workbook:134","134","Chateau Shiozawa","シャトー塩沢スキー場","Niigata","Minami-Uonuma","","","unclear","","https://chateau-shiozawa.jp","","2026-08-26","No current/recent official season calendar or explicit official closure statement was located. Historical and third-party directory claims were not accepted as operating-status proof.

Pass 4: searched municipal facility registers, council/budget notices, operator-company pages, ticket/lift calendars and Japanese terms 廃止/閉鎖/休止/営業終了/統合. Pass 3: checked the operator/municipal source where available and searched Japanese facility name with 2025-26, 営業, 休業, 廃止, 閉鎖. Searched シャトー塩沢スキー場 + 2025-26/営業 and the operator domain; only third-party seasonal listings surfaced, not an official dated calendar. No additional dated authoritative notice established operation, closure, merger, or rename; generic directories were not relied upon."
"unclear_status_pending_authoritative_evidence","workbook:167","167","Yuzawa Nakazato Snow Resort","湯沢中里スノーリゾート","Niigata","Yuzawa","","","unclear","","https://www.yuzawa-nakazato.com/","https://niigata-kankou.or.jp/ski","2026-08-26","Niigata Prefecture’s official tourism ski page published 2025-26 opening and closing information.

Pass 4: searched municipal facility registers, council/budget notices, operator-company pages, ticket/lift calendars and Japanese terms 廃止/閉鎖/休止/営業終了/統合. Pass 3: checked the operator/municipal source where available and searched Japanese facility name with 2025-26, 営業, 休業, 廃止, 閉鎖. Downgraded after source audit: current season-pass promotion does not establish slope/lift operation, and no explicit 2026-27 operating notice was located. No additional dated authoritative notice established operation, closure, merger, or rename; generic directories were not relied upon."
"unclear_status_pending_authoritative_evidence","workbook:245","245","Koide Ski Resort","小出スキー場","Niigata","Uonuma","","","unclear","","https://www.sp-koide.org/","https://niigata-kankou.or.jp/ski","2026-08-26","Niigata Prefecture’s official tourism ski page published 2025-26 opening and closing information.

Pass 4: searched municipal facility registers, council/budget notices, operator-company pages, ticket/lift calendars and Japanese terms 廃止/閉鎖/休止/営業終了/統合. Pass 3: checked the operator/municipal source where available and searched Japanese facility name with 2025-26, 営業, 休業, 廃止, 閉鎖. Downgraded after source audit: no operator or municipal 2026-27 operating notice for Koide was located. No additional dated authoritative notice established operation, closure, merger, or rename; generic directories were not relied upon."
"unclear_status_pending_authoritative_evidence","workbook:283","283","Kanayasan","金谷山スキー場","Niigata","Tokamachi","","","unclear","missing_official_url","","","2026-08-26","No current/recent official season calendar or explicit official closure statement was located. Historical and third-party directory claims were not accepted as operating-status proof.

Pass 4: searched municipal facility registers, council/budget notices, operator-company pages, ticket/lift calendars and Japanese terms 廃止/閉鎖/休止/営業終了/統合. Pass 3: checked the operator/municipal source where available and searched Japanese facility name with 2025-26, 営業, 休業, 廃止, 閉鎖. Searched 金谷山スキー場 + 2025-26/営業 and Joetsu municipal/tourism pages; no current season page tied unambiguously to this intake row was located. No additional dated authoritative notice established operation, closure, merger, or rename; generic directories were not relied upon."
"unclear_status_pending_authoritative_evidence","workbook:303","303","Ludens Yuzawa","","Niigata","Yuzawa","","","unclear","missing_japanese_name","https://www.ludens-village.com/","","2026-08-26","No current/recent official season calendar or explicit official closure statement was located. Historical and third-party directory claims were not accepted as operating-status proof.

Pass 4: searched municipal facility registers, council/budget notices, operator-company pages, ticket/lift calendars and Japanese terms 廃止/閉鎖/休止/営業終了/統合. Pass 3: checked the operator/municipal source where available and searched Japanese facility name with 2025-26, 営業, 休業, 廃止, 閉鎖. Searched ルーデンス湯沢 + 2025-26/営業/休業 and Yuzawa municipal sources; reachable lodging material is not ski-operation evidence. No additional dated authoritative notice established operation, closure, merger, or rename; generic directories were not relied upon."
"unclear_status_pending_authoritative_evidence","workbook:324","324","Nakazato Snow Wood Ski Resort","湯沢中里スノーリゾート","Niigata","Tokamachi","","","unclear","","https://www.hotel-bismarck.com/?utm_source=Skiresort_de&utm_medium=cpc&utm_campaign=Skiresort_de","https://niigata-kankou.or.jp/ski","2026-08-26","Niigata Prefecture’s official tourism ski page published 2025-26 opening and closing information.

Pass 4: searched municipal facility registers, council/budget notices, operator-company pages, ticket/lift calendars and Japanese terms 廃止/閉鎖/休止/営業終了/統合. Pass 3: checked the operator/municipal source where available and searched Japanese facility name with 2025-26, 営業, 休業, 廃止, 閉鎖. Downgraded after source audit: the assigned URL belongs to Yuzawa Nakazato, while no distinct operator or municipal current notice for Nakazato Snow Wood was located. No additional dated authoritative notice established operation, closure, merger, or rename; generic directories were not relied upon."
"unclear_status_pending_authoritative_evidence","workbook:332","332","Muica Snow Resort","ムイカスノーリゾート","Niigata","Tokamachi","","","unclear","","https://www.muikamachi.com","https://niigata-kankou.or.jp/ski","2026-08-26","Niigata Prefecture’s official tourism ski page published 2025-26 opening and closing information.

Pass 4: searched municipal facility registers, council/budget notices, operator-company pages, ticket/lift calendars and Japanese terms 廃止/閉鎖/休止/営業終了/統合. Pass 3: checked the operator/municipal source where available and searched Japanese facility name with 2025-26, 営業, 休業, 廃止, 閉鎖. Downgraded after source audit: the operator says 2026-27 discounts remain under consideration, which does not explicitly establish operation. No additional dated authoritative notice established operation, closure, merger, or rename; generic directories were not relied upon."
"unclear_status_pending_authoritative_evidence","workbook:357","357","Urasa Kokusai","","Niigata","Minamiuonuma","","","unclear","missing_japanese_name; missing_official_url","","","2026-08-26","No current/recent official season calendar or explicit official closure statement was located. Historical and third-party directory claims were not accepted as operating-status proof.

Pass 4: searched municipal facility registers, council/budget notices, operator-company pages, ticket/lift calendars and Japanese terms 廃止/閉鎖/休止/営業終了/統合. Pass 3: checked the operator/municipal source where available and searched Japanese facility name with 2025-26, 営業, 休業, 廃止, 閉鎖. Searched 浦佐国際スキー場 + 営業終了/閉鎖 and Minamiuonuma/Uonuma municipal sources; no authoritative status notice found. No additional dated authoritative notice established operation, closure, merger, or rename; generic directories were not relied upon."
"unclear_status_pending_authoritative_evidence","workbook:401","401","Seki Onsen Ski Resort","関温泉スキー場","Niigata","Myoko","","","unclear","","http://sekionsen.jp/","https://niigata-kankou.or.jp/ski","2026-08-26","Niigata Prefecture’s official tourism ski page published 2025-26 opening and closing information.

Pass 4: searched municipal facility registers, council/budget notices, operator-company pages, ticket/lift calendars and Japanese terms 廃止/閉鎖/休止/営業終了/統合. Pass 3: checked the operator/municipal source where available and searched Japanese facility name with 2025-26, 営業, 休業, 廃止, 閉鎖. Downgraded after source audit: no operator or municipal 2026-27 operating notice for Seki Onsen was located. No additional dated authoritative notice established operation, closure, merger, or rename; generic directories were not relied upon."
"unclear_status_pending_authoritative_evidence","workbook:415","415","Cupid Valley Ski Resort","キューピットバレイ","Niigata","Minamiuonuma","","","unclear","","https://www.yukidaruma-kogen.com/","https://niigata-kankou.or.jp/ski","2026-08-26","Niigata Prefecture’s official tourism ski page published 2025-26 opening and closing information.

Pass 4: searched municipal facility registers, council/budget notices, operator-company pages, ticket/lift calendars and Japanese terms 廃止/閉鎖/休止/営業終了/統合. Pass 3: checked the operator/municipal source where available and searched Japanese facility name with 2025-26, 営業, 休業, 廃止, 閉鎖. Downgraded after source audit: 2026-27 season-pass sales do not establish lift/slope operation, and no explicit operating notice was located. No additional dated authoritative notice established operation, closure, merger, or rename; generic directories were not relied upon."
"unclear_status_pending_authoritative_evidence","workbook:416","416","Tsunan","","Niigata","Tsunan","","","unclear","missing_japanese_name; missing_official_url","","","2026-08-26","No current/recent official season calendar or explicit official closure statement was located. Historical and third-party directory claims were not accepted as operating-status proof.

Pass 4: searched municipal facility registers, council/budget notices, operator-company pages, ticket/lift calendars and Japanese terms 廃止/閉鎖/休止/営業終了/統合. Pass 3: checked the operator/municipal source where available and searched Japanese facility name with 2025-26, 営業, 休業, 廃止, 閉鎖. Searched マウンテンパーク津南スキー場 + 営業終了/休業 and Tsunan municipal sources; no current authoritative statement located. No additional dated authoritative notice established operation, closure, merger, or rename; generic directories were not relied upon."
"unclear_status_pending_authoritative_evidence","workbook:421","421","Apa Resort – Myoko Pine Valley","","Niigata","Myoko","","","unclear","missing_japanese_name","https://www.apahotel.com/ja_ja/myoko/?hotel_id=32726","","2026-08-26","No current/recent official season calendar or explicit official closure statement was located. Historical and third-party directory claims were not accepted as operating-status proof.

Pass 4: searched municipal facility registers, council/budget notices, operator-company pages, ticket/lift calendars and Japanese terms 廃止/閉鎖/休止/営業終了/統合. Pass 3: checked the operator/municipal source where available and searched Japanese facility name with 2025-26, 営業, 休業, 廃止, 閉鎖. Searched APA妙高パインバレー + 営業終了/閉鎖 and APA/Myoko sources; the hotel page does not evidence skiing and no ski-status notice was found. No additional dated authoritative notice established operation, closure, merger, or rename; generic directories were not relied upon."
"unclear_status_pending_authoritative_evidence","workbook:427","427","Ojiya Yamamotoyama Kogen","","Niigata","Ojiya","","","unclear","missing_coordinates; missing_defensible_elevation; missing_japanese_name; missing_official_url","","","2026-08-26","No current/recent official season calendar or explicit official closure statement was located. Historical and third-party directory claims were not accepted as operating-status proof.

Pass 4: searched municipal facility registers, council/budget notices, operator-company pages, ticket/lift calendars and Japanese terms 廃止/閉鎖/休止/営業終了/統合. Pass 3: checked the operator/municipal source where available and searched Japanese facility name with 2025-26, 営業, 休業, 廃止, 閉鎖. Searched 小千谷山本山高原スキー場 + 営業終了/閉鎖 and Ojiya municipal sources; no current authoritative status statement found. No additional dated authoritative notice established operation, closure, merger, or rename; generic directories were not relied upon."
"verified_operating_missing_essentials","workbook:436","436","Ninox Snow Park","ニノックススノーパーク","Niigata","Ojiya","niigata-regional","niigata-regional-shibata","verified_operating","missing_coordinates; missing_defensible_elevation","https://www.ninox.co.jp/","https://www.ninox.co.jp/information/2026-27%e3%82%b7%e3%83%bc%e3%82%ba%e3%83%b3%e3%80%80%e6%97%a9%e5%89%b2%e3%83%aa%e3%83%95%e3%83%88%e5%88%b8%e8%b2%a9%e5%a3%b2%e9%96%8b%e5%a7%8b%ef%bc%81/","2026-08-26","The operator's August 21, 2026 notice announces Ninox-specific 2026-27 lift tickets, gives the sale period and ticket products, and explicitly invites guests to enjoy Ninox this winter. The intake municipality “Ojiya” is inconsistent; the resort is in Shibata City."
"unclear_status_pending_authoritative_evidence","workbook:476","476","Axiom Park","","Niigata","Tokamachi","","","unclear","missing_coordinates; missing_defensible_elevation; missing_japanese_name; missing_official_url","","","2026-08-26","No current/recent official season calendar or explicit official closure statement was located. Historical and third-party directory claims were not accepted as operating-status proof.

Pass 4: searched municipal facility registers, council/budget notices, operator-company pages, ticket/lift calendars and Japanese terms 廃止/閉鎖/休止/営業終了/統合. Pass 3: checked the operator/municipal source where available and searched Japanese facility name with 2025-26, 営業, 休業, 廃止, 閉鎖. Searched アクシオムパーク スキー場 + 営業終了/閉鎖 and Tokamachi municipal sources; no official status notice located. No additional dated authoritative notice established operation, closure, merger, or rename; generic directories were not relied upon."
"unclear_status_pending_authoritative_evidence","workbook:478","478","Kanetsu Kokusai Ohara","","Niigata","Uonuma","","","unclear","missing_coordinates; missing_defensible_elevation; missing_japanese_name; missing_official_url","","","2026-08-26","No current/recent official season calendar or explicit official closure statement was located. Historical and third-party directory claims were not accepted as operating-status proof.

Pass 4: searched municipal facility registers, council/budget notices, operator-company pages, ticket/lift calendars and Japanese terms 廃止/閉鎖/休止/営業終了/統合. Pass 3: checked the operator/municipal source where available and searched Japanese facility name with 2025-26, 営業, 休業, 廃止, 閉鎖. Searched 関越国際大原スキー場 + 営業終了/閉鎖 and Uonuma municipal sources; no official status notice located. No additional dated authoritative notice established operation, closure, merger, or rename; generic directories were not relied upon."
"verified_operating_missing_essentials","workbook:496","496","Tochio Family Ski Resort","栃尾ファミリースキー場","Niigata","Nagaoka","niigata-regional","niigata-regional-nagaoka","verified_operating","missing_defensible_elevation","https://www.city.nagaoka.niigata.jp/shisetsu/sports/t-hiroba.html","https://www.city.nagaoka.niigata.jp/shisetsu/sports/t-hiroba.html","2026-08-26","Nagaoka City's official public-facility page identifies the ski area and publishes its winter daytime and night operating schedule. The operator also publishes a 2026 ropeway safety report for the resort's first pair lift."
"unclear_status_pending_authoritative_evidence","workbook:514","514","Oyu Onsen","","Niigata","Uonuma","","","unclear","missing_coordinates; missing_defensible_elevation; missing_japanese_name","https://www.hotel-bismarck.com/?utm_source=Skiresort_de&utm_medium=cpc&utm_campaign=Skiresort_de","","2026-08-26","No current/recent official season calendar or explicit official closure statement was located. Historical and third-party directory claims were not accepted as operating-status proof.

Pass 4: searched municipal facility registers, council/budget notices, operator-company pages, ticket/lift calendars and Japanese terms 廃止/閉鎖/休止/営業終了/統合. Pass 3: checked the operator/municipal source where available and searched Japanese facility name with 2025-26, 営業, 休業, 廃止, 閉鎖. Searched 大湯温泉スキー場 + 営業終了/閉鎖 and Uonuma municipal sources; no current official status statement found. No additional dated authoritative notice established operation, closure, merger, or rename; generic directories were not relied upon."
"unclear_status_pending_authoritative_evidence","workbook:523","523","Yasuda Chomin","","Niigata","Agano","","","unclear","missing_coordinates; missing_defensible_elevation; missing_japanese_name; missing_official_url","","","2026-08-26","No current/recent official season calendar or explicit official closure statement was located. Historical and third-party directory claims were not accepted as operating-status proof.

Pass 4: searched municipal facility registers, council/budget notices, operator-company pages, ticket/lift calendars and Japanese terms 廃止/閉鎖/休止/営業終了/統合. Pass 3: checked the operator/municipal source where available and searched Japanese facility name with 2025-26, 営業, 休業, 廃止, 閉鎖. Searched 安田町民スキー場 + 営業終了/閉鎖 and Agano municipal sources; no current official status statement found. No additional dated authoritative notice established operation, closure, merger, or rename; generic directories were not relied upon."
"unclear_status_pending_authoritative_evidence","workbook:524","524","Tsunogami","","Niigata","Agano","","","unclear","missing_coordinates; missing_defensible_elevation; missing_japanese_name; missing_official_url","","","2026-08-26","No current/recent official season calendar or explicit official closure statement was located. Historical and third-party directory claims were not accepted as operating-status proof.

Pass 4: searched municipal facility registers, council/budget notices, operator-company pages, ticket/lift calendars and Japanese terms 廃止/閉鎖/休止/営業終了/統合. Pass 3: checked the operator/municipal source where available and searched Japanese facility name with 2025-26, 営業, 休業, 廃止, 閉鎖. Searched 角神スキー場 + 営業終了/閉鎖 and Aga/Agano municipal sources; no current authoritative status notice found. No additional dated authoritative notice established operation, closure, merger, or rename; generic directories were not relied upon."
"unclear_status_pending_authoritative_evidence","workbook:557","557","Yakeyama Onsen","","Niigata","Tokamachi","","","unclear","missing_coordinates; missing_defensible_elevation; missing_japanese_name; missing_official_url","","","2026-08-26","No current/recent official season calendar or explicit official closure statement was located. Historical and third-party directory claims were not accepted as operating-status proof.

Pass 4: searched municipal facility registers, council/budget notices, operator-company pages, ticket/lift calendars and Japanese terms 廃止/閉鎖/休止/営業終了/統合. Pass 3: checked the operator/municipal source where available and searched Japanese facility name with 2025-26, 営業, 休業, 廃止, 閉鎖. Searched 焼山温泉スキー場 + 営業終了/閉鎖 and Itoigawa municipal sources; no current authoritative status notice found. No additional dated authoritative notice established operation, closure, merger, or rename; generic directories were not relied upon."
"unclear_status_pending_authoritative_evidence","workbook:235","235","Kujyumachi","","Oita","Kusu","","","unclear","missing_coordinates; missing_defensible_elevation; missing_japanese_name","https://dive-hiroshima.com/feature/ski/","","2026-08-26","The intake name could not be defensibly matched to a currently operating official ski-area identity; it may refer to Kuju Forest Park Skiing Ground, but the match is not exact.

Pass 4: Rechecked Oita/Kuju government sport-facility sources and operator terms; no exact current ski-area identity or status notice was found."
"unclear_status_pending_authoritative_evidence","workbook:354","354","Shingo Daiichi","神郷第一スキー場","Okayama","Nagi","","","unclear","","https://www.hotel-bismarck.com/?utm_source=Skiresort_de&utm_medium=cpc&utm_campaign=Skiresort_de","","2026-08-26","No official current-season or closure source was captured; third-party historical material was insufficient. Intake Nagi assignment is questionable.

Pass 4: Rechecked Okayama municipal facility/council sources and closure terms; no authoritative status record was found."
"unclear_status_pending_authoritative_evidence","workbook:425","425","Kamihiruzen","","Okayama","Maniwa","","","unclear","missing_japanese_name","http://www.qkamura.or.jp/ski/hiruzen","","2026-08-26","The legacy Kyukamura URL did not provide current official ski operation evidence; no permanent-closure conclusion was made without an authoritative closure source.

Pass 4: Rechecked Kyukamura operator materials and Maniwa public sources; no current ski calendar, ticket notice, or explicit closure source was found."
"unclear_status_pending_authoritative_evidence","workbook:477","477","Ogaya","","Okayama","Maniwa","","","unclear","missing_coordinates; missing_defensible_elevation; missing_japanese_name; missing_official_url","","","2026-08-26","No authoritative current operating, closure, or exact-identity evidence was found.

Pass 4: Rechecked Okayama municipal registers and Ogaya identity variants; no authoritative exact-identity or status evidence was found."
"unclear_status_pending_authoritative_evidence","workbook:392","392","Miinohara","","Shimane","Nita","","","unclear","missing_japanese_name","https://www.kankou-shimane.com/destination/20468","https://www.kankou-shimane.com/destination/20468","2026-08-26","The official prefectural tourism destination page was identified, but no dated current/recent lift operation statement was captured.

Pass 4: Rechecked municipal facility registers and Miinohara identity variants; no authoritative exact-identity or status source was found."
"unclear_status_pending_authoritative_evidence","workbook:422","422","Sanbe Onsen","さんべ温泉スキー場","Shimane","Oda","","","unclear","","https://www.nature-resort.at/willkommen.html?rdpartner=skiresortDE&skd-search-id=skiresortDE","","2026-08-26","No authoritative current operating or closure evidence was found; the candidate URL in source evidence is unrelated.

Pass 4: Rechecked Oda/Shimane municipal records and former-lift sources; no explicit authoritative closure notice for the exact ski-area entity was found."
"unclear_status_pending_authoritative_evidence","workbook:485","485","Goenzan","","Shimane","Oda","","","unclear","missing_coordinates; missing_defensible_elevation; missing_japanese_name; missing_official_url","","","2026-08-26","No authoritative current operating, closure, or exact-identity evidence was found.

Pass 4: Rechecked Shimane municipal facility records and Goenzan variants; no authoritative exact-identity or status evidence was found."
"unclear_status_pending_authoritative_evidence","workbook:488","488","Yunishigawa Onsen","","Tochigi","Nikko","","","unclear","missing_coordinates; missing_defensible_elevation; missing_japanese_name; missing_official_url","","","2026-08-26","Historical sources describe the lift as decommissioned around 2004, but no qualifying official closure source was found; retained as unclear conservatively.

Pass 4: Rechecked Nikko municipal history, facility, and closure materials for Yunishigawa; no explicit official closure notice for the exact ski-area record was found."
"verified_operating_missing_essentials","workbook:489","489","Nikko Yumoto Onsen Ski Area","日光湯元温泉スキー場","Tochigi","Nikko","tochigi-ski-areas","tochigi-nasu-nikko-nikko","verified_operating","missing_coordinates; missing_defensible_elevation","https://www.hotel-bismarck.com/?utm_source=Skiresort_de&utm_medium=cpc&utm_campaign=Skiresort_de","https://www.tochigiji.or.jp/spot/s5827/","2026-08-26","Official Tochigi tourism organization records operation during 2025-26 and an early weather-related close."
"unclear_status_pending_authoritative_evidence","workbook:529","529","Nikko Shobugahama","","Tochigi","Nikko","","","unclear","missing_coordinates; missing_defensible_elevation; missing_japanese_name; missing_official_url","","","2026-08-26","Historical sources report closure in 2006, but this batch did not locate official closure evidence.

Pass 4: Rechecked Nikko municipal history/facility records and closure terminology; no explicit official closure notice for Shobugahama was found."
"unclear_status_pending_authoritative_evidence","workbook:320","320","Daisen – Masumizu Kogen","大山ますみず高原スノーパーク","Tottori","Daisen","","","unclear","","https://www.masumizu.net/ski.html","","2026-08-26","The resort/municipal pages identify the ski facility, but no dated recent operator operating notice was found. It is in Hoki Town.

Pass 4: Rechecked Masumizu operator ticket/calendar pages and Hoki public sources; current facility/lift material does not provide a dated official ski-season notice."
"unclear_status_pending_authoritative_evidence","workbook:350","350","Hanamiyama","","Tottori","Chizu","","","unclear","missing_japanese_name; missing_official_url","","https://www.tottori-guide.jp/806/25840.html","2026-08-26","Absence from the prefecture's current guide is a warning but not proof of closure. The intake Chizu/Daisen assignment could not be reconciled with an official entity.

Pass 4: Rechecked Tottori public facility registers and entity variants; no authoritative exact ski-area identity or status was established."
"verified_operating_missing_essentials","workbook:419","419","Daisen White Resort","だいせんホワイトリゾート","Tottori","Daisen","chugoku-ski-areas","tottori-daisen-daisen","verified_operating","missing_coordinates; missing_defensible_elevation","https://x-project.group/daisen-white-resort/","https://x-project.group/daisen-white-resort/","2026-08-26","The incoming operator's dated May 2026 announcement confirms it began designated management of the named ski area and describes its continuing winter-resort operation."
"unclear_status_pending_authoritative_evidence","workbook:471","471","Tottorishi Azokoen","","Tottori","Tottori","","","unclear","missing_coordinates; missing_defensible_elevation; missing_japanese_name; missing_official_url","","https://www.tottori-guide.jp/806/25840.html","2026-08-26","The name could not be matched to an official current ski area; omission from the current prefectural guide is not alone closure proof.

Pass 4: Rechecked Tottori City park/sport-facility registers and entity variants; no current official ski-area match was found."
"verified_operating_missing_essentials","workbook:463","463","Tonami Yumenotaira Ski Resort","となみ夢の平スキー場","Toyama","Tonami","hokuriku","toyama-tonami-tonami","verified_operating","missing_defensible_elevation","https://ski.yumeno-taira.com/","https://ski.yumeno-taira.com/","2026-08-26","Maintained operator page says the season opened on 24 January and ended on 25 February 2026."
"verified_operating_missing_essentials","workbook:469","469","Unazuki Snow Park","宇奈月スノーパーク","Toyama","Kurobe","hokuriku","hokuriku-kurobe","verified_operating","missing_coordinates; missing_defensible_elevation","https://www.unazuki-snowpark.com/","https://www.unazuki-snowpark.com/2026/03/01/%e5%96%b6%e6%a5%ad%e7%b5%82%e4%ba%86%e3%81%ae%e3%81%8a%e7%9f%a5%e3%82%89%e3%81%9b/","2026-08-26","The operator's dated notice states that Unazuki Snow Park completed its season on March 1, 2026 and expresses its intention to welcome guests next season."
"unclear_status_pending_authoritative_evidence","workbook:480","480","Omu Santa no Mori","","Toyama","Nanto","","","unclear","missing_coordinates; missing_defensible_elevation; missing_japanese_name; missing_official_url","","","2026-08-26","No current/recent official season calendar or explicit official closure statement was located. Historical and third-party directory claims were not accepted as operating-status proof.

Pass 4: searched municipal facility registers, council/budget notices, operator-company pages, ticket/lift calendars and Japanese terms 廃止/閉鎖/休止/営業終了/統合. Pass 3: checked the operator/municipal source where available and searched Japanese facility name with 2025-26, 営業, 休業, 廃止, 閉鎖. Searched オムサンタの森スキー場 + 営業終了/閉鎖 and Nanto municipal sources; no current authoritative status statement found. No additional dated authoritative notice established operation, closure, merger, or rename; generic directories were not relied upon."
"unclear_status_pending_authoritative_evidence","workbook:510","510","Kanjoji","","Toyama","Takaoka","","","unclear","missing_coordinates; missing_defensible_elevation; missing_japanese_name; missing_official_url","","","2026-08-26","No current/recent official season calendar or explicit official closure statement was located. Historical and third-party directory claims were not accepted as operating-status proof.

Pass 4: searched municipal facility registers, council/budget notices, operator-company pages, ticket/lift calendars and Japanese terms 廃止/閉鎖/休止/営業終了/統合. Pass 3: checked the operator/municipal source where available and searched Japanese facility name with 2025-26, 営業, 休業, 廃止, 閉鎖. Searched 閑乗寺スキー場 + 営業終了/閉鎖 and Takaoka/Tonami municipal sources; no authoritative current status notice found. No additional dated authoritative notice established operation, closure, merger, or rename; generic directories were not relied upon."
"unclear_status_pending_authoritative_evidence","workbook:292","292","Nishikawa Chomin","西川町民スキー場","Yamagata","Nishikawa","","","unclear","missing_official_url","","","2026-08-26","No maintained Nishikawa Town operating calendar or explicit closure statement was located; do not infer status from old directory pages.

Pass 4: Fourth pass searched Nishikawa Town facility registers, budgets and notices for 西川町民スキー場. No municipal current operation, temporary closure or abolition record was located."
"unclear_status_pending_authoritative_evidence","workbook:375","375","Shirataka Choei","白鷹町営スキー場","Yamagata","Nishiokitama","","","unclear","missing_official_url","","","2026-08-26","No current Shirataka Town ski operation page or explicit official closure statement was located; historical directory claims were not accepted.

Pass 4: Fourth pass searched Shirataka Town sports-facility registers, budgets and notices for 白鷹町営スキー場. No authoritative current-status record was found."
"unclear_status_pending_authoritative_evidence","workbook:439","439","Kuriko Kokusai","","Yamagata","Murayama","","","unclear","missing_coordinates; missing_defensible_elevation; missing_japanese_name; missing_official_url","","","2026-08-26","Historical sources describe closure, but no official operator or municipal closure source was located in this review, so the status remains unclear under the required evidence standard.

Pass 4: Fourth pass searched Yonezawa City facility and council material for 栗子国際スキー場. Historical closure claims remain unsupported by a primary closure decision."
"verified_operating_missing_essentials","workbook:444","444","Matsuyama Ski Resort","松山スキー場","Yamagata","Nishiokitama","yamagata-regional","yamagata-nishiokitama-nishiokitama","verified_operating","missing_coordinates","http://matuyama-net.com/ski/","http://matuyama-net.com/ski/","2026-08-26","Second pass found the maintained resort/operator page recording the 2025-26 closing date."
"verified_operating_missing_essentials","workbook:459","459","Hanagasa Kogen Ski Resort","花笠高原スキー場","Yamagata","Yamagata","yamagata-regional","yamagata-yamagata-yamagata","verified_operating","missing_defensible_elevation","https://www.city.obanazawa.yamagata.jp/kanko/hanagasa-kogen/","https://www.city.obanazawa.yamagata.jp/kanko/hanagasa-kogen/","2026-08-26","Official Obanazawa City tourism page provided season-specific ski information; intake's Yamagata municipality is inaccurate."
"unclear_status_pending_authoritative_evidence","workbook:460","460","Sun Marina Tamaniwa Ski Park","","Yamagata","Yamagata","","","unclear","missing_coordinates; missing_defensible_elevation; missing_japanese_name; missing_official_url","","","2026-08-26","No maintained official operator or municipal page was found for this exact name; similarly named accommodation or park pages were not treated as proof.

Pass 4: Fourth pass searched Kawanishi Town facility plans and notices for サンマリーナ玉庭スキーパーク. Historical abandonment references were not accepted without a municipal/operator closure record."
"verified_operating_missing_essentials","workbook:493","493","Yokone Ski Resort","横根スキー場","Yamagata","Nishiokitama","yamagata-regional","yamagata-nishiokitama-nishiokitama","verified_operating","missing_defensible_elevation","https://www.siroimori.co.jp/","https://www.siroimori.co.jp/yokone-ski/","2026-08-26","Municipal public-corporation site carried current-season information."
"unclear_status_pending_authoritative_evidence","workbook:541","541","Mogamigawa","","Yamagata","Mogami","","","unclear","missing_coordinates; missing_defensible_elevation; missing_japanese_name; missing_official_url","","","2026-08-26","The raw name and Mogami intake municipality did not resolve to a maintained official ski page; status and precise locality remain unresolved.

Pass 4: Fourth pass searched Shinjo and Mogami government sports-facility records for 最上川スキー場. No authoritative source identified the raw-name facility or its status."
